clip_id,source,threshold,tile_size,activation_rule,halo_tiles,total_tiles,active_tiles,partial_edge_tiles,additional_closure_tiles,pairs_at_or_above_75_percent,pairs_at_or_above_90_percent,full_pressure_pairs,active_tile_ratio,frozen_candidate_ratio,halo_inflation_ratio
c01,raw,0,8,any,0,1272960,998687,0,0,127,98,28,0.7845391842634489,0.21546081573655107,1.0
c01,raw,0,8,any,1,1272960,1134742,0,136055,166,143,80,0.891419997486174,0.10858000251382605,1.1362338750779775
c01,raw,0,8,any,2,1272960,1184376,0,185689,178,165,108,0.9304110105580694,0.0695889894419306,1.1859331301999525
c01,raw,0,8,1_percent,0,1272960,998687,0,0,127,98,28,0.7845391842634489,0.21546081573655107,1.0
c01,raw,0,8,1_percent,1,1272960,1134742,0,136055,166,143,80,0.891419997486174,0.10858000251382605,1.1362338750779775
c01,raw,0,8,1_percent,2,1272960,1184376,0,185689,178,165,108,0.9304110105580694,0.0695889894419306,1.1859331301999525
c01,raw,0,8,5_percent,0,1272960,947266,0,0,113,82,5,0.7441443564605329,0.2558556435394671,1.0
c01,raw,0,8,5_percent,1,1272960,1119581,0,172315,162,137,73,0.8795099610356963,0.12049003896430366,1.1819077218014793
c01,raw,0,8,5_percent,2,1272960,1176633,0,229367,175,163,106,0.9243283371040724,0.07567166289592764,1.242135788680265
c01,raw,0,8,10_percent,0,1272960,900517,0,0,98,72,0,0.707419714680744,0.29258028531925595,1.0
c01,raw,0,8,10_percent,1,1272960,1100766,0,200249,157,129,66,0.8647294494720965,0.1352705505279035,1.222371149017731
c01,raw,0,8,10_percent,2,1272960,1166914,0,266397,173,159,93,0.9166933760683761,0.08330662393162391,1.2958267306447295
c01,raw,0,16,any,0,318240,272009,0,0,155,128,70,0.8547291352438411,0.1452708647561589,1.0
c01,raw,0,16,any,1,318240,299828,0,27819,180,167,122,0.9421442936148818,0.057855706385118166,1.1022723512824943
c01,raw,0,16,any,2,318240,308983,0,36974,197,179,152,0.9709118903971845,0.029088109602815493,1.135929325867894
c01,raw,0,16,1_percent,0,318240,268649,0,0,151,126,67,0.8441710658622423,0.15582893413775767,1.0
c01,raw,0,16,1_percent,1,318240,298998,0,30349,179,167,119,0.9395361990950226,0.06046380090497738,1.1129689669419949
c01,raw,0,16,1_percent,2,318240,308547,0,39898,196,179,152,0.9695418552036199,0.030458144796380093,1.1485134878596235
c01,raw,0,16,5_percent,0,318240,253468,0,0,128,106,62,0.7964680744092508,0.20353192559074917,1.0
c01,raw,0,16,5_percent,1,318240,293457,0,39989,175,160,105,0.9221248114630468,0.07787518853695319,1.1577674499345085
c01,raw,0,16,5_percent,2,318240,305420,0,51952,190,175,134,0.9597159376571142,0.04028406234288584,1.2049647292754904
c01,raw,0,16,10_percent,0,318240,234895,0,0,111,87,51,0.7381064605329312,0.26189353946706884,1.0
c01,raw,0,16,10_percent,1,318240,278432,0,43537,158,134,87,0.8749120160884867,0.12508798391151332,1.1853466442453011
c01,raw,0,16,10_percent,2,318240,294653,0,59758,176,157,109,0.9258829813976873,0.07411701860231268,1.254403031141574
c01,raw,0,32,any,0,79560,72759,0,0,170,160,115,0.9145173453996983,0.08548265460030169,1.0
c01,raw,0,32,any,1,79560,77921,0,5162,201,185,165,0.9793991955756661,0.020600804424333874,1.070946549567751
c01,raw,0,32,any,2,79560,79215,0,6456,204,202,173,0.9956636500754148,0.004336349924585203,1.0887312909743125
c01,raw,0,32,1_percent,0,79560,71267,0,0,169,148,101,0.8957642031171443,0.10423579688285567,1.0
c01,raw,0,32,1_percent,1,79560,77517,0,6250,198,180,156,0.9743212669683258,0.025678733031674228,1.0876983737213577
c01,raw,0,32,1_percent,2,79560,79096,0,7829,204,201,172,0.9941679235796883,0.005832076420311694,1.1098544908583214
c01,raw,0,32,5_percent,0,79560,64857,0,0,135,116,81,0.8151960784313725,0.18480392156862746,1.0
c01,raw,0,32,5_percent,1,79560,73292,0,8435,174,159,118,0.921216691804927,0.07878330819507295,1.1300553525448294
c01,raw,0,32,5_percent,2,79560,76514,0,11657,191,177,143,0.9617144293614882,0.03828557063851179,1.1797338760658063
c01,raw,0,32,10_percent,0,79560,59756,0,0,117,95,68,0.7510809451985923,0.24891905480140775,1.0
c01,raw,0,32,10_percent,1,79560,69467,0,9711,156,134,99,0.873139768728004,0.12686023127199597,1.1625108775687798
c01,raw,0,32,10_percent,2,79560,73986,0,14230,172,159,114,0.9299396681749623,0.07006033182503768,1.2381350826695228
c01,raw,0,64,any,0,21216,20426,2652,0,191,176,158,0.96276395173454,0.03723604826546001,1.0
c01,raw,0,64,any,1,21216,21190,2652,764,204,204,195,0.9987745098039216,0.001225490196078427,1.0374033095074904
c01,raw,0,64,any,2,21216,21216,2652,790,204,204,204,1.0,0.0,1.0386761970038187
c01,raw,0,64,1_percent,0,21216,19713,2652,0,176,164,135,0.9291572398190046,0.07084276018099545,1.0
c01,raw,0,64,1_percent,1,21216,21008,2652,1295,204,195,180,0.9901960784313726,0.009803921568627416,1.0656926901029777
c01,raw,0,64,1_percent,2,21216,21184,2652,1471,204,203,199,0.9984917043740573,0.0015082956259426794,1.0746208086034597
c01,raw,0,64,5_percent,0,21216,17978,2652,0,149,126,99,0.8473793363499246,0.15262066365007543,1.0
c01,raw,0,64,5_percent,1,21216,20184,2652,2206,183,169,142,0.9513574660633484,0.04864253393665163,1.1227055289798642
c01,raw,0,64,5_percent,2,21216,20834,2652,2856,204,184,173,0.9819947209653092,0.018005279034690846,1.158860829903215
c01,raw,0,64,10_percent,0,21216,16552,2652,0,122,102,82,0.7801659125188537,0.2198340874811463,1.0
c01,raw,0,64,10_percent,1,21216,19471,2652,2919,167,147,116,0.9177507541478129,0.08224924585218707,1.1763533107781536
c01,raw,0,64,10_percent,2,21216,20571,2652,4019,204,171,157,0.9695984162895928,0.030401583710407243,1.2428105364910584
c01,raw,1,8,any,0,1272960,816810,0,0,69,47,0,0.6416619532428356,0.3583380467571644,1.0
c01,raw,1,8,any,1,1272960,1057789,0,240979,146,107,29,0.8309679801407742,0.16903201985922578,1.2950245467122097
c01,raw,1,8,any,2,1272960,1144899,0,328089,170,143,60,0.8993990384615385,0.10060096153846154,1.4016711352701363
c01,raw,1,8,1_percent,0,1272960,816810,0,0,69,47,0,0.6416619532428356,0.3583380467571644,1.0
c01,raw,1,8,1_percent,1,1272960,1057789,0,240979,146,107,29,0.8309679801407742,0.16903201985922578,1.2950245467122097
c01,raw,1,8,1_percent,2,1272960,1144899,0,328089,170,143,60,0.8993990384615385,0.10060096153846154,1.4016711352701363
c01,raw,1,8,5_percent,0,1272960,656714,0,0,40,10,0,0.5158952362996481,0.48410476370035194,1.0
c01,raw,1,8,5_percent,1,1272960,910240,0,253526,85,59,3,0.7150578179989945,0.2849421820010055,1.3860523759201113
c01,raw,1,8,5_percent,2,1272960,1026953,0,370239,137,78,30,0.806744123931624,0.19325587606837602,1.5637750984446805
c01,raw,1,8,10_percent,0,1272960,564964,0,0,15,3,0,0.443819130216189,0.556180869783811,1.0
c01,raw,1,8,10_percent,1,1272960,833314,0,268350,62,45,1,0.6546270110608345,0.34537298893916546,1.4749860168081506
c01,raw,1,8,10_percent,2,1272960,960201,0,395237,115,60,5,0.7543057126696833,0.24569428733031673,1.6995790882250905
c01,raw,1,16,any,0,318240,243979,0,0,120,76,14,0.7666509552538965,0.23334904474610352,1.0
c01,raw,1,16,any,1,318240,292571,0,48592,176,156,78,0.9193407491201608,0.08065925087983916,1.1991646822062554
c01,raw,1,16,any,2,318240,306133,0,62154,192,176,119,0.9619563851181498,0.03804361488185015,1.2547514335250165
c01,raw,1,16,1_percent,0,318240,222089,0,0,84,60,4,0.6978663901458019,0.3021336098541981,1.0
c01,raw,1,16,1_percent,1,318240,279201,0,57112,167,127,57,0.877328431372549,0.12267156862745099,1.2571581663207092
c01,raw,1,16,1_percent,2,318240,299915,0,77826,185,169,83,0.9424176721970839,0.057582327802916056,1.3504270810350805
c01,raw,1,16,5_percent,0,318240,181688,0,0,52,32,0,0.5709150326797385,0.42908496732026147,1.0
c01,raw,1,16,5_percent,1,318240,244364,0,62676,124,66,21,0.7678607340372047,0.23213926596279533,1.3449649949363744
c01,raw,1,16,5_percent,2,318240,275185,0,93497,163,125,47,0.8647090246354953,0.13529097536450474,1.5146019549997798
c01,raw,1,16,10_percent,0,318240,151393,0,0,29,6,0,0.4757195827048768,0.5242804172951232,1.0
c01,raw,1,16,10_percent,1,318240,216649,0,65256,83,48,3,0.6807723730517848,0.31922762694821516,1.4310371021117225
c01,raw,1,16,10_percent,2,318240,250290,0,98897,128,83,29,0.7864819004524887,0.21351809954751133,1.653246847608542
c01,raw,1,32,any,0,79560,69405,0,0,162,128,64,0.8723604826546003,0.1276395173453997,1.0
c01,raw,1,32,any,1,79560,77441,0,8036,199,180,141,0.9733660130718954,0.02663398692810459,1.1157841654059506
c01,raw,1,32,any,2,79560,79082,0,9677,204,201,169,0.9939919557566617,0.00600804424333834,1.1394279951012174
c01,raw,1,32,1_percent,0,79560,59402,0,0,111,66,35,0.7466314731020613,0.25336852689793865,1.0
c01,raw,1,32,1_percent,1,79560,73210,0,13808,177,156,77,0.9201860231271995,0.07981397687280045,1.232450085855695
c01,raw,1,32,1_percent,2,79560,77156,0,17754,196,179,126,0.9697838109602815,0.030216189039718455,1.2988788256287667
c01,raw,1,32,5_percent,0,79560,47982,0,0,60,40,3,0.6030920060331825,0.39690799396681753,1.0
c01,raw,1,32,5_percent,1,79560,64030,0,16048,129,97,41,0.8048014077425842,0.19519859225741576,1.3344587553665959
c01,raw,1,32,5_percent,2,79560,71199,0,23217,162,143,67,0.8949095022624435,0.10509049773755652,1.4838689508565712
c01,raw,1,32,10_percent,0,79560,40198,0,0,40,15,1,0.505253896430367,0.494746103569633,1.0
c01,raw,1,32,10_percent,1,79560,57206,0,17008,91,70,21,0.7190296631473102,0.2809703368526898,1.423105627145629
c01,raw,1,32,10_percent,2,79560,65787,0,25589,130,98,48,0.8268853695324283,0.1731146304675717,1.636573958903428
c01,raw,1,64,any,0,21216,20138,2652,0,188,169,123,0.9491892911010558,0.050810708898944235,1.0
c01,raw,1,64,any,1,21216,21177,2652,1039,204,204,194,0.9981617647058824,0.0018382352941176405,1.0515940013904062
c01,raw,1,64,any,2,21216,21216,2652,1078,204,204,204,1.0,0.0,1.0535306385937036
c01,raw,1,64,1_percent,0,21216,17316,2652,0,138,98,58,0.8161764705882353,0.18382352941176472,1.0
c01,raw,1,64,1_percent,1,21216,20311,2652,2995,185,171,142,0.9573435143288085,0.04265648567119151,1.172961422961423
c01,raw,1,64,1_percent,2,21216,20903,2652,3587,204,186,175,0.9852469834087482,0.014753016591251833,1.2071494571494572
c01,raw,1,64,5_percent,0,21216,13844,2652,0,74,54,19,0.652526395173454,0.347473604826546,1.0
c01,raw,1,64,5_percent,1,21216,18384,2652,4540,144,119,75,0.8665158371040724,0.13348416289592757,1.3279399017624964
c01,raw,1,64,5_percent,2,21216,20042,2652,6198,204,152,112,0.9446644042232277,0.05533559577677227,1.4477029760184918
c01,raw,1,64,10_percent,0,21216,11675,2652,0,54,31,4,0.5502922322775264,0.44970776772247356,1.0
c01,raw,1,64,10_percent,1,21216,16719,2652,5044,107,72,56,0.7880373303167421,0.21196266968325794,1.43203426124197
c01,raw,1,64,10_percent,2,21216,19091,2652,7416,195,112,70,0.8998397435897436,0.10016025641025639,1.635203426124197
c01,raw,2,8,any,0,1272960,539737,0,0,5,0,0,0.4240015397184515,0.5759984602815484,1.0
c01,raw,2,8,any,1,1272960,822408,0,282671,65,32,0,0.6460595776772248,0.3539404223227752,1.5237198857962304
c01,raw,2,8,any,2,1272960,963775,0,424038,110,63,2,0.7571133421317244,0.24288665786827557,1.7856381904520164
c01,raw,2,8,1_percent,0,1272960,539737,0,0,5,0,0,0.4240015397184515,0.5759984602815484,1.0
c01,raw,2,8,1_percent,1,1272960,822408,0,282671,65,32,0,0.6460595776772248,0.3539404223227752,1.5237198857962304
c01,raw,2,8,1_percent,2,1272960,963775,0,424038,110,63,2,0.7571133421317244,0.24288665786827557,1.7856381904520164
c01,raw,2,8,5_percent,0,1272960,370830,0,0,0,0,0,0.29131315987933637,0.7086868401206636,1.0
c01,raw,2,8,5_percent,1,1272960,588630,0,217800,20,2,0,0.4624104449472097,0.5375895550527903,1.5873311220775017
c01,raw,2,8,5_percent,2,1272960,702283,0,331453,54,17,0,0.551692904725993,0.44830709527400703,1.8938138769786694
c01,raw,2,8,10_percent,0,1272960,298297,0,0,0,0,0,0.23433336475615887,0.7656666352438412,1.0
c01,raw,2,8,10_percent,1,1272960,501097,0,202800,6,0,0,0.39364709024635497,0.6063529097536451,1.6798593348240176
c01,raw,2,8,10_percent,2,1272960,618796,0,320499,36,5,0,0.48610796882855706,0.513892031171443,2.0744291762907436
c01,raw,2,16,any,0,318240,179094,0,0,45,5,0,0.56276395173454,0.43723604826546003,1.0
c01,raw,2,16,any,1,318240,253779,0,74685,129,75,6,0.7974453242835596,0.20255467571644037,1.4170156454152567
c01,raw,2,16,any,2,318240,285693,0,106599,175,133,35,0.8977281297134239,0.10227187028657614,1.5952125699353412
c01,raw,2,16,1_percent,0,318240,147468,0,0,13,2,0,0.46338612368024135,0.5366138763197587,1.0
c01,raw,2,16,1_percent,1,318240,209873,0,62405,67,49,1,0.6594802664655606,0.34051973353443943,1.423176553557382
c01,raw,2,16,1_percent,2,318240,243428,0,95960,109,68,9,0.7649195575666163,0.23508044243338366,1.6507174437844143
c01,raw,2,16,5_percent,0,318240,104648,0,0,2,0,0,0.32883358471593765,0.6711664152840624,1.0
c01,raw,2,16,5_percent,1,318240,162955,0,58307,40,8,0,0.5120506535947712,0.4879493464052288,1.557172616772418
c01,raw,2,16,5_percent,2,318240,193447,0,88799,58,40,0,0.6078651332327802,0.39213486676721976,1.848549422827001
c01,raw,2,16,10_percent,0,318240,80558,0,0,0,0,0,0.25313599798893915,0.7468640020110608,1.0
c01,raw,2,16,10_percent,1,318240,136624,0,56066,9,2,0,0.4293112116641528,0.5706887883358471,1.6959706050299164
c01,raw,2,16,10_percent,2,318240,171881,0,91323,38,10,0,0.540098667672197,0.45990133232780295,2.13363042776633
c01,raw,2,32,any,0,79560,56408,0,0,88,49,3,0.7089994972347914,0.2910005027652086,1.0
c01,raw,2,32,any,1,79560,73632,0,17224,183,159,58,0.9254901960784314,0.07450980392156858,1.3053467593249184
c01,raw,2,32,any,2,79560,77691,0,21283,199,186,129,0.9765082956259427,0.023491704374057343,1.377304637640051
c01,raw,2,32,1_percent,0,79560,40046,0,0,41,5,0,0.5033433886375063,0.4966566113624937,1.0
c01,raw,2,32,1_percent,1,79560,54990,0,14944,69,61,12,0.6911764705882353,0.3088235294117647,1.3731708535184537
c01,raw,2,32,1_percent,2,79560,63357,0,23311,108,75,47,0.7963423831070889,0.20365761689291106,1.5821055785846276
c01,raw,2,32,5_percent,0,79560,28618,0,0,3,0,0,0.35970336852689794,0.640296631473102,1.0
c01,raw,2,32,5_percent,1,79560,46272,0,17654,42,24,0,0.5815987933634993,0.4184012066365007,1.6168844783003704
c01,raw,2,32,5_percent,2,79560,55701,0,27083,61,45,10,0.7001131221719457,0.29988687782805434,1.9463624292403383
c01,raw,2,32,10_percent,0,79560,21853,0,0,0,0,0,0.2746732026143791,0.7253267973856209,1.0
c01,raw,2,32,10_percent,1,79560,38618,0,16765,12,5,0,0.48539467068878833,0.5146053293112116,1.7671715553928522
c01,raw,2,32,10_percent,2,79560,48664,0,26811,32,16,2,0.6116641528406235,0.3883358471593765,2.226879604630943
c01,raw,2,64,any,0,21216,18287,2652,0,165,109,43,0.8619438159879337,0.13805618401206632,1.0
c01,raw,2,64,any,1,21216,20975,2652,2688,204,195,170,0.9886406485671192,0.011359351432880804,1.1469896647891946
c01,raw,2,64,any,2,21216,21179,2652,2892,204,203,197,0.9982560331825038,0.001743966817496223,1.1581451304205173
c01,raw,2,64,1_percent,0,21216,12350,2652,0,55,31,2,0.5821078431372549,0.41789215686274506,1.0
c01,raw,2,64,1_percent,1,21216,17072,2652,4722,114,68,53,0.8046757164404224,0.19532428355957765,1.3823481781376519
c01,raw,2,64,1_percent,2,21216,19380,2652,7030,204,117,69,0.9134615384615384,0.08653846153846156,1.5692307692307692
c01,raw,2,64,5_percent,0,21216,8514,2652,0,5,3,0,0.4013009049773756,0.5986990950226244,1.0
c01,raw,2,64,5_percent,1,21216,14377,2652,5863,59,27,5,0.6776489441930619,0.3223510558069381,1.6886304909560723
c01,raw,2,64,5_percent,2,21216,17770,2652,9256,173,54,22,0.8375754147812972,0.16242458521870284,2.0871505755226685
c01,raw,2,64,10_percent,0,21216,6214,2652,0,2,0,0,0.2928921568627451,0.7071078431372548,1.0
c01,raw,2,64,10_percent,1,21216,11824,2652,5610,23,5,2,0.557315233785822,0.44268476621417796,1.9028001287415512
c01,raw,2,64,10_percent,2,21216,15589,2652,9375,114,21,5,0.7347756410256411,0.2652243589743589,2.508690054715159
c01,raw,4,8,any,0,1272960,252524,0,0,0,0,0,0.19837543991955756,0.8016245600804425,1.0
c01,raw,4,8,any,1,1272960,408632,0,156108,0,0,0,0.32100930115636,0.67899069884364,1.6181907462261014
c01,raw,4,8,any,2,1272960,495186,0,242662,0,0,0,0.3890035822021116,0.6109964177978884,1.96094628629358
c01,raw,4,8,1_percent,0,1272960,252524,0,0,0,0,0,0.19837543991955756,0.8016245600804425,1.0
c01,raw,4,8,1_percent,1,1272960,408632,0,156108,0,0,0,0.32100930115636,0.67899069884364,1.6181907462261014
c01,raw,4,8,1_percent,2,1272960,495186,0,242662,0,0,0,0.3890035822021116,0.6109964177978884,1.96094628629358
c01,raw,4,8,5_percent,0,1272960,184747,0,0,0,0,0,0.1451318187531423,0.8548681812468577,1.0
c01,raw,4,8,5_percent,1,1272960,323578,0,138831,0,0,0,0.25419337606837605,0.7458066239316239,1.7514655177080007
c01,raw,4,8,5_percent,2,1272960,415871,0,231124,0,0,0,0.326696047008547,0.6733039529914531,2.251029786681245
c01,raw,4,8,10_percent,0,1272960,158755,0,0,0,0,0,0.12471326671694319,0.8752867332830568,1.0
c01,raw,4,8,10_percent,1,1272960,289695,0,130940,0,0,0,0.22757588612368024,0.7724241138763197,1.8247929199080344
c01,raw,4,8,10_percent,2,1272960,381687,0,222932,0,0,0,0.29984210030165914,0.7001578996983409,2.404251834587887
c01,raw,4,16,any,0,318240,86822,0,0,0,0,0,0.2728192559074912,0.7271807440925089,1.0
c01,raw,4,16,any,1,318240,132500,0,45678,0,0,0,0.41635243841126196,0.583647561588738,1.5261108935523255
c01,raw,4,16,any,2,318240,159359,0,72537,2,1,0,0.5007510055304173,0.4992489944695827,1.8354679689479625
c01,raw,4,16,1_percent,0,318240,73957,0,0,0,0,0,0.2323937908496732,0.7676062091503268,1.0
c01,raw,4,16,1_percent,1,318240,120175,0,46218,0,0,0,0.37762380593262945,0.6223761940673705,1.6249307029760536
c01,raw,4,16,1_percent,2,318240,147802,0,73845,0,0,0,0.4644356460532931,0.5355643539467069,1.998485606501075
c01,raw,4,16,5_percent,0,318240,55720,0,0,0,0,0,0.1750879839115133,0.8249120160884866,1.0
c01,raw,4,16,5_percent,1,318240,102712,0,46992,0,0,0,0.3227501256913022,0.6772498743086979,1.843359655419957
c01,raw,4,16,5_percent,2,318240,134192,0,78472,0,0,0,0.4216691804927099,0.57833081950729,2.408327351040919
c01,raw,4,16,10_percent,0,318240,45363,0,0,0,0,0,0.14254336349924585,0.8574566365007541,1.0
c01,raw,4,16,10_percent,1,318240,89709,0,44346,0,0,0,0.28189102564102564,0.7181089743589744,1.9775808478275245
c01,raw,4,16,10_percent,2,318240,122424,0,77061,0,0,0,0.38469079939668177,0.6153092006033183,2.6987633093049403
c01,raw,4,32,any,0,79560,28348,0,0,0,0,0,0.3563097033685269,0.643690296631473,1.0
c01,raw,4,32,any,1,79560,42491,0,14143,6,2,0,0.5340749120160885,0.4659250879839115,1.4989064484266967
c01,raw,4,32,any,2,79560,52757,0,24409,30,6,0,0.6631096028154851,0.33689039718451486,1.861048398476083
c01,raw,4,32,1_percent,0,79560,22627,0,0,0,0,0,0.2844017094017094,0.7155982905982906,1.0
c01,raw,4,32,1_percent,1,79560,37795,0,15168,0,0,0,0.47505027652086473,0.5249497234791353,1.6703495823573606
c01,raw,4,32,1_percent,2,79560,47219,0,24592,4,0,0,0.5935017596782303,0.40649824032176973,2.0868431519865647
c01,raw,4,32,5_percent,0,79560,16589,0,0,0,0,0,0.20850930115636,0.79149069884364,1.0
c01,raw,4,32,5_percent,1,79560,33017,0,16428,0,0,0,0.41499497234791355,0.5850050276520864,1.9902947736451866
c01,raw,4,32,5_percent,2,79560,43529,0,26940,0,0,0,0.5471216691804928,0.45287833081950724,2.6239676894327566
c01,raw,4,32,10_percent,0,79560,12504,0,0,0,0,0,0.15716440422322775,0.8428355957767723,1.0
c01,raw,4,32,10_percent,1,79560,26543,0,14039,0,0,0,0.33362242332830566,0.6663775766716944,2.1227607165706974
c01,raw,4,32,10_percent,2,79560,36594,0,24090,0,0,0,0.4599547511312217,0.5400452488687784,2.9265834932821497
c01,raw,4,64,any,0,21216,9880,2652,0,2,0,0,0.46568627450980393,0.5343137254901961,1.0
c01,raw,4,64,any,1,21216,15584,2652,5704,87,12,3,0.7345399698340875,0.26546003016591246,1.5773279352226721
c01,raw,4,64,any,2,21216,18708,2652,8828,204,86,12,0.8817873303167421,0.11821266968325794,1.8935222672064778
c01,raw,4,64,1_percent,0,21216,7661,2652,0,0,0,0,0.36109539969834087,0.6389046003016592,1.0
c01,raw,4,64,1_percent,1,21216,13382,2652,5721,14,0,0,0.6307503770739065,0.36924962292609353,1.7467693512596267
c01,raw,4,64,1_percent,2,21216,17232,2652,9571,183,7,0,0.8122171945701357,0.18778280542986425,2.249314710873254
c01,raw,4,64,5_percent,0,21216,5037,2652,0,0,0,0,0.2374151583710407,0.7625848416289593,1.0
c01,raw,4,64,5_percent,1,21216,10615,2652,5578,3,0,0,0.500329939668175,0.49967006033182504,2.1074052015088345
c01,raw,4,64,5_percent,2,21216,14591,2652,9554,102,4,0,0.6877356711915535,0.31226432880844646,2.8967639467937265
c01,raw,4,64,10_percent,0,21216,3525,2652,0,0,0,0,0.16614819004524886,0.8338518099547512,1.0
c01,raw,4,64,10_percent,1,21216,8472,2652,4947,0,0,0,0.3993212669683258,0.6006787330316742,2.403404255319149
c01,raw,4,64,10_percent,2,21216,12512,2652,8987,47,0,0,0.5897435897435898,0.41025641025641024,3.5495035460992908
c01,raw,8,8,any,0,1272960,151250,0,0,0,0,0,0.11881755907491201,0.881182440925088,1.0
c01,raw,8,8,any,1,1272960,285781,0,134531,0,0,0,0.224501162644545,0.775498837355455,1.8894611570247934
c01,raw,8,8,any,2,1272960,381597,0,230347,0,0,0,0.2997713989441931,0.700228601055807,2.5229553719008266
c01,raw,8,8,1_percent,0,1272960,151250,0,0,0,0,0,0.11881755907491201,0.881182440925088,1.0
c01,raw,8,8,1_percent,1,1272960,285781,0,134531,0,0,0,0.224501162644545,0.775498837355455,1.8894611570247934
c01,raw,8,8,1_percent,2,1272960,381597,0,230347,0,0,0,0.2997713989441931,0.700228601055807,2.5229553719008266
c01,raw,8,8,5_percent,0,1272960,118460,0,0,0,0,0,0.0930586978381096,0.9069413021618904,1.0
c01,raw,8,8,5_percent,1,1272960,241643,0,123183,0,0,0,0.1898276458019105,0.8101723541980895,2.0398699983116666
c01,raw,8,8,5_percent,2,1272960,335098,0,216638,0,0,0,0.2632431498240322,0.7367568501759678,2.8287860881310145
c01,raw,8,8,10_percent,0,1272960,102169,0,0,0,0,0,0.08026096656611363,0.9197390334338864,1.0
c01,raw,8,8,10_percent,1,1272960,219027,0,116858,0,0,0,0.1720611802413273,0.8279388197586727,2.143771594123462
c01,raw,8,8,10_percent,2,1272960,310944,0,208775,0,0,0,0.2442684766214178,0.7557315233785822,3.0434280456890055
c01,raw,8,16,any,0,318240,56349,0,0,0,0,0,0.17706447963800906,0.8229355203619909,1.0
c01,raw,8,16,any,1,318240,105398,0,49049,0,0,0,0.3311902966314731,0.668809703368527,1.870450229817743
c01,raw,8,16,any,2,318240,137585,0,81236,0,0,0,0.4323309451985923,0.5676690548014077,2.441658237058333
c01,raw,8,16,1_percent,0,318240,49618,0,0,0,0,0,0.15591377576671694,0.8440862242332831,1.0
c01,raw,8,16,1_percent,1,318240,97306,0,47688,0,0,0,0.3057629462041227,0.6942370537958773,1.9611028255874885
c01,raw,8,16,1_percent,2,318240,130526,0,80908,0,0,0,0.41014957264957264,0.5898504273504274,2.6306179209157965
c01,raw,8,16,5_percent,0,318240,38146,0,0,0,0,0,0.11986551030668678,0.8801344896933132,1.0
c01,raw,8,16,5_percent,1,318240,84166,0,46020,0,0,0,0.2644733534439417,0.7355266465560584,2.206417448749541
c01,raw,8,16,5_percent,2,318240,118831,0,80685,0,0,0,0.37340057817998995,0.62659942182001,3.1151627955748964
c01,raw,8,16,10_percent,0,318240,29863,0,0,0,0,0,0.09383798391151332,0.9061620160884867,1.0
c01,raw,8,16,10_percent,1,318240,70737,0,40874,0,0,0,0.222275641025641,0.777724358974359,2.368717141613368
c01,raw,8,16,10_percent,2,318240,103742,0,73879,0,0,0,0.32598667672197085,0.6740133232780292,3.473930951344473
c01,raw,8,32,any,0,79560,20933,0,0,0,0,0,0.2631096028154852,0.7368903971845149,1.0
c01,raw,8,32,any,1,79560,37454,0,16521,0,0,0,0.4707642031171443,0.5292357968828557,1.7892323126164429
c01,raw,8,32,any,2,79560,47051,0,26118,5,0,0,0.5913901458019105,0.4086098541980895,2.2476950269908755
c01,raw,8,32,1_percent,0,79560,16920,0,0,0,0,0,0.21266968325791855,0.7873303167420814,1.0
c01,raw,8,32,1_percent,1,79560,34385,0,17465,0,0,0,0.43218954248366015,0.5678104575163399,2.032210401891253
c01,raw,8,32,1_percent,2,79560,45287,0,28367,0,0,0,0.569218200100553,0.430781799899447,2.676536643026005
c01,raw,8,32,5_percent,0,79560,11674,0,0,0,0,0,0.14673202614379086,0.8532679738562091,1.0
c01,raw,8,32,5_percent,1,79560,27958,0,16284,0,0,0,0.35140774258421315,0.6485922574157869,2.3948946376563303
c01,raw,8,32,5_percent,2,79560,39394,0,27720,0,0,0,0.49514831573655105,0.504851684263449,3.3745074524584546
c01,raw,8,32,10_percent,0,79560,7968,0,0,0,0,0,0.10015082956259427,0.8998491704374058,1.0
c01,raw,8,32,10_percent,1,79560,20044,0,12076,0,0,0,0.2519356460532931,0.7480643539467069,2.515562248995984
c01,raw,8,32,10_percent,2,79560,29825,0,21857,0,0,0,0.3748743086978381,0.6251256913021619,3.743097389558233
c01,raw,8,64,any,0,21216,7968,2652,0,0,0,0,0.3755656108597285,0.6244343891402715,1.0
c01,raw,8,64,any,1,21216,13672,2652,5704,19,0,0,0.6444193061840121,0.3555806938159879,1.715863453815261
c01,raw,8,64,any,2,21216,17455,2652,9487,199,17,0,0.8227281297134238,0.1772718702865762,2.1906375502008033
c01,raw,8,64,1_percent,0,21216,6186,2652,0,0,0,0,0.29157239819004527,0.7084276018099547,1.0
c01,raw,8,64,1_percent,1,21216,12724,2652,6538,6,0,0,0.59973604826546,0.40026395173454,2.0569026834788233
c01,raw,8,64,1_percent,2,21216,16737,2652,10551,151,5,0,0.7888857466063348,0.21111425339366519,2.7056256062075654
c01,raw,8,64,5_percent,0,21216,3370,2652,0,0,0,0,0.15884238310708898,0.841157616892911,1.0
c01,raw,8,64,5_percent,1,21216,8480,2652,5110,0,0,0,0.3996983408748115,0.6003016591251885,2.516320474777448
c01,raw,8,64,5_percent,2,21216,12562,2652,9192,60,0,0,0.5921003016591252,0.4078996983408748,3.7275964391691394
c01,raw,8,64,10_percent,0,21216,2136,2652,0,0,0,0,0.10067873303167421,0.8993212669683258,1.0
c01,raw,8,64,10_percent,1,21216,6108,2652,3972,0,0,0,0.28789592760180993,0.7121040723981901,2.859550561797753
c01,raw,8,64,10_percent,2,21216,10036,2652,7900,20,0,0,0.4730392156862745,0.5269607843137255,4.698501872659176
c01,raw,16,8,any,0,1272960,99042,0,0,0,0,0,0.07780448717948718,0.9221955128205128,1.0
c01,raw,16,8,any,1,1272960,215413,0,116371,0,0,0,0.1692221279537456,0.8307778720462544,2.1749661759657517
c01,raw,16,8,any,2,1272960,307949,0,208907,0,0,0,0.2419156925590749,0.7580843074409251,3.1092768724379556
c01,raw,16,8,1_percent,0,1272960,99042,0,0,0,0,0,0.07780448717948718,0.9221955128205128,1.0
c01,raw,16,8,1_percent,1,1272960,215413,0,116371,0,0,0,0.1692221279537456,0.8307778720462544,2.1749661759657517
c01,raw,16,8,1_percent,2,1272960,307949,0,208907,0,0,0,0.2419156925590749,0.7580843074409251,3.1092768724379556
c01,raw,16,8,5_percent,0,1272960,77110,0,0,0,0,0,0.06057535193564605,0.939424648064354,1.0
c01,raw,16,8,5_percent,1,1272960,183785,0,106675,0,0,0,0.1443760997988939,0.8556239002011061,2.3834133056672284
c01,raw,16,8,5_percent,2,1272960,273312,0,196202,0,0,0,0.21470588235294116,0.7852941176470588,3.5444430035014913
c01,raw,16,8,10_percent,0,1272960,64954,0,0,0,0,0,0.05102595525389643,0.9489740447461036,1.0
c01,raw,16,8,10_percent,1,1272960,164166,0,99212,0,0,0,0.12896398944193063,0.8710360105580693,2.5274194045016474
c01,raw,16,8,10_percent,2,1272960,249803,0,184849,0,0,0,0.19623790221216691,0.803762097787833,3.845844751670413
c01,raw,16,16,any,0,318240,39998,0,0,0,0,0,0.1256850175967823,0.8743149824032177,1.0
c01,raw,16,16,any,1,318240,86865,0,46867,0,0,0,0.2729543740573152,0.7270456259426847,2.171733586679334
c01,raw,16,16,any,2,318240,121333,0,81335,0,0,0,0.38126256913021617,0.6187374308697838,3.033476673833692
c01,raw,16,16,1_percent,0,318240,35498,0,0,0,0,0,0.11154474610356964,0.8884552538964303,1.0
c01,raw,16,16,1_percent,1,318240,81303,0,45805,0,0,0,0.25547699849170435,0.7445230015082956,2.290354386162601
c01,raw,16,16,1_percent,2,318240,115949,0,80451,0,0,0,0.3643445198592257,0.6356554801407743,3.266353033973745
c01,raw,16,16,5_percent,0,318240,26414,0,0,0,0,0,0.08300025138260432,0.9169997486173956,1.0
c01,raw,16,16,5_percent,1,318240,68385,0,41971,0,0,0,0.21488499245852188,0.7851150075414781,2.588967971530249
c01,raw,16,16,5_percent,2,318240,102928,0,76514,0,0,0,0.3234288587229764,0.6765711412770237,3.8967214356023323
c01,raw,16,16,10_percent,0,318240,19088,0,0,0,0,0,0.0599798893916541,0.9400201106083459,1.0
c01,raw,16,16,10_percent,1,318240,53728,0,34640,0,0,0,0.1688285570638512,0.8311714429361488,2.8147527242246437
c01,raw,16,16,10_percent,2,318240,83950,0,64862,0,0,0,0.2637946204122675,0.7362053795877326,4.398051131601006
c01,raw,16,32,any,0,79560,16382,0,0,0,0,0,0.20590749120160884,0.7940925087983912,1.0
c01,raw,16,32,any,1,79560,33999,0,17617,0,0,0,0.42733785822021114,0.5726621417797888,2.0753876205591504
c01,raw,16,32,any,2,79560,45150,0,28768,3,0,0,0.5674962292609351,0.4325037707390649,2.75607373947015
c01,raw,16,32,1_percent,0,79560,13101,0,0,0,0,0,0.1646681749622926,0.8353318250377074,1.0
c01,raw,16,32,1_percent,1,79560,30732,0,17631,0,0,0,0.3862745098039216,0.6137254901960785,2.3457751316693383
c01,raw,16,32,1_percent,2,79560,42285,0,29184,0,0,0,0.5314856711915535,0.46851432880844646,3.2276162125028622
c01,raw,16,32,5_percent,0,79560,8149,0,0,0,0,0,0.10242584213172448,0.8975741578682755,1.0
c01,raw,16,32,5_percent,1,79560,22437,0,14288,0,0,0,0.2820135746606335,0.7179864253393665,2.7533439685851024
c01,raw,16,32,5_percent,2,79560,33349,0,25200,0,0,0,0.4191679235796883,0.5808320764203116,4.092403975947969
c01,raw,16,32,10_percent,0,79560,4882,0,0,0,0,0,0.06136249371543489,0.9386375062845651,1.0
c01,raw,16,32,10_percent,1,79560,13991,0,9109,0,0,0,0.17585470085470087,0.8241452991452991,2.865833674723474
c01,raw,16,32,10_percent,2,79560,22383,0,17501,0,0,0,0.2813348416289593,0.7186651583710407,4.58480131093814
c01,raw,16,64,any,0,21216,6819,2652,0,0,0,0,0.321408371040724,0.6785916289592759,1.0
c01,raw,16,64,any,1,21216,13147,2652,6328,5,0,0,0.6196738310708899,0.3803261689291101,1.927995307229799
c01,raw,16,64,any,2,21216,17073,2652,10254,167,15,0,0.8047228506787331,0.19527714932126694,2.5037395512538496
c01,raw,16,64,1_percent,0,21216,5012,2652,0,0,0,0,0.236236802413273,0.763763197586727,1.0
c01,raw,16,64,1_percent,1,21216,11634,2652,6622,4,0,0,0.5483597285067874,0.4516402714932126,2.32122905027933
c01,raw,16,64,1_percent,2,21216,15772,2652,10760,129,5,0,0.7434012066365008,0.2565987933634992,3.146847565841979
c01,raw,16,64,5_percent,0,21216,2264,2652,0,0,0,0,0.10671191553544494,0.8932880844645551,1.0
c01,raw,16,64,5_percent,1,21216,6524,2652,4260,0,0,0,0.3075037707390649,0.6924962292609351,2.881625441696113
c01,raw,16,64,5_percent,2,21216,10402,2652,8138,28,0,0,0.49029034690799395,0.509709653092006,4.59452296819788
c01,raw,16,64,10_percent,0,21216,1278,2652,0,0,0,0,0.060237556561085974,0.939762443438914,1.0
c01,raw,16,64,10_percent,1,21216,4045,2652,2767,0,0,0,0.19065799396681749,0.8093420060331825,3.1651017214397497
c01,raw,16,64,10_percent,2,21216,6995,2652,5717,13,0,0,0.32970399698340874,0.6702960030165912,5.47339593114241
c01,translation_compensated,0,8,any,0,1272960,998687,0,0,127,98,28,0.7845391842634489,0.21546081573655107,1.0
c01,translation_compensated,0,8,any,1,1272960,1134742,0,136055,166,143,80,0.891419997486174,0.10858000251382605,1.1362338750779775
c01,translation_compensated,0,8,any,2,1272960,1184376,0,185689,178,165,108,0.9304110105580694,0.0695889894419306,1.1859331301999525
c01,translation_compensated,0,8,1_percent,0,1272960,998687,0,0,127,98,28,0.7845391842634489,0.21546081573655107,1.0
c01,translation_compensated,0,8,1_percent,1,1272960,1134742,0,136055,166,143,80,0.891419997486174,0.10858000251382605,1.1362338750779775
c01,translation_compensated,0,8,1_percent,2,1272960,1184376,0,185689,178,165,108,0.9304110105580694,0.0695889894419306,1.1859331301999525
c01,translation_compensated,0,8,5_percent,0,1272960,947266,0,0,113,82,5,0.7441443564605329,0.2558556435394671,1.0
c01,translation_compensated,0,8,5_percent,1,1272960,1119581,0,172315,162,137,73,0.8795099610356963,0.12049003896430366,1.1819077218014793
c01,translation_compensated,0,8,5_percent,2,1272960,1176633,0,229367,175,163,106,0.9243283371040724,0.07567166289592764,1.242135788680265
c01,translation_compensated,0,8,10_percent,0,1272960,900517,0,0,98,72,0,0.707419714680744,0.29258028531925595,1.0
c01,translation_compensated,0,8,10_percent,1,1272960,1100766,0,200249,157,129,66,0.8647294494720965,0.1352705505279035,1.222371149017731
c01,translation_compensated,0,8,10_percent,2,1272960,1166914,0,266397,173,159,93,0.9166933760683761,0.08330662393162391,1.2958267306447295
c01,translation_compensated,0,16,any,0,318240,272009,0,0,155,128,70,0.8547291352438411,0.1452708647561589,1.0
c01,translation_compensated,0,16,any,1,318240,299828,0,27819,180,167,122,0.9421442936148818,0.057855706385118166,1.1022723512824943
c01,translation_compensated,0,16,any,2,318240,308983,0,36974,197,179,152,0.9709118903971845,0.029088109602815493,1.135929325867894
c01,translation_compensated,0,16,1_percent,0,318240,268649,0,0,151,126,67,0.8441710658622423,0.15582893413775767,1.0
c01,translation_compensated,0,16,1_percent,1,318240,298998,0,30349,179,167,119,0.9395361990950226,0.06046380090497738,1.1129689669419949
c01,translation_compensated,0,16,1_percent,2,318240,308547,0,39898,196,179,152,0.9695418552036199,0.030458144796380093,1.1485134878596235
c01,translation_compensated,0,16,5_percent,0,318240,253468,0,0,128,106,62,0.7964680744092508,0.20353192559074917,1.0
c01,translation_compensated,0,16,5_percent,1,318240,293457,0,39989,175,160,105,0.9221248114630468,0.07787518853695319,1.1577674499345085
c01,translation_compensated,0,16,5_percent,2,318240,305420,0,51952,190,175,134,0.9597159376571142,0.04028406234288584,1.2049647292754904
c01,translation_compensated,0,16,10_percent,0,318240,234895,0,0,111,87,51,0.7381064605329312,0.26189353946706884,1.0
c01,translation_compensated,0,16,10_percent,1,318240,278432,0,43537,158,134,87,0.8749120160884867,0.12508798391151332,1.1853466442453011
c01,translation_compensated,0,16,10_percent,2,318240,294653,0,59758,176,157,109,0.9258829813976873,0.07411701860231268,1.254403031141574
c01,translation_compensated,0,32,any,0,79560,72759,0,0,170,160,115,0.9145173453996983,0.08548265460030169,1.0
c01,translation_compensated,0,32,any,1,79560,77921,0,5162,201,185,165,0.9793991955756661,0.020600804424333874,1.070946549567751
c01,translation_compensated,0,32,any,2,79560,79215,0,6456,204,202,173,0.9956636500754148,0.004336349924585203,1.0887312909743125
c01,translation_compensated,0,32,1_percent,0,79560,71267,0,0,169,148,101,0.8957642031171443,0.10423579688285567,1.0
c01,translation_compensated,0,32,1_percent,1,79560,77517,0,6250,198,180,156,0.9743212669683258,0.025678733031674228,1.0876983737213577
c01,translation_compensated,0,32,1_percent,2,79560,79096,0,7829,204,201,172,0.9941679235796883,0.005832076420311694,1.1098544908583214
c01,translation_compensated,0,32,5_percent,0,79560,64857,0,0,135,116,81,0.8151960784313725,0.18480392156862746,1.0
c01,translation_compensated,0,32,5_percent,1,79560,73292,0,8435,174,159,118,0.921216691804927,0.07878330819507295,1.1300553525448294
c01,translation_compensated,0,32,5_percent,2,79560,76514,0,11657,191,177,143,0.9617144293614882,0.03828557063851179,1.1797338760658063
c01,translation_compensated,0,32,10_percent,0,79560,59756,0,0,117,95,68,0.7510809451985923,0.24891905480140775,1.0
c01,translation_compensated,0,32,10_percent,1,79560,69467,0,9711,156,134,99,0.873139768728004,0.12686023127199597,1.1625108775687798
c01,translation_compensated,0,32,10_percent,2,79560,73986,0,14230,172,159,114,0.9299396681749623,0.07006033182503768,1.2381350826695228
c01,translation_compensated,0,64,any,0,21216,20426,2652,0,191,176,158,0.96276395173454,0.03723604826546001,1.0
c01,translation_compensated,0,64,any,1,21216,21190,2652,764,204,204,195,0.9987745098039216,0.001225490196078427,1.0374033095074904
c01,translation_compensated,0,64,any,2,21216,21216,2652,790,204,204,204,1.0,0.0,1.0386761970038187
c01,translation_compensated,0,64,1_percent,0,21216,19713,2652,0,176,164,135,0.9291572398190046,0.07084276018099545,1.0
c01,translation_compensated,0,64,1_percent,1,21216,21008,2652,1295,204,195,180,0.9901960784313726,0.009803921568627416,1.0656926901029777
c01,translation_compensated,0,64,1_percent,2,21216,21184,2652,1471,204,203,199,0.9984917043740573,0.0015082956259426794,1.0746208086034597
c01,translation_compensated,0,64,5_percent,0,21216,17978,2652,0,149,126,99,0.8473793363499246,0.15262066365007543,1.0
c01,translation_compensated,0,64,5_percent,1,21216,20184,2652,2206,183,169,142,0.9513574660633484,0.04864253393665163,1.1227055289798642
c01,translation_compensated,0,64,5_percent,2,21216,20834,2652,2856,204,184,173,0.9819947209653092,0.018005279034690846,1.158860829903215
c01,translation_compensated,0,64,10_percent,0,21216,16552,2652,0,122,102,82,0.7801659125188537,0.2198340874811463,1.0
c01,translation_compensated,0,64,10_percent,1,21216,19471,2652,2919,167,147,116,0.9177507541478129,0.08224924585218707,1.1763533107781536
c01,translation_compensated,0,64,10_percent,2,21216,20571,2652,4019,204,171,157,0.9695984162895928,0.030401583710407243,1.2428105364910584
c01,translation_compensated,1,8,any,0,1272960,816810,0,0,69,47,0,0.6416619532428356,0.3583380467571644,1.0
c01,translation_compensated,1,8,any,1,1272960,1057789,0,240979,146,107,29,0.8309679801407742,0.16903201985922578,1.2950245467122097
c01,translation_compensated,1,8,any,2,1272960,1144899,0,328089,170,143,60,0.8993990384615385,0.10060096153846154,1.4016711352701363
c01,translation_compensated,1,8,1_percent,0,1272960,816810,0,0,69,47,0,0.6416619532428356,0.3583380467571644,1.0
c01,translation_compensated,1,8,1_percent,1,1272960,1057789,0,240979,146,107,29,0.8309679801407742,0.16903201985922578,1.2950245467122097
c01,translation_compensated,1,8,1_percent,2,1272960,1144899,0,328089,170,143,60,0.8993990384615385,0.10060096153846154,1.4016711352701363
c01,translation_compensated,1,8,5_percent,0,1272960,656714,0,0,40,10,0,0.5158952362996481,0.48410476370035194,1.0
c01,translation_compensated,1,8,5_percent,1,1272960,910240,0,253526,85,59,3,0.7150578179989945,0.2849421820010055,1.3860523759201113
c01,translation_compensated,1,8,5_percent,2,1272960,1026953,0,370239,137,78,30,0.806744123931624,0.19325587606837602,1.5637750984446805
c01,translation_compensated,1,8,10_percent,0,1272960,564964,0,0,15,3,0,0.443819130216189,0.556180869783811,1.0
c01,translation_compensated,1,8,10_percent,1,1272960,833314,0,268350,62,45,1,0.6546270110608345,0.34537298893916546,1.4749860168081506
c01,translation_compensated,1,8,10_percent,2,1272960,960201,0,395237,115,60,5,0.7543057126696833,0.24569428733031673,1.6995790882250905
c01,translation_compensated,1,16,any,0,318240,243979,0,0,120,76,14,0.7666509552538965,0.23334904474610352,1.0
c01,translation_compensated,1,16,any,1,318240,292571,0,48592,176,156,78,0.9193407491201608,0.08065925087983916,1.1991646822062554
c01,translation_compensated,1,16,any,2,318240,306133,0,62154,192,176,119,0.9619563851181498,0.03804361488185015,1.2547514335250165
c01,translation_compensated,1,16,1_percent,0,318240,222089,0,0,84,60,4,0.6978663901458019,0.3021336098541981,1.0
c01,translation_compensated,1,16,1_percent,1,318240,279201,0,57112,167,127,57,0.877328431372549,0.12267156862745099,1.2571581663207092
c01,translation_compensated,1,16,1_percent,2,318240,299915,0,77826,185,169,83,0.9424176721970839,0.057582327802916056,1.3504270810350805
c01,translation_compensated,1,16,5_percent,0,318240,181688,0,0,52,32,0,0.5709150326797385,0.42908496732026147,1.0
c01,translation_compensated,1,16,5_percent,1,318240,244364,0,62676,124,66,21,0.7678607340372047,0.23213926596279533,1.3449649949363744
c01,translation_compensated,1,16,5_percent,2,318240,275185,0,93497,163,125,47,0.8647090246354953,0.13529097536450474,1.5146019549997798
c01,translation_compensated,1,16,10_percent,0,318240,151393,0,0,29,6,0,0.4757195827048768,0.5242804172951232,1.0
c01,translation_compensated,1,16,10_percent,1,318240,216649,0,65256,83,48,3,0.6807723730517848,0.31922762694821516,1.4310371021117225
c01,translation_compensated,1,16,10_percent,2,318240,250290,0,98897,128,83,29,0.7864819004524887,0.21351809954751133,1.653246847608542
c01,translation_compensated,1,32,any,0,79560,69405,0,0,162,128,64,0.8723604826546003,0.1276395173453997,1.0
c01,translation_compensated,1,32,any,1,79560,77441,0,8036,199,180,141,0.9733660130718954,0.02663398692810459,1.1157841654059506
c01,translation_compensated,1,32,any,2,79560,79082,0,9677,204,201,169,0.9939919557566617,0.00600804424333834,1.1394279951012174
c01,translation_compensated,1,32,1_percent,0,79560,59402,0,0,111,66,35,0.7466314731020613,0.25336852689793865,1.0
c01,translation_compensated,1,32,1_percent,1,79560,73210,0,13808,177,156,77,0.9201860231271995,0.07981397687280045,1.232450085855695
c01,translation_compensated,1,32,1_percent,2,79560,77156,0,17754,196,179,126,0.9697838109602815,0.030216189039718455,1.2988788256287667
c01,translation_compensated,1,32,5_percent,0,79560,47982,0,0,60,40,3,0.6030920060331825,0.39690799396681753,1.0
c01,translation_compensated,1,32,5_percent,1,79560,64030,0,16048,129,97,41,0.8048014077425842,0.19519859225741576,1.3344587553665959
c01,translation_compensated,1,32,5_percent,2,79560,71199,0,23217,162,143,67,0.8949095022624435,0.10509049773755652,1.4838689508565712
c01,translation_compensated,1,32,10_percent,0,79560,40198,0,0,40,15,1,0.505253896430367,0.494746103569633,1.0
c01,translation_compensated,1,32,10_percent,1,79560,57206,0,17008,91,70,21,0.7190296631473102,0.2809703368526898,1.423105627145629
c01,translation_compensated,1,32,10_percent,2,79560,65787,0,25589,130,98,48,0.8268853695324283,0.1731146304675717,1.636573958903428
c01,translation_compensated,1,64,any,0,21216,20138,2652,0,188,169,123,0.9491892911010558,0.050810708898944235,1.0
c01,translation_compensated,1,64,any,1,21216,21177,2652,1039,204,204,194,0.9981617647058824,0.0018382352941176405,1.0515940013904062
c01,translation_compensated,1,64,any,2,21216,21216,2652,1078,204,204,204,1.0,0.0,1.0535306385937036
c01,translation_compensated,1,64,1_percent,0,21216,17316,2652,0,138,98,58,0.8161764705882353,0.18382352941176472,1.0
c01,translation_compensated,1,64,1_percent,1,21216,20311,2652,2995,185,171,142,0.9573435143288085,0.04265648567119151,1.172961422961423
c01,translation_compensated,1,64,1_percent,2,21216,20903,2652,3587,204,186,175,0.9852469834087482,0.014753016591251833,1.2071494571494572
c01,translation_compensated,1,64,5_percent,0,21216,13844,2652,0,74,54,19,0.652526395173454,0.347473604826546,1.0
c01,translation_compensated,1,64,5_percent,1,21216,18384,2652,4540,144,119,75,0.8665158371040724,0.13348416289592757,1.3279399017624964
c01,translation_compensated,1,64,5_percent,2,21216,20042,2652,6198,204,152,112,0.9446644042232277,0.05533559577677227,1.4477029760184918
c01,translation_compensated,1,64,10_percent,0,21216,11675,2652,0,54,31,4,0.5502922322775264,0.44970776772247356,1.0
c01,translation_compensated,1,64,10_percent,1,21216,16719,2652,5044,107,72,56,0.7880373303167421,0.21196266968325794,1.43203426124197
c01,translation_compensated,1,64,10_percent,2,21216,19091,2652,7416,195,112,70,0.8998397435897436,0.10016025641025639,1.635203426124197
c01,translation_compensated,2,8,any,0,1272960,539737,0,0,5,0,0,0.4240015397184515,0.5759984602815484,1.0
c01,translation_compensated,2,8,any,1,1272960,822408,0,282671,65,32,0,0.6460595776772248,0.3539404223227752,1.5237198857962304
c01,translation_compensated,2,8,any,2,1272960,963775,0,424038,110,63,2,0.7571133421317244,0.24288665786827557,1.7856381904520164
c01,translation_compensated,2,8,1_percent,0,1272960,539737,0,0,5,0,0,0.4240015397184515,0.5759984602815484,1.0
c01,translation_compensated,2,8,1_percent,1,1272960,822408,0,282671,65,32,0,0.6460595776772248,0.3539404223227752,1.5237198857962304
c01,translation_compensated,2,8,1_percent,2,1272960,963775,0,424038,110,63,2,0.7571133421317244,0.24288665786827557,1.7856381904520164
c01,translation_compensated,2,8,5_percent,0,1272960,370830,0,0,0,0,0,0.29131315987933637,0.7086868401206636,1.0
c01,translation_compensated,2,8,5_percent,1,1272960,588630,0,217800,20,2,0,0.4624104449472097,0.5375895550527903,1.5873311220775017
c01,translation_compensated,2,8,5_percent,2,1272960,702283,0,331453,54,17,0,0.551692904725993,0.44830709527400703,1.8938138769786694
c01,translation_compensated,2,8,10_percent,0,1272960,298297,0,0,0,0,0,0.23433336475615887,0.7656666352438412,1.0
c01,translation_compensated,2,8,10_percent,1,1272960,501097,0,202800,6,0,0,0.39364709024635497,0.6063529097536451,1.6798593348240176
c01,translation_compensated,2,8,10_percent,2,1272960,618796,0,320499,36,5,0,0.48610796882855706,0.513892031171443,2.0744291762907436
c01,translation_compensated,2,16,any,0,318240,179094,0,0,45,5,0,0.56276395173454,0.43723604826546003,1.0
c01,translation_compensated,2,16,any,1,318240,253779,0,74685,129,75,6,0.7974453242835596,0.20255467571644037,1.4170156454152567
c01,translation_compensated,2,16,any,2,318240,285693,0,106599,175,133,35,0.8977281297134239,0.10227187028657614,1.5952125699353412
c01,translation_compensated,2,16,1_percent,0,318240,147468,0,0,13,2,0,0.46338612368024135,0.5366138763197587,1.0
c01,translation_compensated,2,16,1_percent,1,318240,209873,0,62405,67,49,1,0.6594802664655606,0.34051973353443943,1.423176553557382
c01,translation_compensated,2,16,1_percent,2,318240,243428,0,95960,109,68,9,0.7649195575666163,0.23508044243338366,1.6507174437844143
c01,translation_compensated,2,16,5_percent,0,318240,104648,0,0,2,0,0,0.32883358471593765,0.6711664152840624,1.0
c01,translation_compensated,2,16,5_percent,1,318240,162955,0,58307,40,8,0,0.5120506535947712,0.4879493464052288,1.557172616772418
c01,translation_compensated,2,16,5_percent,2,318240,193447,0,88799,58,40,0,0.6078651332327802,0.39213486676721976,1.848549422827001
c01,translation_compensated,2,16,10_percent,0,318240,80558,0,0,0,0,0,0.25313599798893915,0.7468640020110608,1.0
c01,translation_compensated,2,16,10_percent,1,318240,136624,0,56066,9,2,0,0.4293112116641528,0.5706887883358471,1.6959706050299164
c01,translation_compensated,2,16,10_percent,2,318240,171881,0,91323,38,10,0,0.540098667672197,0.45990133232780295,2.13363042776633
c01,translation_compensated,2,32,any,0,79560,56408,0,0,88,49,3,0.7089994972347914,0.2910005027652086,1.0
c01,translation_compensated,2,32,any,1,79560,73632,0,17224,183,159,58,0.9254901960784314,0.07450980392156858,1.3053467593249184
c01,translation_compensated,2,32,any,2,79560,77691,0,21283,199,186,129,0.9765082956259427,0.023491704374057343,1.377304637640051
c01,translation_compensated,2,32,1_percent,0,79560,40046,0,0,41,5,0,0.5033433886375063,0.4966566113624937,1.0
c01,translation_compensated,2,32,1_percent,1,79560,54990,0,14944,69,61,12,0.6911764705882353,0.3088235294117647,1.3731708535184537
c01,translation_compensated,2,32,1_percent,2,79560,63357,0,23311,108,75,47,0.7963423831070889,0.20365761689291106,1.5821055785846276
c01,translation_compensated,2,32,5_percent,0,79560,28618,0,0,3,0,0,0.35970336852689794,0.640296631473102,1.0
c01,translation_compensated,2,32,5_percent,1,79560,46272,0,17654,42,24,0,0.5815987933634993,0.4184012066365007,1.6168844783003704
c01,translation_compensated,2,32,5_percent,2,79560,55701,0,27083,61,45,10,0.7001131221719457,0.29988687782805434,1.9463624292403383
c01,translation_compensated,2,32,10_percent,0,79560,21853,0,0,0,0,0,0.2746732026143791,0.7253267973856209,1.0
c01,translation_compensated,2,32,10_percent,1,79560,38618,0,16765,12,5,0,0.48539467068878833,0.5146053293112116,1.7671715553928522
c01,translation_compensated,2,32,10_percent,2,79560,48664,0,26811,32,16,2,0.6116641528406235,0.3883358471593765,2.226879604630943
c01,translation_compensated,2,64,any,0,21216,18287,2652,0,165,109,43,0.8619438159879337,0.13805618401206632,1.0
c01,translation_compensated,2,64,any,1,21216,20975,2652,2688,204,195,170,0.9886406485671192,0.011359351432880804,1.1469896647891946
c01,translation_compensated,2,64,any,2,21216,21179,2652,2892,204,203,197,0.9982560331825038,0.001743966817496223,1.1581451304205173
c01,translation_compensated,2,64,1_percent,0,21216,12350,2652,0,55,31,2,0.5821078431372549,0.41789215686274506,1.0
c01,translation_compensated,2,64,1_percent,1,21216,17072,2652,4722,114,68,53,0.8046757164404224,0.19532428355957765,1.3823481781376519
c01,translation_compensated,2,64,1_percent,2,21216,19380,2652,7030,204,117,69,0.9134615384615384,0.08653846153846156,1.5692307692307692
c01,translation_compensated,2,64,5_percent,0,21216,8514,2652,0,5,3,0,0.4013009049773756,0.5986990950226244,1.0
c01,translation_compensated,2,64,5_percent,1,21216,14377,2652,5863,59,27,5,0.6776489441930619,0.3223510558069381,1.6886304909560723
c01,translation_compensated,2,64,5_percent,2,21216,17770,2652,9256,173,54,22,0.8375754147812972,0.16242458521870284,2.0871505755226685
c01,translation_compensated,2,64,10_percent,0,21216,6214,2652,0,2,0,0,0.2928921568627451,0.7071078431372548,1.0
c01,translation_compensated,2,64,10_percent,1,21216,11824,2652,5610,23,5,2,0.557315233785822,0.44268476621417796,1.9028001287415512
c01,translation_compensated,2,64,10_percent,2,21216,15589,2652,9375,114,21,5,0.7347756410256411,0.2652243589743589,2.508690054715159
c01,translation_compensated,4,8,any,0,1272960,252524,0,0,0,0,0,0.19837543991955756,0.8016245600804425,1.0
c01,translation_compensated,4,8,any,1,1272960,408632,0,156108,0,0,0,0.32100930115636,0.67899069884364,1.6181907462261014
c01,translation_compensated,4,8,any,2,1272960,495186,0,242662,0,0,0,0.3890035822021116,0.6109964177978884,1.96094628629358
c01,translation_compensated,4,8,1_percent,0,1272960,252524,0,0,0,0,0,0.19837543991955756,0.8016245600804425,1.0
c01,translation_compensated,4,8,1_percent,1,1272960,408632,0,156108,0,0,0,0.32100930115636,0.67899069884364,1.6181907462261014
c01,translation_compensated,4,8,1_percent,2,1272960,495186,0,242662,0,0,0,0.3890035822021116,0.6109964177978884,1.96094628629358
c01,translation_compensated,4,8,5_percent,0,1272960,184747,0,0,0,0,0,0.1451318187531423,0.8548681812468577,1.0
c01,translation_compensated,4,8,5_percent,1,1272960,323578,0,138831,0,0,0,0.25419337606837605,0.7458066239316239,1.7514655177080007
c01,translation_compensated,4,8,5_percent,2,1272960,415871,0,231124,0,0,0,0.326696047008547,0.6733039529914531,2.251029786681245
c01,translation_compensated,4,8,10_percent,0,1272960,158755,0,0,0,0,0,0.12471326671694319,0.8752867332830568,1.0
c01,translation_compensated,4,8,10_percent,1,1272960,289695,0,130940,0,0,0,0.22757588612368024,0.7724241138763197,1.8247929199080344
c01,translation_compensated,4,8,10_percent,2,1272960,381687,0,222932,0,0,0,0.29984210030165914,0.7001578996983409,2.404251834587887
c01,translation_compensated,4,16,any,0,318240,86822,0,0,0,0,0,0.2728192559074912,0.7271807440925089,1.0
c01,translation_compensated,4,16,any,1,318240,132500,0,45678,0,0,0,0.41635243841126196,0.583647561588738,1.5261108935523255
c01,translation_compensated,4,16,any,2,318240,159359,0,72537,2,1,0,0.5007510055304173,0.4992489944695827,1.8354679689479625
c01,translation_compensated,4,16,1_percent,0,318240,73957,0,0,0,0,0,0.2323937908496732,0.7676062091503268,1.0
c01,translation_compensated,4,16,1_percent,1,318240,120175,0,46218,0,0,0,0.37762380593262945,0.6223761940673705,1.6249307029760536
c01,translation_compensated,4,16,1_percent,2,318240,147802,0,73845,0,0,0,0.4644356460532931,0.5355643539467069,1.998485606501075
c01,translation_compensated,4,16,5_percent,0,318240,55720,0,0,0,0,0,0.1750879839115133,0.8249120160884866,1.0
c01,translation_compensated,4,16,5_percent,1,318240,102712,0,46992,0,0,0,0.3227501256913022,0.6772498743086979,1.843359655419957
c01,translation_compensated,4,16,5_percent,2,318240,134192,0,78472,0,0,0,0.4216691804927099,0.57833081950729,2.408327351040919
c01,translation_compensated,4,16,10_percent,0,318240,45363,0,0,0,0,0,0.14254336349924585,0.8574566365007541,1.0
c01,translation_compensated,4,16,10_percent,1,318240,89709,0,44346,0,0,0,0.28189102564102564,0.7181089743589744,1.9775808478275245
c01,translation_compensated,4,16,10_percent,2,318240,122424,0,77061,0,0,0,0.38469079939668177,0.6153092006033183,2.6987633093049403
c01,translation_compensated,4,32,any,0,79560,28348,0,0,0,0,0,0.3563097033685269,0.643690296631473,1.0
c01,translation_compensated,4,32,any,1,79560,42491,0,14143,6,2,0,0.5340749120160885,0.4659250879839115,1.4989064484266967
c01,translation_compensated,4,32,any,2,79560,52757,0,24409,30,6,0,0.6631096028154851,0.33689039718451486,1.861048398476083
c01,translation_compensated,4,32,1_percent,0,79560,22627,0,0,0,0,0,0.2844017094017094,0.7155982905982906,1.0
c01,translation_compensated,4,32,1_percent,1,79560,37795,0,15168,0,0,0,0.47505027652086473,0.5249497234791353,1.6703495823573606
c01,translation_compensated,4,32,1_percent,2,79560,47219,0,24592,4,0,0,0.5935017596782303,0.40649824032176973,2.0868431519865647
c01,translation_compensated,4,32,5_percent,0,79560,16589,0,0,0,0,0,0.20850930115636,0.79149069884364,1.0
c01,translation_compensated,4,32,5_percent,1,79560,33017,0,16428,0,0,0,0.41499497234791355,0.5850050276520864,1.9902947736451866
c01,translation_compensated,4,32,5_percent,2,79560,43529,0,26940,0,0,0,0.5471216691804928,0.45287833081950724,2.6239676894327566
c01,translation_compensated,4,32,10_percent,0,79560,12504,0,0,0,0,0,0.15716440422322775,0.8428355957767723,1.0
c01,translation_compensated,4,32,10_percent,1,79560,26543,0,14039,0,0,0,0.33362242332830566,0.6663775766716944,2.1227607165706974
c01,translation_compensated,4,32,10_percent,2,79560,36594,0,24090,0,0,0,0.4599547511312217,0.5400452488687784,2.9265834932821497
c01,translation_compensated,4,64,any,0,21216,9880,2652,0,2,0,0,0.46568627450980393,0.5343137254901961,1.0
c01,translation_compensated,4,64,any,1,21216,15584,2652,5704,87,12,3,0.7345399698340875,0.26546003016591246,1.5773279352226721
c01,translation_compensated,4,64,any,2,21216,18708,2652,8828,204,86,12,0.8817873303167421,0.11821266968325794,1.8935222672064778
c01,translation_compensated,4,64,1_percent,0,21216,7661,2652,0,0,0,0,0.36109539969834087,0.6389046003016592,1.0
c01,translation_compensated,4,64,1_percent,1,21216,13382,2652,5721,14,0,0,0.6307503770739065,0.36924962292609353,1.7467693512596267
c01,translation_compensated,4,64,1_percent,2,21216,17232,2652,9571,183,7,0,0.8122171945701357,0.18778280542986425,2.249314710873254
c01,translation_compensated,4,64,5_percent,0,21216,5037,2652,0,0,0,0,0.2374151583710407,0.7625848416289593,1.0
c01,translation_compensated,4,64,5_percent,1,21216,10615,2652,5578,3,0,0,0.500329939668175,0.49967006033182504,2.1074052015088345
c01,translation_compensated,4,64,5_percent,2,21216,14591,2652,9554,102,4,0,0.6877356711915535,0.31226432880844646,2.8967639467937265
c01,translation_compensated,4,64,10_percent,0,21216,3525,2652,0,0,0,0,0.16614819004524886,0.8338518099547512,1.0
c01,translation_compensated,4,64,10_percent,1,21216,8472,2652,4947,0,0,0,0.3993212669683258,0.6006787330316742,2.403404255319149
c01,translation_compensated,4,64,10_percent,2,21216,12512,2652,8987,47,0,0,0.5897435897435898,0.41025641025641024,3.5495035460992908
c01,translation_compensated,8,8,any,0,1272960,151250,0,0,0,0,0,0.11881755907491201,0.881182440925088,1.0
c01,translation_compensated,8,8,any,1,1272960,285781,0,134531,0,0,0,0.224501162644545,0.775498837355455,1.8894611570247934
c01,translation_compensated,8,8,any,2,1272960,381597,0,230347,0,0,0,0.2997713989441931,0.700228601055807,2.5229553719008266
c01,translation_compensated,8,8,1_percent,0,1272960,151250,0,0,0,0,0,0.11881755907491201,0.881182440925088,1.0
c01,translation_compensated,8,8,1_percent,1,1272960,285781,0,134531,0,0,0,0.224501162644545,0.775498837355455,1.8894611570247934
c01,translation_compensated,8,8,1_percent,2,1272960,381597,0,230347,0,0,0,0.2997713989441931,0.700228601055807,2.5229553719008266
c01,translation_compensated,8,8,5_percent,0,1272960,118460,0,0,0,0,0,0.0930586978381096,0.9069413021618904,1.0
c01,translation_compensated,8,8,5_percent,1,1272960,241643,0,123183,0,0,0,0.1898276458019105,0.8101723541980895,2.0398699983116666
c01,translation_compensated,8,8,5_percent,2,1272960,335098,0,216638,0,0,0,0.2632431498240322,0.7367568501759678,2.8287860881310145
c01,translation_compensated,8,8,10_percent,0,1272960,102169,0,0,0,0,0,0.08026096656611363,0.9197390334338864,1.0
c01,translation_compensated,8,8,10_percent,1,1272960,219027,0,116858,0,0,0,0.1720611802413273,0.8279388197586727,2.143771594123462
c01,translation_compensated,8,8,10_percent,2,1272960,310944,0,208775,0,0,0,0.2442684766214178,0.7557315233785822,3.0434280456890055
c01,translation_compensated,8,16,any,0,318240,56349,0,0,0,0,0,0.17706447963800906,0.8229355203619909,1.0
c01,translation_compensated,8,16,any,1,318240,105398,0,49049,0,0,0,0.3311902966314731,0.668809703368527,1.870450229817743
c01,translation_compensated,8,16,any,2,318240,137585,0,81236,0,0,0,0.4323309451985923,0.5676690548014077,2.441658237058333
c01,translation_compensated,8,16,1_percent,0,318240,49618,0,0,0,0,0,0.15591377576671694,0.8440862242332831,1.0
c01,translation_compensated,8,16,1_percent,1,318240,97306,0,47688,0,0,0,0.3057629462041227,0.6942370537958773,1.9611028255874885
c01,translation_compensated,8,16,1_percent,2,318240,130526,0,80908,0,0,0,0.41014957264957264,0.5898504273504274,2.6306179209157965
c01,translation_compensated,8,16,5_percent,0,318240,38146,0,0,0,0,0,0.11986551030668678,0.8801344896933132,1.0
c01,translation_compensated,8,16,5_percent,1,318240,84166,0,46020,0,0,0,0.2644733534439417,0.7355266465560584,2.206417448749541
c01,translation_compensated,8,16,5_percent,2,318240,118831,0,80685,0,0,0,0.37340057817998995,0.62659942182001,3.1151627955748964
c01,translation_compensated,8,16,10_percent,0,318240,29863,0,0,0,0,0,0.09383798391151332,0.9061620160884867,1.0
c01,translation_compensated,8,16,10_percent,1,318240,70737,0,40874,0,0,0,0.222275641025641,0.777724358974359,2.368717141613368
c01,translation_compensated,8,16,10_percent,2,318240,103742,0,73879,0,0,0,0.32598667672197085,0.6740133232780292,3.473930951344473
c01,translation_compensated,8,32,any,0,79560,20933,0,0,0,0,0,0.2631096028154852,0.7368903971845149,1.0
c01,translation_compensated,8,32,any,1,79560,37454,0,16521,0,0,0,0.4707642031171443,0.5292357968828557,1.7892323126164429
c01,translation_compensated,8,32,any,2,79560,47051,0,26118,5,0,0,0.5913901458019105,0.4086098541980895,2.2476950269908755
c01,translation_compensated,8,32,1_percent,0,79560,16920,0,0,0,0,0,0.21266968325791855,0.7873303167420814,1.0
c01,translation_compensated,8,32,1_percent,1,79560,34385,0,17465,0,0,0,0.43218954248366015,0.5678104575163399,2.032210401891253
c01,translation_compensated,8,32,1_percent,2,79560,45287,0,28367,0,0,0,0.569218200100553,0.430781799899447,2.676536643026005
c01,translation_compensated,8,32,5_percent,0,79560,11674,0,0,0,0,0,0.14673202614379086,0.8532679738562091,1.0
c01,translation_compensated,8,32,5_percent,1,79560,27958,0,16284,0,0,0,0.35140774258421315,0.6485922574157869,2.3948946376563303
c01,translation_compensated,8,32,5_percent,2,79560,39394,0,27720,0,0,0,0.49514831573655105,0.504851684263449,3.3745074524584546
c01,translation_compensated,8,32,10_percent,0,79560,7968,0,0,0,0,0,0.10015082956259427,0.8998491704374058,1.0
c01,translation_compensated,8,32,10_percent,1,79560,20044,0,12076,0,0,0,0.2519356460532931,0.7480643539467069,2.515562248995984
c01,translation_compensated,8,32,10_percent,2,79560,29825,0,21857,0,0,0,0.3748743086978381,0.6251256913021619,3.743097389558233
c01,translation_compensated,8,64,any,0,21216,7968,2652,0,0,0,0,0.3755656108597285,0.6244343891402715,1.0
c01,translation_compensated,8,64,any,1,21216,13672,2652,5704,19,0,0,0.6444193061840121,0.3555806938159879,1.715863453815261
c01,translation_compensated,8,64,any,2,21216,17455,2652,9487,199,17,0,0.8227281297134238,0.1772718702865762,2.1906375502008033
c01,translation_compensated,8,64,1_percent,0,21216,6186,2652,0,0,0,0,0.29157239819004527,0.7084276018099547,1.0
c01,translation_compensated,8,64,1_percent,1,21216,12724,2652,6538,6,0,0,0.59973604826546,0.40026395173454,2.0569026834788233
c01,translation_compensated,8,64,1_percent,2,21216,16737,2652,10551,151,5,0,0.7888857466063348,0.21111425339366519,2.7056256062075654
c01,translation_compensated,8,64,5_percent,0,21216,3370,2652,0,0,0,0,0.15884238310708898,0.841157616892911,1.0
c01,translation_compensated,8,64,5_percent,1,21216,8480,2652,5110,0,0,0,0.3996983408748115,0.6003016591251885,2.516320474777448
c01,translation_compensated,8,64,5_percent,2,21216,12562,2652,9192,60,0,0,0.5921003016591252,0.4078996983408748,3.7275964391691394
c01,translation_compensated,8,64,10_percent,0,21216,2136,2652,0,0,0,0,0.10067873303167421,0.8993212669683258,1.0
c01,translation_compensated,8,64,10_percent,1,21216,6108,2652,3972,0,0,0,0.28789592760180993,0.7121040723981901,2.859550561797753
c01,translation_compensated,8,64,10_percent,2,21216,10036,2652,7900,20,0,0,0.4730392156862745,0.5269607843137255,4.698501872659176
c01,translation_compensated,16,8,any,0,1272960,99042,0,0,0,0,0,0.07780448717948718,0.9221955128205128,1.0
c01,translation_compensated,16,8,any,1,1272960,215413,0,116371,0,0,0,0.1692221279537456,0.8307778720462544,2.1749661759657517
c01,translation_compensated,16,8,any,2,1272960,307949,0,208907,0,0,0,0.2419156925590749,0.7580843074409251,3.1092768724379556
c01,translation_compensated,16,8,1_percent,0,1272960,99042,0,0,0,0,0,0.07780448717948718,0.9221955128205128,1.0
c01,translation_compensated,16,8,1_percent,1,1272960,215413,0,116371,0,0,0,0.1692221279537456,0.8307778720462544,2.1749661759657517
c01,translation_compensated,16,8,1_percent,2,1272960,307949,0,208907,0,0,0,0.2419156925590749,0.7580843074409251,3.1092768724379556
c01,translation_compensated,16,8,5_percent,0,1272960,77110,0,0,0,0,0,0.06057535193564605,0.939424648064354,1.0
c01,translation_compensated,16,8,5_percent,1,1272960,183785,0,106675,0,0,0,0.1443760997988939,0.8556239002011061,2.3834133056672284
c01,translation_compensated,16,8,5_percent,2,1272960,273312,0,196202,0,0,0,0.21470588235294116,0.7852941176470588,3.5444430035014913
c01,translation_compensated,16,8,10_percent,0,1272960,64954,0,0,0,0,0,0.05102595525389643,0.9489740447461036,1.0
c01,translation_compensated,16,8,10_percent,1,1272960,164166,0,99212,0,0,0,0.12896398944193063,0.8710360105580693,2.5274194045016474
c01,translation_compensated,16,8,10_percent,2,1272960,249803,0,184849,0,0,0,0.19623790221216691,0.803762097787833,3.845844751670413
c01,translation_compensated,16,16,any,0,318240,39998,0,0,0,0,0,0.1256850175967823,0.8743149824032177,1.0
c01,translation_compensated,16,16,any,1,318240,86865,0,46867,0,0,0,0.2729543740573152,0.7270456259426847,2.171733586679334
c01,translation_compensated,16,16,any,2,318240,121333,0,81335,0,0,0,0.38126256913021617,0.6187374308697838,3.033476673833692
c01,translation_compensated,16,16,1_percent,0,318240,35498,0,0,0,0,0,0.11154474610356964,0.8884552538964303,1.0
c01,translation_compensated,16,16,1_percent,1,318240,81303,0,45805,0,0,0,0.25547699849170435,0.7445230015082956,2.290354386162601
c01,translation_compensated,16,16,1_percent,2,318240,115949,0,80451,0,0,0,0.3643445198592257,0.6356554801407743,3.266353033973745
c01,translation_compensated,16,16,5_percent,0,318240,26414,0,0,0,0,0,0.08300025138260432,0.9169997486173956,1.0
c01,translation_compensated,16,16,5_percent,1,318240,68385,0,41971,0,0,0,0.21488499245852188,0.7851150075414781,2.588967971530249
c01,translation_compensated,16,16,5_percent,2,318240,102928,0,76514,0,0,0,0.3234288587229764,0.6765711412770237,3.8967214356023323
c01,translation_compensated,16,16,10_percent,0,318240,19088,0,0,0,0,0,0.0599798893916541,0.9400201106083459,1.0
c01,translation_compensated,16,16,10_percent,1,318240,53728,0,34640,0,0,0,0.1688285570638512,0.8311714429361488,2.8147527242246437
c01,translation_compensated,16,16,10_percent,2,318240,83950,0,64862,0,0,0,0.2637946204122675,0.7362053795877326,4.398051131601006
c01,translation_compensated,16,32,any,0,79560,16382,0,0,0,0,0,0.20590749120160884,0.7940925087983912,1.0
c01,translation_compensated,16,32,any,1,79560,33999,0,17617,0,0,0,0.42733785822021114,0.5726621417797888,2.0753876205591504
c01,translation_compensated,16,32,any,2,79560,45150,0,28768,3,0,0,0.5674962292609351,0.4325037707390649,2.75607373947015
c01,translation_compensated,16,32,1_percent,0,79560,13101,0,0,0,0,0,0.1646681749622926,0.8353318250377074,1.0
c01,translation_compensated,16,32,1_percent,1,79560,30732,0,17631,0,0,0,0.3862745098039216,0.6137254901960785,2.3457751316693383
c01,translation_compensated,16,32,1_percent,2,79560,42285,0,29184,0,0,0,0.5314856711915535,0.46851432880844646,3.2276162125028622
c01,translation_compensated,16,32,5_percent,0,79560,8149,0,0,0,0,0,0.10242584213172448,0.8975741578682755,1.0
c01,translation_compensated,16,32,5_percent,1,79560,22437,0,14288,0,0,0,0.2820135746606335,0.7179864253393665,2.7533439685851024
c01,translation_compensated,16,32,5_percent,2,79560,33349,0,25200,0,0,0,0.4191679235796883,0.5808320764203116,4.092403975947969
c01,translation_compensated,16,32,10_percent,0,79560,4882,0,0,0,0,0,0.06136249371543489,0.9386375062845651,1.0
c01,translation_compensated,16,32,10_percent,1,79560,13991,0,9109,0,0,0,0.17585470085470087,0.8241452991452991,2.865833674723474
c01,translation_compensated,16,32,10_percent,2,79560,22383,0,17501,0,0,0,0.2813348416289593,0.7186651583710407,4.58480131093814
c01,translation_compensated,16,64,any,0,21216,6819,2652,0,0,0,0,0.321408371040724,0.6785916289592759,1.0
c01,translation_compensated,16,64,any,1,21216,13147,2652,6328,5,0,0,0.6196738310708899,0.3803261689291101,1.927995307229799
c01,translation_compensated,16,64,any,2,21216,17073,2652,10254,167,15,0,0.8047228506787331,0.19527714932126694,2.5037395512538496
c01,translation_compensated,16,64,1_percent,0,21216,5012,2652,0,0,0,0,0.236236802413273,0.763763197586727,1.0
c01,translation_compensated,16,64,1_percent,1,21216,11634,2652,6622,4,0,0,0.5483597285067874,0.4516402714932126,2.32122905027933
c01,translation_compensated,16,64,1_percent,2,21216,15772,2652,10760,129,5,0,0.7434012066365008,0.2565987933634992,3.146847565841979
c01,translation_compensated,16,64,5_percent,0,21216,2264,2652,0,0,0,0,0.10671191553544494,0.8932880844645551,1.0
c01,translation_compensated,16,64,5_percent,1,21216,6524,2652,4260,0,0,0,0.3075037707390649,0.6924962292609351,2.881625441696113
c01,translation_compensated,16,64,5_percent,2,21216,10402,2652,8138,28,0,0,0.49029034690799395,0.509709653092006,4.59452296819788
c01,translation_compensated,16,64,10_percent,0,21216,1278,2652,0,0,0,0,0.060237556561085974,0.939762443438914,1.0
c01,translation_compensated,16,64,10_percent,1,21216,4045,2652,2767,0,0,0,0.19065799396681749,0.8093420060331825,3.1651017214397497
c01,translation_compensated,16,64,10_percent,2,21216,6995,2652,5717,13,0,0,0.32970399698340874,0.6702960030165912,5.47339593114241
c02,raw,0,8,any,0,929760,737401,0,0,116,95,0,0.7931089743589743,0.20689102564102568,1.0
c02,raw,0,8,any,1,929760,774525,0,37124,124,117,64,0.8330375580795044,0.16696244192049559,1.050344385212388
c02,raw,0,8,any,2,929760,783756,0,46355,126,122,94,0.8429659266907589,0.15703407330924113,1.0628626758032604
c02,raw,0,8,1_percent,0,929760,737401,0,0,116,95,0,0.7931089743589743,0.20689102564102568,1.0
c02,raw,0,8,1_percent,1,929760,774525,0,37124,124,117,64,0.8330375580795044,0.16696244192049559,1.050344385212388
c02,raw,0,8,1_percent,2,929760,783756,0,46355,126,122,94,0.8429659266907589,0.15703407330924113,1.0628626758032604
c02,raw,0,8,5_percent,0,929760,719690,0,0,115,83,0,0.7740599724660128,0.22594002753398723,1.0
c02,raw,0,8,5_percent,1,929760,771543,0,51853,123,116,55,0.8298302787816211,0.17016972121837892,1.0720490766857953
c02,raw,0,8,5_percent,2,929760,782599,0,62909,126,121,87,0.8417215195319222,0.1582784804680778,1.0874112465089136
c02,raw,0,8,10_percent,0,929760,701121,0,0,110,76,0,0.7540881517811048,0.24591184821889522,1.0
c02,raw,0,8,10_percent,1,929760,768115,0,66994,122,116,47,0.826143305799346,0.17385669420065397,1.0955526934723108
c02,raw,0,8,10_percent,2,929760,781409,0,80288,126,121,83,0.8404416193426261,0.15955838065737393,1.114513757254454
c02,raw,0,16,any,0,232440,190970,0,0,122,115,49,0.8215883668903803,0.17841163310961972,1.0
c02,raw,0,16,any,1,232440,196527,0,5557,126,124,106,0.8454956117707796,0.1545043882292204,1.0290988113316228
c02,raw,0,16,any,2,232440,197625,0,6655,127,126,116,0.8502194114610222,0.1497805885389778,1.0348484055087186
c02,raw,0,16,1_percent,0,232440,190106,0,0,121,114,42,0.8178712786095337,0.18212872139046632,1.0
c02,raw,0,16,1_percent,1,232440,196401,0,6295,126,123,102,0.8449535363964894,0.1550464636035106,1.0331131053201899
c02,raw,0,16,1_percent,2,232440,197594,0,7488,127,126,115,0.8500860437102048,0.1499139562897952,1.039388551650132
c02,raw,0,16,5_percent,0,232440,186420,0,0,120,100,23,0.802013422818792,0.19798657718120805,1.0
c02,raw,0,16,5_percent,1,232440,195774,0,9354,126,122,88,0.8422560660815694,0.15774393391843056,1.0501770196330866
c02,raw,0,16,5_percent,2,232440,197408,0,10988,127,126,112,0.8492858372053003,0.15071416279469974,1.058942173586525
c02,raw,0,16,10_percent,0,232440,181156,0,0,115,86,9,0.7793667182928928,0.22063328170710717,1.0
c02,raw,0,16,10_percent,1,232440,193705,0,12549,125,117,78,0.8333548442608846,0.16664515573911542,1.0692717878513547
c02,raw,0,16,10_percent,2,232440,196477,0,15321,126,124,98,0.8452805024952676,0.15471949750473235,1.0845735167479962
c02,raw,0,32,any,0,58110,48802,0,0,126,121,95,0.839821029082774,0.160178970917226,1.0
c02,raw,0,32,any,1,58110,49459,0,657,127,126,123,0.8511271726036826,0.14887282739631735,1.0134625630097127
c02,raw,0,32,any,2,58110,49519,0,717,127,127,126,0.85215969712614,0.14784030287385996,1.0146920208188188
c02,raw,0,32,1_percent,0,58110,48566,0,0,125,119,82,0.8357597659611082,0.16424023403889176,1.0
c02,raw,0,32,1_percent,1,58110,49447,0,881,127,126,121,0.8509206676991912,0.14907933230080883,1.018140262735247
c02,raw,0,32,1_percent,2,58110,49518,0,952,127,127,126,0.8521424883840991,0.14785751161590088,1.019602190833093
c02,raw,0,32,5_percent,0,58110,47357,0,0,122,110,67,0.8149543968335915,0.1850456031664085,1.0
c02,raw,0,32,5_percent,1,58110,49081,0,1724,126,122,106,0.844622268112201,0.15537773188779902,1.0364043330447452
c02,raw,0,32,5_percent,2,58110,49414,0,2057,127,126,121,0.8503527792118396,0.1496472207881604,1.043436028464641
c02,raw,0,32,10_percent,0,58110,46066,0,0,117,93,48,0.7927379108587163,0.20726208914128375,1.0
c02,raw,0,32,10_percent,1,58110,48604,0,2538,125,120,91,0.8364136981586646,0.16358630184133538,1.055094863890939
c02,raw,0,32,10_percent,2,58110,49229,0,3163,127,124,112,0.8471691619342626,0.15283083806573738,1.0686623540138063
c02,raw,0,64,any,0,15496,13154,1937,0,127,126,117,0.8488642230252968,0.15113577697470315,1.0
c02,raw,0,64,any,1,15496,13208,1937,54,127,127,127,0.8523489932885906,0.1476510067114094,1.0041052151436825
c02,raw,0,64,any,2,15496,13208,1937,54,127,127,127,0.8523489932885906,0.1476510067114094,1.0041052151436825
c02,raw,0,64,1_percent,0,15496,13081,1937,0,126,123,112,0.844153329891585,0.15584667010841502,1.0
c02,raw,0,64,1_percent,1,15496,13202,1937,121,127,127,126,0.8519617965926691,0.14803820340733087,1.0092500573350662
c02,raw,0,64,1_percent,2,15496,13208,1937,127,127,127,127,0.8523489932885906,0.1476510067114094,1.0097087378640777
c02,raw,0,64,5_percent,0,15496,12829,1937,0,123,115,85,0.8278910686628808,0.17210893133711924,1.0
c02,raw,0,64,5_percent,1,15496,13170,1937,341,127,125,121,0.8498967475477542,0.15010325245224576,1.0265804037727024
c02,raw,0,64,5_percent,2,15496,13207,1937,378,127,127,126,0.852284460505937,0.14771553949406302,1.0294644945046378
c02,raw,0,64,10_percent,0,15496,12529,1937,0,120,103,71,0.8085312338668044,0.19146876613319563,1.0
c02,raw,0,64,10_percent,1,15496,13122,1937,593,127,124,115,0.8467991739803821,0.15320082601961793,1.047330193950036
c02,raw,0,64,10_percent,2,15496,13206,1937,677,127,127,126,0.8522199277232835,0.14778007227671652,1.0540346396360443
c02,raw,1,8,any,0,929760,664141,0,0,102,52,0,0.7143144467389434,0.2856855532610566,1.0
c02,raw,1,8,any,1,929760,759032,0,94891,123,114,3,0.8163741180519704,0.18362588194802965,1.1428777925169504
c02,raw,1,8,any,2,929760,778711,0,114570,126,121,48,0.8375397952159697,0.16246020478403034,1.1725085486365094
c02,raw,1,8,1_percent,0,929760,664141,0,0,102,52,0,0.7143144467389434,0.2856855532610566,1.0
c02,raw,1,8,1_percent,1,929760,759032,0,94891,123,114,3,0.8163741180519704,0.18362588194802965,1.1428777925169504
c02,raw,1,8,1_percent,2,929760,778711,0,114570,126,121,48,0.8375397952159697,0.16246020478403034,1.1725085486365094
c02,raw,1,8,5_percent,0,929760,579451,0,0,62,6,0,0.6232264240234039,0.3767735759765961,1.0
c02,raw,1,8,5_percent,1,929760,712902,0,133451,122,74,0,0.7667591636551369,0.23324083634486314,1.2303059275072439
c02,raw,1,8,5_percent,2,929760,754503,0,175052,125,113,3,0.8115029685080021,0.18849703149199792,1.3020997461390178
c02,raw,1,8,10_percent,0,929760,519549,0,0,43,2,0,0.5587990449148167,0.4412009550851833,1.0
c02,raw,1,8,10_percent,1,929760,677183,0,157634,111,54,0,0.7283417225950783,0.27165827740492166,1.3034054535760824
c02,raw,1,8,10_percent,2,929760,731428,0,211879,123,94,0,0.7866847358458097,0.21331526415419033,1.407813315009749
c02,raw,1,16,any,0,232440,183478,0,0,121,95,1,0.7893563930476682,0.21064360695233175,1.0
c02,raw,1,16,any,1,232440,195776,0,12298,126,123,73,0.8422646704525899,0.1577353295474101,1.0670271095172172
c02,raw,1,16,any,2,232440,197485,0,14007,127,126,109,0.8496171054895887,0.1503828945104113,1.0763415777368404
c02,raw,1,16,1_percent,0,232440,176043,0,0,116,69,0,0.7573696437790397,0.2426303562209603,1.0
c02,raw,1,16,1_percent,1,232440,193840,0,17797,126,122,31,0.8339356393047668,0.16606436069523323,1.10109461892833
c02,raw,1,16,1_percent,2,232440,197021,0,20978,127,125,88,0.8476208914128377,0.1523791085871623,1.1191640678697818
c02,raw,1,16,5_percent,0,232440,156844,0,0,84,22,0,0.6747719841679574,0.32522801583204264,1.0
c02,raw,1,16,5_percent,1,232440,184762,0,27918,123,102,1,0.7948803992428154,0.2051196007571846,1.1779985208232384
c02,raw,1,16,5_percent,2,232440,193465,0,36621,126,121,18,0.8323223197384271,0.16767768026157293,1.233486776669812
c02,raw,1,16,10_percent,0,232440,139227,0,0,56,6,0,0.5989803820340733,0.40101961796592667,1.0
c02,raw,1,16,10_percent,1,232440,175238,0,36011,114,72,0,0.7539063844432972,0.24609361555670284,1.258649543551179
c02,raw,1,16,10_percent,2,232440,188337,0,49110,125,111,3,0.8102607124419205,0.18973928755807945,1.3527333060397768
c02,raw,1,32,any,0,58110,48290,0,0,126,118,47,0.8310101531578041,0.16898984684219587,1.0
c02,raw,1,32,any,1,58110,49442,0,1152,127,126,118,0.8508346239889865,0.14916537601101354,1.0238558707807
c02,raw,1,32,any,2,58110,49518,0,1228,127,127,126,0.8521424883840991,0.14785751161590088,1.0254296955891489
c02,raw,1,32,1_percent,0,58110,45809,0,0,122,91,4,0.7883152641541903,0.2116847358458097,1.0
c02,raw,1,32,1_percent,1,58110,49136,0,3327,127,125,84,0.8455687489244537,0.15443125107554634,1.0726276495885088
c02,raw,1,32,1_percent,2,58110,49478,0,3669,127,127,123,0.8514541387024609,0.1485458612975391,1.080093431421773
c02,raw,1,32,5_percent,0,58110,41024,0,0,97,48,0,0.705971433488212,0.294028566511788,1.0
c02,raw,1,32,5_percent,1,58110,47744,0,6720,123,113,26,0.8216141800034418,0.17838581999655823,1.1638065522620904
c02,raw,1,32,5_percent,2,58110,49054,0,8030,127,122,96,0.8441576320770952,0.15584236792290485,1.1957390795631826
c02,raw,1,32,10_percent,0,58110,36800,0,0,69,17,0,0.6332817071072104,0.36671829289278957,1.0
c02,raw,1,32,10_percent,1,58110,45959,0,9159,119,95,3,0.7908965754603339,0.20910342453966613,1.2488858695652174
c02,raw,1,32,10_percent,2,58110,48417,0,11617,125,115,78,0.8331956633970057,0.16680433660299432,1.3156793478260869
c02,raw,1,64,any,0,15496,13135,1937,0,127,125,112,0.8476381001548787,0.15236189984512127,1.0
c02,raw,1,64,any,1,15496,13208,1937,73,127,127,127,0.8523489932885906,0.1476510067114094,1.0055576703464026
c02,raw,1,64,any,2,15496,13208,1937,73,127,127,127,0.8523489932885906,0.1476510067114094,1.0055576703464026
c02,raw,1,64,1_percent,0,15496,12676,1937,0,125,116,43,0.8180175529168818,0.18198244708311817,1.0
c02,raw,1,64,1_percent,1,15496,13183,1937,507,127,126,122,0.8507356737222509,0.1492643262777491,1.0399968444304197
c02,raw,1,64,1_percent,2,15496,13208,1937,532,127,127,127,0.8523489932885906,0.1476510067114094,1.041969075418113
c02,raw,1,64,5_percent,0,15496,11676,1937,0,112,76,1,0.7534847702632937,0.24651522973670625,1.0
c02,raw,1,64,5_percent,1,15496,13067,1937,1391,127,123,106,0.8432498709344347,0.1567501290655653,1.119133264816718
c02,raw,1,64,5_percent,2,15496,13202,1937,1526,127,127,124,0.8519617965926691,0.14803820340733087,1.130695443645084
c02,raw,1,64,10_percent,0,15496,10533,1937,0,86,46,0,0.6797237996902427,0.32027620030975734,1.0
c02,raw,1,64,10_percent,1,15496,12754,1937,2221,125,111,76,0.8230511099638617,0.17694889003613834,1.2108611031994683
c02,raw,1,64,10_percent,2,15496,13135,1937,2602,127,126,112,0.8476381001548787,0.15236189984512127,1.2470331339599354
c02,raw,2,8,any,0,929760,531055,0,0,43,2,0,0.5711742815350198,0.4288257184649802,1.0
c02,raw,2,8,any,1,929760,699929,0,168874,120,64,0,0.7528061004990535,0.2471938995009465,1.3179971942642477
c02,raw,2,8,any,2,929760,750559,0,219504,126,107,0,0.8072610135949062,0.1927389864050938,1.4133357185225637
c02,raw,2,8,1_percent,0,929760,531055,0,0,43,2,0,0.5711742815350198,0.4288257184649802,1.0
c02,raw,2,8,1_percent,1,929760,699929,0,168874,120,64,0,0.7528061004990535,0.2471938995009465,1.3179971942642477
c02,raw,2,8,1_percent,2,929760,750559,0,219504,126,107,0,0.8072610135949062,0.1927389864050938,1.4133357185225637
c02,raw,2,8,5_percent,0,929760,407646,0,0,10,0,0,0.4384421786267424,0.5615578213732576,1.0
c02,raw,2,8,5_percent,1,929760,578177,0,170531,59,14,0,0.6218561779383927,0.37814382206160735,1.4183311010043027
c02,raw,2,8,5_percent,2,929760,656382,0,248736,93,48,0,0.7059692823954569,0.29403071760454313,1.610176476648857
c02,raw,2,8,10_percent,0,929760,354155,0,0,3,0,0,0.3809101273446911,0.6190898726553089,1.0
c02,raw,2,8,10_percent,1,929760,511040,0,156885,38,4,0,0.5496472207881604,0.4503527792118396,1.4429840041789612
c02,raw,2,8,10_percent,2,929760,588657,0,234502,62,21,0,0.6331279039752195,0.36687209602478055,1.6621451059564316
c02,raw,2,16,any,0,232440,162281,0,0,96,36,0,0.6981629667871279,0.30183703321287214,1.0
c02,raw,2,16,any,1,232440,191112,0,28831,126,119,4,0.8221992772328343,0.17780072276716574,1.1776609707852428
c02,raw,2,16,any,2,232440,196560,0,34279,127,125,65,0.8456375838926175,0.15436241610738255,1.2112323685459172
c02,raw,2,16,1_percent,0,232440,145414,0,0,61,10,0,0.6255980037859232,0.37440199621407677,1.0
c02,raw,2,16,1_percent,1,232440,181581,0,36167,123,86,0,0.7811951471347445,0.21880485286525553,1.2487174549905786
c02,raw,2,16,1_percent,2,232440,192476,0,47062,127,117,27,0.8280674582688006,0.17193254173119943,1.323641465058385
c02,raw,2,16,5_percent,0,232440,113514,0,0,19,1,0,0.4883582860092927,0.5116417139907072,1.0
c02,raw,2,16,5_percent,1,232440,152050,0,38536,70,26,0,0.6541473068318706,0.3458526931681294,1.3394823545994328
c02,raw,2,16,5_percent,2,232440,170265,0,56751,102,56,0,0.7325116159008777,0.26748838409912234,1.4999471430836726
c02,raw,2,16,10_percent,0,232440,96997,0,0,7,0,0,0.4172990879366718,0.5827009120633282,1.0
c02,raw,2,16,10_percent,1,232440,135291,0,38294,47,7,0,0.5820469798657718,0.4179530201342282,1.394795715331402
c02,raw,2,16,10_percent,2,232440,155089,0,58092,77,29,0,0.6672216485974876,0.33277835140251244,1.5989051207769311
c02,raw,2,32,any,0,58110,45769,0,0,123,96,1,0.7876269144725521,0.21237308552744794,1.0
c02,raw,2,32,any,1,58110,49328,0,3559,127,126,97,0.8488728273963173,0.1511271726036827,1.0777600559330551
c02,raw,2,32,any,2,58110,49511,0,3742,127,127,124,0.8520220271898125,0.14797797281018754,1.081758395420481
c02,raw,2,32,1_percent,0,58110,38846,0,0,78,31,0,0.6684907933230081,0.3315092066769919,1.0
c02,raw,2,32,1_percent,1,58110,46646,0,7800,125,97,16,0.8027189812424712,0.1972810187575288,1.2007928744272254
c02,raw,2,32,1_percent,2,58110,48699,0,9853,127,122,73,0.8380485286525555,0.16195147134744448,1.2536425886835196
c02,raw,2,32,5_percent,0,58110,30808,0,0,32,3,0,0.5301669247977973,0.46983307520220274,1.0
c02,raw,2,32,5_percent,1,58110,41009,0,10201,92,48,1,0.7057133023575977,0.29428669764240234,1.331115294728642
c02,raw,2,32,5_percent,2,58110,45449,0,14641,123,82,20,0.7821201170194458,0.21787988298055416,1.475233705531031
c02,raw,2,32,10_percent,0,58110,26343,0,0,11,0,0,0.45332989158492515,0.5466701084150749,1.0
c02,raw,2,32,10_percent,1,58110,37420,0,11077,73,21,0,0.6439511271726037,0.3560488728273963,1.4204912120867024
c02,raw,2,32,10_percent,2,58110,42863,0,16520,110,56,8,0.7376183101015316,0.26238168989846844,1.6271115666400942
c02,raw,2,64,any,0,15496,12980,1937,0,127,123,58,0.8376355188435726,0.16236448115642743,1.0
c02,raw,2,64,any,1,15496,13207,1937,227,127,127,126,0.852284460505937,0.14771553949406302,1.01748844375963
c02,raw,2,64,any,2,15496,13208,1937,228,127,127,127,0.8523489932885906,0.1476510067114094,1.0175654853620955
c02,raw,2,64,1_percent,0,15496,11217,1937,0,100,56,0,0.7238642230252968,0.27613577697470315,1.0
c02,raw,2,64,1_percent,1,15496,12965,1937,1748,127,122,84,0.8366675271037687,0.16333247289623132,1.155834893465276
c02,raw,2,64,1_percent,2,15496,13190,1937,1973,127,127,121,0.851187403200826,0.14881259679917402,1.1758937327271106
c02,raw,2,64,5_percent,0,15496,9117,1937,0,56,8,0,0.588345379452762,0.411654620547238,1.0
c02,raw,2,64,5_percent,1,15496,12062,1937,2945,121,82,26,0.7783944243675788,0.22160557563242123,1.3230229242075244
c02,raw,2,64,5_percent,2,15496,12951,1937,3834,126,120,87,0.8357640681466185,0.16423593185338148,1.420533070088845
c02,raw,2,64,10_percent,0,15496,7665,1937,0,28,3,0,0.4946437790397522,0.5053562209602478,1.0
c02,raw,2,64,10_percent,1,15496,11110,1937,3445,102,53,10,0.716959215281363,0.28304078471863703,1.4494455316373125
c02,raw,2,64,10_percent,2,15496,12483,1937,4818,121,103,62,0.8055627258647393,0.19443727413526068,1.6285714285714286
c02,raw,4,8,any,0,929760,335454,0,0,2,0,0,0.3607963345379453,0.6392036654620548,1.0
c02,raw,4,8,any,1,929760,492420,0,156966,24,1,0,0.5296205472379969,0.4703794527620031,1.4679210860505465
c02,raw,4,8,any,2,929760,580148,0,244694,59,10,0,0.6239760798485631,0.37602392015143693,1.7294412944844897
c02,raw,4,8,1_percent,0,929760,335454,0,0,2,0,0,0.3607963345379453,0.6392036654620548,1.0
c02,raw,4,8,1_percent,1,929760,492420,0,156966,24,1,0,0.5296205472379969,0.4703794527620031,1.4679210860505465
c02,raw,4,8,1_percent,2,929760,580148,0,244694,59,10,0,0.6239760798485631,0.37602392015143693,1.7294412944844897
c02,raw,4,8,5_percent,0,929760,278793,0,0,0,0,0,0.2998548012390294,0.7001451987609706,1.0
c02,raw,4,8,5_percent,1,929760,411886,0,133093,6,0,0,0.44300249526759594,0.5569975047324041,1.4773900349004458
c02,raw,4,8,5_percent,2,929760,484901,0,206108,20,1,0,0.5215335140251247,0.4784664859748753,1.7392868544045224
c02,raw,4,8,10_percent,0,929760,251332,0,0,0,0,0,0.27031922216485976,0.7296807778351402,1.0
c02,raw,4,8,10_percent,1,929760,383901,0,132569,3,0,0,0.4129033298915849,0.587096670108415,1.527465662947814
c02,raw,4,8,10_percent,2,929760,453253,0,201921,13,0,0,0.4874946222681122,0.5125053777318878,1.8034034663313865
c02,raw,4,16,any,0,232440,108081,0,0,9,0,0,0.46498451213216313,0.5350154878678368,1.0
c02,raw,4,16,any,1,232440,153768,0,45687,76,22,0,0.6615384615384615,0.3384615384615385,1.4227107447192384
c02,raw,4,16,any,2,232440,176334,0,68253,112,68,1,0.7586215797625193,0.24137842023748068,1.631498598273517
c02,raw,4,16,1_percent,0,232440,96450,0,0,3,0,0,0.41494579246257096,0.585054207537429,1.0
c02,raw,4,16,1_percent,1,232440,136406,0,39956,46,4,0,0.5868439167096885,0.4131560832903115,1.4142664593053396
c02,raw,4,16,1_percent,2,232440,159806,0,63356,88,37,0,0.6875150576492859,0.3124849423507141,1.6568792120269569
c02,raw,4,16,5_percent,0,232440,81767,0,0,1,0,0,0.3517768026157288,0.6482231973842711,1.0
c02,raw,4,16,5_percent,1,232440,117421,0,35654,16,0,0,0.5051669247977972,0.49483307520220277,1.436043880783201
c02,raw,4,16,5_percent,2,232440,137339,0,55572,50,6,0,0.5908578557907417,0.4091421442092583,1.6796384849633714
c02,raw,4,16,10_percent,0,232440,71939,0,0,0,0,0,0.3094949234210979,0.690505076578902,1.0
c02,raw,4,16,10_percent,1,232440,109156,0,37217,10,0,0,0.4696093615556703,0.5303906384443298,1.5173410806377625
c02,raw,4,16,10_percent,2,232440,129933,0,57994,34,3,0,0.5589958699019102,0.4410041300980898,1.8061552148347906
c02,raw,4,32,any,0,58110,34142,0,0,43,3,0,0.5875408707623473,0.4124591292376527,1.0
c02,raw,4,32,any,1,58110,45745,0,11603,123,93,9,0.7872139046635691,0.2127860953364309,1.339845351766153
c02,raw,4,32,any,2,58110,48486,0,14344,127,119,61,0.8343830665978317,0.16561693340216832,1.4201277019506766
c02,raw,4,32,1_percent,0,58110,27704,0,0,10,0,0,0.47675098950266737,0.5232490104973326,1.0
c02,raw,4,32,1_percent,1,58110,38001,0,10297,79,12,0,0.6539494062983996,0.3460505937016004,1.3716791799018193
c02,raw,4,32,1_percent,2,58110,43242,0,15538,115,59,4,0.7441404233350543,0.25585957666494574,1.5608576378862258
c02,raw,4,32,5_percent,0,58110,23257,0,0,4,0,0,0.4002237136465324,0.5997762863534676,1.0
c02,raw,4,32,5_percent,1,58110,34104,0,10847,49,5,0,0.5868869385647909,0.4131130614352091,1.466397213742099
c02,raw,4,32,5_percent,2,58110,39817,0,16560,99,25,1,0.6852004818447771,0.3147995181552229,1.7120436857720256
c02,raw,4,32,10_percent,0,58110,19921,0,0,1,0,0,0.34281535019790055,0.6571846498020995,1.0
c02,raw,4,32,10_percent,1,58110,31310,0,11389,32,3,0,0.5388057133023576,0.4611942866976424,1.571708247577933
c02,raw,4,32,10_percent,2,58110,37546,0,17625,83,17,0,0.6461194286697642,0.35388057133023576,1.8847447417298329
c02,raw,4,64,any,0,15496,11123,1937,0,99,50,1,0.7177981414558596,0.28220185854414037,1.0
c02,raw,4,64,any,1,15496,13047,1937,1924,127,124,93,0.841959215281363,0.15804078471863703,1.1729749168389823
c02,raw,4,64,any,2,15496,13188,1937,2065,127,127,120,0.8510583376355189,0.14894166236448114,1.1856513530522341
c02,raw,4,64,1_percent,0,15496,8423,1937,0,32,3,0,0.5435596282911719,0.4564403717088281,1.0
c02,raw,4,64,1_percent,1,15496,11410,1937,2987,109,56,6,0.7363190500774394,0.26368094992256064,1.354624243143773
c02,raw,4,64,1_percent,2,15496,12647,1937,4224,122,111,54,0.8161461022199277,0.18385389778007233,1.5014840318176421
c02,raw,4,64,5_percent,0,15496,6969,1937,0,12,0,0,0.4497289623128549,0.5502710376871451,1.0
c02,raw,4,64,5_percent,1,15496,10363,1937,3394,94,25,3,0.6687532266391327,0.3312467733608673,1.4870139187831826
c02,raw,4,64,5_percent,2,15496,11945,1937,4976,108,88,15,0.770844088797109,0.22915591120289103,1.7140192280097575
c02,raw,4,64,10_percent,0,15496,5751,1937,0,6,0,0,0.37112803304078473,0.6288719669592153,1.0
c02,raw,4,64,10_percent,1,15496,9447,1937,3696,65,19,0,0.609641197728446,0.39035880227155395,1.6426708398539385
c02,raw,4,64,10_percent,2,15496,11381,1937,5630,101,61,8,0.7344475993804853,0.2655524006195147,1.9789601808381152
c02,raw,8,8,any,0,929760,237036,0,0,0,0,0,0.25494321115126484,0.7450567888487352,1.0
c02,raw,8,8,any,1,929760,372759,0,135723,1,0,0,0.40091959215281364,0.5990804078471863,1.572583911304612
c02,raw,8,8,any,2,929760,448368,0,211332,9,0,0,0.48224057821373256,0.5177594217862674,1.8915607755783932
c02,raw,8,8,1_percent,0,929760,237036,0,0,0,0,0,0.25494321115126484,0.7450567888487352,1.0
c02,raw,8,8,1_percent,1,929760,372759,0,135723,1,0,0,0.40091959215281364,0.5990804078471863,1.572583911304612
c02,raw,8,8,1_percent,2,929760,448368,0,211332,9,0,0,0.48224057821373256,0.5177594217862674,1.8915607755783932
c02,raw,8,8,5_percent,0,929760,199334,0,0,0,0,0,0.21439296162450525,0.7856070383754947,1.0
c02,raw,8,8,5_percent,1,929760,330345,0,131011,0,0,0,0.35530136809499224,0.6446986319050078,1.6572436212587918
c02,raw,8,8,5_percent,2,929760,403382,0,204048,1,0,0,0.4338560488728274,0.5661439511271726,2.023648750338628
c02,raw,8,8,10_percent,0,929760,178122,0,0,0,0,0,0.19157847186370677,0.8084215281362932,1.0
c02,raw,8,8,10_percent,1,929760,307614,0,129492,0,0,0,0.33085312338668044,0.6691468766133195,1.726984875534746
c02,raw,8,8,10_percent,2,929760,380060,0,201938,1,0,0,0.4087721562553777,0.5912278437446223,2.1337061115415277
c02,raw,8,16,any,0,232440,80183,0,0,0,0,0,0.3449621407675099,0.6550378592324901,1.0
c02,raw,8,16,any,1,232440,120033,0,39850,15,0,0,0.5164042333505421,0.4835957666494579,1.496988139630595
c02,raw,8,16,any,2,232440,144752,0,64569,62,5,0,0.622749956978145,0.37725004302185505,1.805270443859671
c02,raw,8,16,1_percent,0,232440,73673,0,0,0,0,0,0.3169549130958527,0.6830450869041473,1.0
c02,raw,8,16,1_percent,1,232440,111929,0,38256,9,0,0,0.4815393219755636,0.5184606780244364,1.5192675742809443
c02,raw,8,16,1_percent,2,232440,134659,0,60986,44,2,0,0.5793279986233006,0.42067200137669936,1.8277930856623186
c02,raw,8,16,5_percent,0,232440,61592,0,0,0,0,0,0.2649802099466529,0.735019790053347,1.0
c02,raw,8,16,5_percent,1,232440,99899,0,38307,2,0,0,0.429784030287386,0.570215969712614,1.6219476555396806
c02,raw,8,16,5_percent,2,232440,122071,0,60479,17,0,0,0.5251720874204096,0.47482791257959045,1.981929471359917
c02,raw,8,16,10_percent,0,232440,52298,0,0,0,0,0,0.22499569781448975,0.7750043021855102,1.0
c02,raw,8,16,10_percent,1,232440,90219,0,37921,1,0,0,0.3881388745482705,0.6118611254517294,1.7250946498910091
c02,raw,8,16,10_percent,2,232440,113080,0,60782,15,0,0,0.4864911374978489,0.5135088625021511,2.162224176832766
c02,raw,8,32,any,0,58110,26224,0,0,4,0,0,0.4512820512820513,0.5487179487179488,1.0
c02,raw,8,32,any,1,58110,38604,0,12380,81,16,0,0.6643262777490966,0.3356737222509034,1.4720866381940207
c02,raw,8,32,any,2,58110,44416,0,18192,120,77,3,0.7643434864911375,0.23565651350886252,1.6937156802928615
c02,raw,8,32,1_percent,0,58110,22477,0,0,1,0,0,0.38680089485458613,0.6131991051454139,1.0
c02,raw,8,32,1_percent,1,58110,33463,0,10986,44,2,0,0.5758561349165376,0.42414386508346236,1.4887662944343105
c02,raw,8,32,1_percent,2,58110,39140,0,16663,99,16,0,0.6735501634830494,0.3264498365169506,1.7413355874894336
c02,raw,8,32,5_percent,0,58110,17935,0,0,0,0,0,0.30863878850456034,0.6913612114954397,1.0
c02,raw,8,32,5_percent,1,58110,29829,0,11894,22,0,0,0.5133195663397006,0.48668043366029945,1.6631725676052411
c02,raw,8,32,5_percent,2,58110,36444,0,18509,74,10,0,0.6271553949406299,0.3728446050593701,2.032004460551993
c02,raw,8,32,10_percent,0,58110,14449,0,0,0,0,0,0.24864911374978488,0.7513508862502152,1.0
c02,raw,8,32,10_percent,1,58110,26089,0,11640,15,0,0,0.4489588711065221,0.5510411288934779,1.8055920824970586
c02,raw,8,32,10_percent,2,58110,33167,0,18718,52,7,0,0.5707623472724144,0.42923765272758563,2.2954529725240502
c02,raw,8,64,any,0,15496,8730,1937,0,39,3,0,0.5633711925658235,0.43662880743417654,1.0
c02,raw,8,64,any,1,15496,12126,1937,3396,121,84,16,0.7825245224574083,0.21747547754259167,1.3890034364261168
c02,raw,8,64,any,2,15496,12927,1937,4197,125,121,90,0.8342152813629323,0.16578471863706767,1.4807560137457045
c02,raw,8,64,1_percent,0,15496,7063,1937,0,10,0,0,0.4557950438822922,0.5442049561177078,1.0
c02,raw,8,64,1_percent,1,15496,10396,1937,3333,96,20,0,0.6708828084667011,0.3291171915332989,1.4718957949879654
c02,raw,8,64,1_percent,2,15496,11917,1937,4854,108,93,6,0.7690371708828084,0.23096282911719157,1.6872433809995753
c02,raw,8,64,5_percent,0,15496,5399,1937,0,2,0,0,0.3484124935467217,0.6515875064532783,1.0
c02,raw,8,64,5_percent,1,15496,9216,1937,3817,58,10,0,0.5947341249354672,0.4052658750645328,1.7069827745878867
c02,raw,8,64,5_percent,2,15496,11238,1937,5839,99,59,3,0.7252194114610222,0.2747805885389778,2.0814965734395257
c02,raw,8,64,10_percent,0,15496,4114,1937,0,1,0,0,0.2654878678368611,0.7345121321631389,1.0
c02,raw,8,64,10_percent,1,15496,7765,1937,3651,43,6,0,0.501097057305111,0.498902942694889,1.8874574623237725
c02,raw,8,64,10_percent,2,15496,10018,1937,5904,76,44,1,0.6464894166236448,0.3535105833763552,2.43509965969859
c02,raw,16,8,any,0,929760,160561,0,0,0,0,0,0.1726908019273791,0.8273091980726209,1.0
c02,raw,16,8,any,1,929760,283434,0,122873,0,0,0,0.30484641197728446,0.6951535880227155,1.765273011503416
c02,raw,16,8,any,2,929760,356398,0,195837,0,0,0,0.38332257786955776,0.6166774221304423,2.2197046605340027
c02,raw,16,8,1_percent,0,929760,160561,0,0,0,0,0,0.1726908019273791,0.8273091980726209,1.0
c02,raw,16,8,1_percent,1,929760,283434,0,122873,0,0,0,0.30484641197728446,0.6951535880227155,1.765273011503416
c02,raw,16,8,1_percent,2,929760,356398,0,195837,0,0,0,0.38332257786955776,0.6166774221304423,2.2197046605340027
c02,raw,16,8,5_percent,0,929760,133845,0,0,0,0,0,0.1439565049044915,0.8560434950955085,1.0
c02,raw,16,8,5_percent,1,929760,255038,0,121193,0,0,0,0.27430519704009637,0.7256948029599036,1.9054727483282903
c02,raw,16,8,5_percent,2,929760,326697,0,192852,0,0,0,0.3513777749096541,0.648622225090346,2.440860697074975
c02,raw,16,8,10_percent,0,929760,116035,0,0,0,0,0,0.12480102392015144,0.8751989760798485,1.0
c02,raw,16,8,10_percent,1,929760,235816,0,119781,0,0,0,0.2536310445706419,0.7463689554293581,2.032283362778472
c02,raw,16,8,10_percent,2,929760,307281,0,191246,0,0,0,0.330494966442953,0.6695050335570469,2.64817511957599
c02,raw,16,16,any,0,232440,58662,0,0,0,0,0,0.25237480640165205,0.747625193598348,1.0
c02,raw,16,16,any,1,232440,96812,0,38150,0,0,0,0.41650318361727756,0.5834968163827224,1.6503358221676725
c02,raw,16,16,any,2,232440,120846,0,62184,17,0,0,0.5199019101703666,0.4800980898296334,2.060038866728035
c02,raw,16,16,1_percent,0,232440,54163,0,0,0,0,0,0.23301927379108586,0.7669807262089141,1.0
c02,raw,16,16,1_percent,1,232440,91907,0,37744,0,0,0,0.3954009636895543,0.6045990363104456,1.6968594797186272
c02,raw,16,16,1_percent,2,232440,115709,0,61546,13,0,0,0.49780158320426776,0.5021984167957323,2.1363107656518285
c02,raw,16,16,5_percent,0,232440,44032,0,0,0,0,0,0.18943383238685252,0.8105661676131475,1.0
c02,raw,16,16,5_percent,1,232440,81090,0,37058,0,0,0,0.34886422302529685,0.6511357769747032,1.8416151889534884
c02,raw,16,16,5_percent,2,232440,105228,0,61196,6,0,0,0.4527103768714507,0.5472896231285493,2.389807412790698
c02,raw,16,16,10_percent,0,232440,34103,0,0,0,0,0,0.1467174324556875,0.8532825675443125,1.0
c02,raw,16,16,10_percent,1,232440,68520,0,34417,0,0,0,0.2947857511615901,0.7052142488384099,2.009207401108407
c02,raw,16,16,10_percent,2,232440,91372,0,57269,3,0,0,0.3930992944415763,0.6069007055584237,2.679295076679471
c02,raw,16,32,any,0,58110,20370,0,0,0,0,0,0.35054207537429016,0.6494579246257098,1.0
c02,raw,16,32,any,1,58110,32615,0,12245,34,0,0,0.5612631216658063,0.4387368783341937,1.6011291114383899
c02,raw,16,32,any,2,58110,38768,0,18398,92,19,0,0.6671485114438135,0.3328514885561865,1.9031909671084928
c02,raw,16,32,1_percent,0,58110,17536,0,0,0,0,0,0.3017725004302185,0.6982274995697815,1.0
c02,raw,16,32,1_percent,1,58110,29740,0,12204,19,0,0,0.5117879882980554,0.4882120117019446,1.695939781021898
c02,raw,16,32,1_percent,2,58110,36454,0,18918,76,4,0,0.6273274823610394,0.3726725176389606,2.078809306569343
c02,raw,16,32,5_percent,0,58110,12909,0,0,0,0,0,0.2221476510067114,0.7778523489932886,1.0
c02,raw,16,32,5_percent,1,58110,24460,0,11551,11,0,0,0.4209258303218035,0.5790741696781965,1.8948020760709583
c02,raw,16,32,5_percent,2,58110,31712,0,18803,46,1,0,0.5457236276028222,0.4542763723971778,2.4565806801456347
c02,raw,16,32,10_percent,0,58110,9286,0,0,0,0,0,0.1598003785923249,0.8401996214076751,1.0
c02,raw,16,32,10_percent,1,58110,19759,0,10473,4,0,0,0.34002753398726554,0.6599724660127344,2.1278268360973507
c02,raw,16,32,10_percent,2,58110,26710,0,17424,27,1,0,0.4596454999139563,0.5403545000860437,2.876373034675856
c02,raw,16,64,any,0,15496,7125,1937,0,3,0,0,0.45979607640681464,0.5402039235931854,1.0
c02,raw,16,64,any,1,15496,10619,1937,3494,99,35,1,0.6852736189984512,0.3147263810015488,1.4903859649122806
c02,raw,16,64,any,2,15496,12006,1937,4881,113,93,15,0.7747805885389778,0.2252194114610222,1.6850526315789474
c02,raw,16,64,1_percent,0,15496,5811,1937,0,0,0,0,0.375,0.625,1.0
c02,raw,16,64,1_percent,1,15496,9589,1937,3778,75,7,0,0.6188048528652556,0.38119514713474445,1.650146274307348
c02,raw,16,64,1_percent,2,15496,11425,1937,5614,105,68,1,0.7372870418172431,0.26271295818275686,1.966098778179315
c02,raw,16,64,5_percent,0,15496,3826,1937,0,0,0,0,0.24690242643262778,0.7530975735673722,1.0
c02,raw,16,64,5_percent,1,15496,7555,1937,3729,35,1,0,0.4875451729478575,0.5124548270521425,1.9746471510716153
c02,raw,16,64,5_percent,2,15496,9805,1937,5979,76,36,1,0.6327439339184305,0.36725606608156947,2.562728698379509
c02,raw,16,64,10_percent,0,15496,2574,1937,0,0,0,0,0.16610738255033558,0.8338926174496644,1.0
c02,raw,16,64,10_percent,1,15496,5855,1937,3281,18,0,0,0.3778394424367579,0.6221605575632421,2.274669774669775
c02,raw,16,64,10_percent,2,15496,7999,1937,5425,56,18,0,0.5161977284460506,0.4838022715539494,3.1076146076146074
c02,translation_compensated,0,8,any,0,929760,737452,0,0,116,95,1,0.79316382722423,0.20683617277577004,1.0
c02,translation_compensated,0,8,any,1,929760,774525,0,37073,124,117,64,0.8330375580795044,0.16696244192049559,1.0502717465001112
c02,translation_compensated,0,8,any,2,929760,783756,0,46304,126,122,94,0.8429659266907589,0.15703407330924113,1.0627891713630175
c02,translation_compensated,0,8,1_percent,0,929760,737452,0,0,116,95,1,0.79316382722423,0.20683617277577004,1.0
c02,translation_compensated,0,8,1_percent,1,929760,774525,0,37073,124,117,64,0.8330375580795044,0.16696244192049559,1.0502717465001112
c02,translation_compensated,0,8,1_percent,2,929760,783756,0,46304,126,122,94,0.8429659266907589,0.15703407330924113,1.0627891713630175
c02,translation_compensated,0,8,5_percent,0,929760,719792,0,0,115,83,1,0.7741696781965238,0.22583032180347618,1.0
c02,translation_compensated,0,8,5_percent,1,929760,771543,0,51751,123,116,55,0.8298302787816211,0.17016972121837892,1.0718971591793185
c02,translation_compensated,0,8,5_percent,2,929760,782599,0,62807,126,121,87,0.8417215195319222,0.1582784804680778,1.0872571520661525
c02,translation_compensated,0,8,10_percent,0,929760,701260,0,0,110,76,0,0.7542376527275856,0.24576234727241442,1.0
c02,translation_compensated,0,8,10_percent,1,929760,768116,0,66856,122,116,48,0.8261443813457237,0.17385561865427634,1.0953369648917664
c02,translation_compensated,0,8,10_percent,2,929760,781409,0,80149,126,121,83,0.8404416193426261,0.15955838065737393,1.1142928443088156
c02,translation_compensated,0,16,any,0,232440,190971,0,0,122,115,50,0.8215926690758906,0.17840733092410943,1.0
c02,translation_compensated,0,16,any,1,232440,196527,0,5556,126,124,106,0.8454956117707796,0.1545043882292204,1.0290934225615407
c02,translation_compensated,0,16,any,2,232440,197625,0,6654,127,126,116,0.8502194114610222,0.1497805885389778,1.0348429866314781
c02,translation_compensated,0,16,1_percent,0,232440,190108,0,0,121,114,43,0.8178798829805541,0.18212011701944586,1.0
c02,translation_compensated,0,16,1_percent,1,232440,196401,0,6293,126,123,102,0.8449535363964894,0.1550464636035106,1.033102236623393
c02,translation_compensated,0,16,1_percent,2,232440,197594,0,7486,127,126,115,0.8500860437102048,0.1499139562897952,1.0393776169335325
c02,translation_compensated,0,16,5_percent,0,232440,186428,0,0,120,100,24,0.8020478403028739,0.1979521596971261,1.0
c02,translation_compensated,0,16,5_percent,1,232440,195774,0,9346,126,122,88,0.8422560660815694,0.15774393391843056,1.0501319544274466
c02,translation_compensated,0,16,5_percent,2,232440,197408,0,10980,127,126,112,0.8492858372053003,0.15071416279469974,1.0588967322505203
c02,translation_compensated,0,16,10_percent,0,232440,181176,0,0,115,86,11,0.7794527620030975,0.22054723799690246,1.0
c02,translation_compensated,0,16,10_percent,1,232440,193705,0,12529,125,117,78,0.8333548442608846,0.16664515573911542,1.069153751048704
c02,translation_compensated,0,16,10_percent,2,232440,196477,0,15301,126,124,98,0.8452805024952676,0.15471949750473235,1.084453790789067
c02,translation_compensated,0,32,any,0,58110,48802,0,0,126,121,95,0.839821029082774,0.160178970917226,1.0
c02,translation_compensated,0,32,any,1,58110,49459,0,657,127,126,123,0.8511271726036826,0.14887282739631735,1.0134625630097127
c02,translation_compensated,0,32,any,2,58110,49519,0,717,127,127,126,0.85215969712614,0.14784030287385996,1.0146920208188188
c02,translation_compensated,0,32,1_percent,0,58110,48566,0,0,125,119,82,0.8357597659611082,0.16424023403889176,1.0
c02,translation_compensated,0,32,1_percent,1,58110,49447,0,881,127,126,121,0.8509206676991912,0.14907933230080883,1.018140262735247
c02,translation_compensated,0,32,1_percent,2,58110,49518,0,952,127,127,126,0.8521424883840991,0.14785751161590088,1.019602190833093
c02,translation_compensated,0,32,5_percent,0,58110,47357,0,0,122,110,67,0.8149543968335915,0.1850456031664085,1.0
c02,translation_compensated,0,32,5_percent,1,58110,49081,0,1724,126,122,106,0.844622268112201,0.15537773188779902,1.0364043330447452
c02,translation_compensated,0,32,5_percent,2,58110,49414,0,2057,127,126,121,0.8503527792118396,0.1496472207881604,1.043436028464641
c02,translation_compensated,0,32,10_percent,0,58110,46069,0,0,117,93,49,0.7927895370848391,0.20721046291516088,1.0
c02,translation_compensated,0,32,10_percent,1,58110,48604,0,2535,125,120,91,0.8364136981586646,0.16358630184133538,1.0550261564175476
c02,translation_compensated,0,32,10_percent,2,58110,49229,0,3160,127,124,112,0.8471691619342626,0.15283083806573738,1.068592763029369
c02,translation_compensated,0,64,any,0,15496,13154,1937,0,127,126,117,0.8488642230252968,0.15113577697470315,1.0
c02,translation_compensated,0,64,any,1,15496,13208,1937,54,127,127,127,0.8523489932885906,0.1476510067114094,1.0041052151436825
c02,translation_compensated,0,64,any,2,15496,13208,1937,54,127,127,127,0.8523489932885906,0.1476510067114094,1.0041052151436825
c02,translation_compensated,0,64,1_percent,0,15496,13081,1937,0,126,123,112,0.844153329891585,0.15584667010841502,1.0
c02,translation_compensated,0,64,1_percent,1,15496,13202,1937,121,127,127,126,0.8519617965926691,0.14803820340733087,1.0092500573350662
c02,translation_compensated,0,64,1_percent,2,15496,13208,1937,127,127,127,127,0.8523489932885906,0.1476510067114094,1.0097087378640777
c02,translation_compensated,0,64,5_percent,0,15496,12829,1937,0,123,115,85,0.8278910686628808,0.17210893133711924,1.0
c02,translation_compensated,0,64,5_percent,1,15496,13170,1937,341,127,125,121,0.8498967475477542,0.15010325245224576,1.0265804037727024
c02,translation_compensated,0,64,5_percent,2,15496,13207,1937,378,127,127,126,0.852284460505937,0.14771553949406302,1.0294644945046378
c02,translation_compensated,0,64,10_percent,0,15496,12529,1937,0,120,103,71,0.8085312338668044,0.19146876613319563,1.0
c02,translation_compensated,0,64,10_percent,1,15496,13122,1937,593,127,124,115,0.8467991739803821,0.15320082601961793,1.047330193950036
c02,translation_compensated,0,64,10_percent,2,15496,13206,1937,677,127,127,126,0.8522199277232835,0.14778007227671652,1.0540346396360443
c02,translation_compensated,1,8,any,0,929760,664233,0,0,102,52,0,0.7144133970056789,0.28558660299432115,1.0
c02,translation_compensated,1,8,any,1,929760,759040,0,94807,123,114,4,0.8163827224229909,0.18361727757700907,1.1427315414922172
c02,translation_compensated,1,8,any,2,929760,778711,0,114478,126,121,48,0.8375397952159697,0.16246020478403034,1.172346149619185
c02,translation_compensated,1,8,1_percent,0,929760,664233,0,0,102,52,0,0.7144133970056789,0.28558660299432115,1.0
c02,translation_compensated,1,8,1_percent,1,929760,759040,0,94807,123,114,4,0.8163827224229909,0.18361727757700907,1.1427315414922172
c02,translation_compensated,1,8,1_percent,2,929760,778711,0,114478,126,121,48,0.8375397952159697,0.16246020478403034,1.172346149619185
c02,translation_compensated,1,8,5_percent,0,929760,579595,0,0,62,6,0,0.6233813027017725,0.3766186972982275,1.0
c02,translation_compensated,1,8,5_percent,1,929760,712935,0,133340,122,74,0,0.7667946566855963,0.23320534331440368,1.2300571951103787
c02,translation_compensated,1,8,5_percent,2,929760,754491,0,174896,125,113,2,0.8114900619514713,0.18850993804852867,1.3017555361933764
c02,translation_compensated,1,8,10_percent,0,929760,519659,0,0,43,2,0,0.5589173550163483,0.4410826449836517,1.0
c02,translation_compensated,1,8,10_percent,1,929760,677276,0,157617,111,54,0,0.7284417484081913,0.2715582515918087,1.303308515776692
c02,translation_compensated,1,8,10_percent,2,929760,731472,0,211813,123,94,0,0.7867320598864223,0.21326794011357775,1.4075999838355537
c02,translation_compensated,1,16,any,0,232440,183491,0,0,121,95,1,0.7894123214593013,0.2105876785406987,1.0
c02,translation_compensated,1,16,any,1,232440,195776,0,12285,126,123,73,0.8422646704525899,0.1577353295474101,1.0669515126082478
c02,translation_compensated,1,16,any,2,232440,197485,0,13994,127,126,109,0.8496171054895887,0.1503828945104113,1.0762653209149222
c02,translation_compensated,1,16,1_percent,0,232440,176061,0,0,116,69,0,0.7574470831182241,0.24255291688177594,1.0
c02,translation_compensated,1,16,1_percent,1,232440,193839,0,17778,126,122,30,0.8339313371192566,0.1660686628807434,1.1009763661458245
c02,translation_compensated,1,16,1_percent,2,232440,197021,0,20960,127,125,88,0.8476208914128377,0.1523791085871623,1.1190496475653324
c02,translation_compensated,1,16,5_percent,0,232440,156898,0,0,84,22,0,0.6750043021855102,0.3249956978144898,1.0
c02,translation_compensated,1,16,5_percent,1,232440,184777,0,27879,123,102,1,0.7949449320254689,0.2050550679745311,1.1776886894670422
c02,translation_compensated,1,16,5_percent,2,232440,193466,0,36568,126,121,19,0.8323266219239374,0.16767337807606264,1.2330686178281431
c02,translation_compensated,1,16,10_percent,0,232440,139233,0,0,56,5,0,0.5990061951471347,0.4009938048528653,1.0
c02,translation_compensated,1,16,10_percent,1,232440,175255,0,36022,114,72,0,0.7539795215969712,0.24602047840302876,1.2587174017653862
c02,translation_compensated,1,16,10_percent,2,232440,188340,0,49107,125,111,3,0.8102736189984512,0.18972638100154882,1.3526965590054083
c02,translation_compensated,1,32,any,0,58110,48290,0,0,126,118,47,0.8310101531578041,0.16898984684219587,1.0
c02,translation_compensated,1,32,any,1,58110,49442,0,1152,127,126,118,0.8508346239889865,0.14916537601101354,1.0238558707807
c02,translation_compensated,1,32,any,2,58110,49518,0,1228,127,127,126,0.8521424883840991,0.14785751161590088,1.0254296955891489
c02,translation_compensated,1,32,1_percent,0,58110,45813,0,0,122,91,3,0.7883840991223542,0.2116159008776458,1.0
c02,translation_compensated,1,32,1_percent,1,58110,49136,0,3323,127,125,84,0.8455687489244537,0.15443125107554634,1.072533996900443
c02,translation_compensated,1,32,1_percent,2,58110,49478,0,3665,127,127,123,0.8514541387024609,0.1485458612975391,1.079999126885382
c02,translation_compensated,1,32,5_percent,0,58110,41028,0,0,97,48,0,0.7060402684563758,0.2939597315436242,1.0
c02,translation_compensated,1,32,5_percent,1,58110,47744,0,6716,123,113,26,0.8216141800034418,0.17838581999655823,1.1636930876474603
c02,translation_compensated,1,32,5_percent,2,58110,49054,0,8026,127,122,96,0.8441576320770952,0.15584236792290485,1.195622501706152
c02,translation_compensated,1,32,10_percent,0,58110,36807,0,0,69,17,0,0.6334021683014972,0.3665978316985028,1.0
c02,translation_compensated,1,32,10_percent,1,58110,45961,0,9154,119,95,5,0.7909309929444157,0.2090690070555843,1.248702692422637
c02,translation_compensated,1,32,10_percent,2,58110,48417,0,11610,125,115,78,0.8331956633970057,0.16680433660299432,1.3154291303284702
c02,translation_compensated,1,64,any,0,15496,13135,1937,0,127,125,112,0.8476381001548787,0.15236189984512127,1.0
c02,translation_compensated,1,64,any,1,15496,13208,1937,73,127,127,127,0.8523489932885906,0.1476510067114094,1.0055576703464026
c02,translation_compensated,1,64,any,2,15496,13208,1937,73,127,127,127,0.8523489932885906,0.1476510067114094,1.0055576703464026
c02,translation_compensated,1,64,1_percent,0,15496,12676,1937,0,125,116,43,0.8180175529168818,0.18198244708311817,1.0
c02,translation_compensated,1,64,1_percent,1,15496,13183,1937,507,127,126,122,0.8507356737222509,0.1492643262777491,1.0399968444304197
c02,translation_compensated,1,64,1_percent,2,15496,13208,1937,532,127,127,127,0.8523489932885906,0.1476510067114094,1.041969075418113
c02,translation_compensated,1,64,5_percent,0,15496,11679,1937,0,112,76,2,0.7536783686112545,0.24632163138874552,1.0
c02,translation_compensated,1,64,5_percent,1,15496,13067,1937,1388,127,123,106,0.8432498709344347,0.1567501290655653,1.1188457915917458
c02,translation_compensated,1,64,5_percent,2,15496,13202,1937,1523,127,127,124,0.8519617965926691,0.14803820340733087,1.1304050004281188
c02,translation_compensated,1,64,10_percent,0,15496,10534,1937,0,86,46,0,0.6797883324728963,0.3202116675271037,1.0
c02,translation_compensated,1,64,10_percent,1,15496,12754,1937,2220,125,111,76,0.8230511099638617,0.17694889003613834,1.210746155306626
c02,translation_compensated,1,64,10_percent,2,15496,13135,1937,2601,127,126,112,0.8476381001548787,0.15236189984512127,1.2469147522308714
c02,translation_compensated,2,8,any,0,929760,531077,0,0,43,2,0,0.5711979435553262,0.42880205644467384,1.0
c02,translation_compensated,2,8,any,1,929760,700052,0,168975,120,64,0,0.7529383927034934,0.2470616072965066,1.3181742007279547
c02,translation_compensated,2,8,any,2,929760,750613,0,219536,126,107,0,0.8073190930992944,0.1926809069007056,1.4133788509010934
c02,translation_compensated,2,8,1_percent,0,929760,531077,0,0,43,2,0,0.5711979435553262,0.42880205644467384,1.0
c02,translation_compensated,2,8,1_percent,1,929760,700052,0,168975,120,64,0,0.7529383927034934,0.2470616072965066,1.3181742007279547
c02,translation_compensated,2,8,1_percent,2,929760,750613,0,219536,126,107,0,0.8073190930992944,0.1926809069007056,1.4133788509010934
c02,translation_compensated,2,8,5_percent,0,929760,407630,0,0,9,0,0,0.4384249698847014,0.5615750301152986,1.0
c02,translation_compensated,2,8,5_percent,1,929760,578252,0,170622,59,15,0,0.6219368439167097,0.37806315608329033,1.4185707627014694
c02,translation_compensated,2,8,5_percent,2,929760,656420,0,248790,93,48,0,0.7060101531578041,0.29398984684219587,1.6103328999337634
c02,translation_compensated,2,8,10_percent,0,929760,354098,0,0,3,0,0,0.3808488212011702,0.6191511787988297,1.0
c02,translation_compensated,2,8,10_percent,1,929760,511207,0,157109,38,3,0,0.5498268370332129,0.4501731629667871,1.443687905608052
c02,translation_compensated,2,8,10_percent,2,929760,588744,0,234646,62,21,0,0.6332214765100671,0.3667785234899329,1.6626583601149965
c02,translation_compensated,2,16,any,0,232440,162306,0,0,96,36,0,0.6982705214248839,0.3017294785751161,1.0
c02,translation_compensated,2,16,any,1,232440,191126,0,28820,126,119,6,0.8222595078299776,0.1777404921700224,1.1775658324399592
c02,translation_compensated,2,16,any,2,232440,196560,0,34254,127,125,65,0.8456375838926175,0.15436241610738255,1.2110458023732948
c02,translation_compensated,2,16,1_percent,0,232440,145428,0,0,61,10,0,0.6256582343830666,0.37434176561693344,1.0
c02,translation_compensated,2,16,1_percent,1,232440,181566,0,36138,123,86,0,0.7811306143520909,0.21886938564790914,1.2484941001732817
c02,translation_compensated,2,16,1_percent,2,232440,192472,0,47044,127,117,26,0.8280502495267595,0.17194975047324046,1.3234865362928734
c02,translation_compensated,2,16,5_percent,0,232440,113540,0,0,19,1,0,0.48847014283255896,0.511529857167441,1.0
c02,translation_compensated,2,16,5_percent,1,232440,152083,0,38543,70,26,0,0.6542892789537085,0.3457107210462915,1.3394662673947508
c02,translation_compensated,2,16,5_percent,2,232440,170283,0,56743,102,56,0,0.7325890552400619,0.2674109447599381,1.4997621983441958
c02,translation_compensated,2,16,10_percent,0,232440,97034,0,0,7,0,0,0.4174582688005507,0.5825417311994493,1.0
c02,translation_compensated,2,16,10_percent,1,232440,135367,0,38333,47,8,0,0.5823739459645499,0.41762605403545006,1.3950470968938722
c02,translation_compensated,2,16,10_percent,2,232440,155187,0,58153,77,29,0,0.667643262777491,0.332356737222509,1.5993053981078797
c02,translation_compensated,2,32,any,0,58110,45776,0,0,123,96,1,0.7877473756668387,0.21225262433316128,1.0
c02,translation_compensated,2,32,any,1,58110,49328,0,3552,127,126,97,0.8488728273963173,0.1511271726036827,1.0775952464173366
c02,translation_compensated,2,32,any,2,58110,49511,0,3735,127,127,124,0.8520220271898125,0.14797797281018754,1.081592974484446
c02,translation_compensated,2,32,1_percent,0,58110,38855,0,0,78,31,0,0.6686456720013767,0.3313543279986233,1.0
c02,translation_compensated,2,32,1_percent,1,58110,46646,0,7791,125,97,16,0.8027189812424712,0.1972810187575288,1.200514734268434
c02,translation_compensated,2,32,1_percent,2,58110,48699,0,9844,127,122,73,0.8380485286525555,0.16195147134744448,1.253352206923176
c02,translation_compensated,2,32,5_percent,0,58110,30827,0,0,32,3,0,0.5304938908965755,0.4695061091034245,1.0
c02,translation_compensated,2,32,5_percent,1,58110,41023,0,10196,92,48,1,0.7059542247461711,0.2940457752538289,1.330749018717358
c02,translation_compensated,2,32,5_percent,2,58110,45452,0,14625,123,82,20,0.7821717432455687,0.2178282567544313,1.4744217731209655
c02,translation_compensated,2,32,10_percent,0,58110,26357,0,0,12,0,0,0.4535708139734985,0.5464291860265015,1.0
c02,translation_compensated,2,32,10_percent,1,58110,37435,0,11078,73,21,0,0.6442092583032181,0.35579074169678193,1.4203058011154532
c02,translation_compensated,2,32,10_percent,2,58110,42864,0,16507,110,56,8,0.7376355188435725,0.2623644811564275,1.6262852373183594
c02,translation_compensated,2,64,any,0,15496,12980,1937,0,127,123,58,0.8376355188435726,0.16236448115642743,1.0
c02,translation_compensated,2,64,any,1,15496,13207,1937,227,127,127,126,0.852284460505937,0.14771553949406302,1.01748844375963
c02,translation_compensated,2,64,any,2,15496,13208,1937,228,127,127,127,0.8523489932885906,0.1476510067114094,1.0175654853620955
c02,translation_compensated,2,64,1_percent,0,15496,11218,1937,0,100,56,0,0.7239287558079505,0.27607124419204954,1.0
c02,translation_compensated,2,64,1_percent,1,15496,12965,1937,1747,127,122,84,0.8366675271037687,0.16333247289623132,1.1557318595114994
c02,translation_compensated,2,64,1_percent,2,15496,13190,1937,1972,127,127,121,0.851187403200826,0.14881259679917402,1.1757889106792654
c02,translation_compensated,2,64,5_percent,0,15496,9123,1937,0,56,9,0,0.5887325761486836,0.4112674238513164,1.0
c02,translation_compensated,2,64,5_percent,1,15496,12061,1937,2938,121,82,25,0.7783298915849252,0.22167010841507484,1.3220431875479557
c02,translation_compensated,2,64,5_percent,2,15496,12951,1937,3828,126,120,87,0.8357640681466185,0.16423593185338148,1.4195988161788886
c02,translation_compensated,2,64,10_percent,0,15496,7671,1937,0,28,3,0,0.49503097573567373,0.5049690242643263,1.0
c02,translation_compensated,2,64,10_percent,1,15496,11112,1937,3441,102,53,11,0.7170882808466701,0.2829117191533299,1.4485725459522878
c02,translation_compensated,2,64,10_percent,2,15496,12483,1937,4812,121,103,62,0.8055627258647393,0.19443727413526068,1.6272976143918654
c02,translation_compensated,4,8,any,0,929760,335298,0,0,2,0,0,0.36062854930304594,0.6393714506969541,1.0
c02,translation_compensated,4,8,any,1,929760,492551,0,157253,24,1,0,0.5297614438134572,0.47023855618654276,1.4689947449731284
c02,translation_compensated,4,8,any,2,929760,580318,0,245020,59,10,0,0.6241589227327482,0.3758410772672518,1.7307529421589154
c02,translation_compensated,4,8,1_percent,0,929760,335298,0,0,2,0,0,0.36062854930304594,0.6393714506969541,1.0
c02,translation_compensated,4,8,1_percent,1,929760,492551,0,157253,24,1,0,0.5297614438134572,0.47023855618654276,1.4689947449731284
c02,translation_compensated,4,8,1_percent,2,929760,580318,0,245020,59,10,0,0.6241589227327482,0.3758410772672518,1.7307529421589154
c02,translation_compensated,4,8,5_percent,0,929760,278494,0,0,0,0,0,0.299533212872139,0.7004667871278609,1.0
c02,translation_compensated,4,8,5_percent,1,929760,411858,0,133364,5,0,0,0.4429723799690243,0.5570276200309757,1.478875666980258
c02,translation_compensated,4,8,5_percent,2,929760,484964,0,206470,20,1,0,0.521601273446911,0.478398726553089,1.7413804247129203
c02,translation_compensated,4,8,10_percent,0,929760,251013,0,0,0,0,0,0.26997612287041817,0.7300238771295818,1.0
c02,translation_compensated,4,8,10_percent,1,929760,383793,0,132780,3,0,0,0.4127871708828085,0.5872128291171915,1.5289765868700027
c02,translation_compensated,4,8,10_percent,2,929760,453277,0,202264,12,0,0,0.4875204353811736,0.5124795646188264,1.8057909351308499
c02,translation_compensated,4,16,any,0,232440,108103,0,0,9,0,0,0.4650791602133884,0.5349208397866116,1.0
c02,translation_compensated,4,16,any,1,232440,153813,0,45710,76,22,0,0.6617320598864223,0.33826794011357775,1.4228374790708862
c02,translation_compensated,4,16,any,2,232440,176402,0,68299,112,68,1,0.7589141283772156,0.2410858716227844,1.6317956023422107
c02,translation_compensated,4,16,1_percent,0,232440,96462,0,0,3,0,0,0.41499741868869383,0.5850025813113062,1.0
c02,translation_compensated,4,16,1_percent,1,232440,136460,0,39998,46,4,0,0.5870762347272415,0.41292376527275854,1.4146503286268168
c02,translation_compensated,4,16,1_percent,2,232440,159860,0,63398,88,37,0,0.6877473756668387,0.31225262433316125,1.6572329000020734
c02,translation_compensated,4,16,5_percent,0,232440,81735,0,0,1,0,0,0.3516391326794011,0.6483608673205989,1.0
c02,translation_compensated,4,16,5_percent,1,232440,117451,0,35716,16,0,0,0.5052959903631045,0.49470400963689554,1.436973144919557
c02,translation_compensated,4,16,5_percent,2,232440,137412,0,55677,50,7,0,0.5911719153329892,0.4088280846670108,1.6811892090291796
c02,translation_compensated,4,16,10_percent,0,232440,71912,0,0,0,0,0,0.3093787644123215,0.6906212355876785,1.0
c02,translation_compensated,4,16,10_percent,1,232440,109189,0,37277,11,0,0,0.46975133367750815,0.5302486663224919,1.5183696740460564
c02,translation_compensated,4,16,10_percent,2,232440,129997,0,58085,34,3,0,0.5592712097745655,0.44072879022543454,1.8077233285126266
c02,translation_compensated,4,32,any,0,58110,34148,0,0,43,3,0,0.587644123214593,0.41235587678540697,1.0
c02,translation_compensated,4,32,any,1,58110,45760,0,11612,123,93,11,0.7874720357941835,0.21252796420581654,1.3400491976104019
c02,translation_compensated,4,32,any,2,58110,48491,0,14343,127,119,62,0.8344691103080365,0.1655308896919635,1.420024598805201
c02,translation_compensated,4,32,1_percent,0,58110,27712,0,0,11,0,0,0.476888659438995,0.5231113405610051,1.0
c02,translation_compensated,4,32,1_percent,1,58110,38012,0,10300,79,13,0,0.6541387024608502,0.34586129753914985,1.3716801385681294
c02,translation_compensated,4,32,1_percent,2,58110,43257,0,15545,115,59,4,0.7443985544656686,0.2556014455343314,1.560948325635104
c02,translation_compensated,4,32,5_percent,0,58110,23251,0,0,3,0,0,0.4001204611942867,0.5998795388057133,1.0
c02,translation_compensated,4,32,5_percent,1,58110,34124,0,10873,49,6,0,0.5872311134056101,0.4127688865943899,1.4676358006107264
c02,translation_compensated,4,32,5_percent,2,58110,39835,0,16584,99,25,1,0.6855102392015143,0.3144897607984857,1.7132596447464625
c02,translation_compensated,4,32,10_percent,0,58110,19911,0,0,1,0,0,0.34264326277749096,0.6573567372225091,1.0
c02,translation_compensated,4,32,10_percent,1,58110,31335,0,11424,32,3,0,0.5392359318533815,0.4607640681466185,1.5737532017477776
c02,translation_compensated,4,32,10_percent,2,58110,37583,0,17672,83,17,0,0.6467561521252796,0.3532438478747204,1.8875495957008688
c02,translation_compensated,4,64,any,0,15496,11126,1937,0,99,50,1,0.7179917398038204,0.28200826019617964,1.0
c02,translation_compensated,4,64,any,1,15496,13047,1937,1921,127,124,93,0.841959215281363,0.15804078471863703,1.1726586374258494
c02,translation_compensated,4,64,any,2,15496,13188,1937,2062,127,127,120,0.8510583376355189,0.14894166236448114,1.1853316555815208
c02,translation_compensated,4,64,1_percent,0,15496,8431,1937,0,32,3,0,0.5440758905524006,0.4559241094475994,1.0
c02,translation_compensated,4,64,1_percent,1,15496,11416,1937,2985,109,56,7,0.7367062467733608,0.26329375322663917,1.3540505278140198
c02,translation_compensated,4,64,1_percent,2,15496,12647,1937,4216,122,111,54,0.8161461022199277,0.18385389778007233,1.5000593049460325
c02,translation_compensated,4,64,5_percent,0,15496,6974,1937,0,12,0,0,0.4500516262261229,0.5499483737738771,1.0
c02,translation_compensated,4,64,5_percent,1,15496,10371,1937,3397,94,25,3,0.6692694889003614,0.3307305110996386,1.4870949240034415
c02,translation_compensated,4,64,5_percent,2,15496,11945,1937,4971,108,88,15,0.770844088797109,0.22915591120289103,1.7127903642099225
c02,translation_compensated,4,64,10_percent,0,15496,5760,1937,0,7,0,0,0.371708828084667,0.628291171915333,1.0
c02,translation_compensated,4,64,10_percent,1,15496,9458,1937,3698,65,19,0,0.6103510583376355,0.3896489416623645,1.6420138888888889
c02,translation_compensated,4,64,10_percent,2,15496,11381,1937,5621,101,61,8,0.7344475993804853,0.2655524006195147,1.9758680555555554
c02,translation_compensated,8,8,any,0,929760,236804,0,0,0,0,0,0.25469368439167095,0.745306315608329,1.0
c02,translation_compensated,8,8,any,1,929760,372652,0,135848,1,0,0,0.40080450869041473,0.5991954913095853,1.573672742014493
c02,translation_compensated,8,8,any,2,929760,448286,0,211482,9,0,0,0.48215238341077266,0.5178476165892274,1.8930676846674888
c02,translation_compensated,8,8,1_percent,0,929760,236804,0,0,0,0,0,0.25469368439167095,0.745306315608329,1.0
c02,translation_compensated,8,8,1_percent,1,929760,372652,0,135848,1,0,0,0.40080450869041473,0.5991954913095853,1.573672742014493
c02,translation_compensated,8,8,1_percent,2,929760,448286,0,211482,9,0,0,0.48215238341077266,0.5178476165892274,1.8930676846674888
c02,translation_compensated,8,8,5_percent,0,929760,199100,0,0,0,0,0,0.21414128377215624,0.7858587162278438,1.0
c02,translation_compensated,8,8,5_percent,1,929760,330239,0,131139,0,0,0,0.3551873601789709,0.6448126398210291,1.6586589653440482
c02,translation_compensated,8,8,5_percent,2,929760,403337,0,204237,1,0,0,0.4338076492858372,0.5661923507141629,2.0258011049723756
c02,translation_compensated,8,8,10_percent,0,929760,177843,0,0,0,0,0,0.1912783944243676,0.8087216055756324,1.0
c02,translation_compensated,8,8,10_percent,1,929760,307580,0,129737,0,0,0,0.3308165548098434,0.6691834451901566,1.7295029885910607
c02,translation_compensated,8,8,10_percent,2,929760,380119,0,202276,1,0,0,0.40883561349165376,0.5911643865083462,2.1373852217967535
c02,translation_compensated,8,16,any,0,232440,80164,0,0,0,0,0,0.3448803992428153,0.6551196007571847,1.0
c02,translation_compensated,8,16,any,1,232440,120014,0,39850,15,0,0,0.5163224918258476,0.48367750817415245,1.4971059328376828
c02,translation_compensated,8,16,any,2,232440,144713,0,64549,62,5,0,0.6225821717432456,0.3774178282567544,1.8052118157776558
c02,translation_compensated,8,16,1_percent,0,232440,73666,0,0,0,0,0,0.316924797797281,0.683075202202719,1.0
c02,translation_compensated,8,16,1_percent,1,232440,112006,0,38340,10,0,0,0.481870590259852,0.518129409740148,1.5204571987076807
c02,translation_compensated,8,16,1_percent,2,232440,134784,0,61118,44,2,0,0.5798657718120805,0.42013422818791946,1.829663616865311
c02,translation_compensated,8,16,5_percent,0,232440,61573,0,0,0,0,0,0.26489846842195836,0.7351015315780416,1.0
c02,translation_compensated,8,16,5_percent,1,232440,99913,0,38340,2,0,0,0.4298442608845293,0.5701557391154707,1.6226755233625128
c02,translation_compensated,8,16,5_percent,2,232440,122129,0,60556,17,0,0,0.5254216141800034,0.47457838581999656,1.983483020154938
c02,translation_compensated,8,16,10_percent,0,232440,52271,0,0,0,0,0,0.2248795388057133,0.7751204611942867,1.0
c02,translation_compensated,8,16,10_percent,1,232440,90248,0,37977,1,0,0,0.38826363792806745,0.6117363620719325,1.7265405291653115
c02,translation_compensated,8,16,10_percent,2,232440,113167,0,60896,15,0,0,0.4868654276372397,0.5131345723627603,2.1650054523540776
c02,translation_compensated,8,32,any,0,58110,26222,0,0,4,0,0,0.4512476337979694,0.5487523662020306,1.0
c02,translation_compensated,8,32,any,1,58110,38590,0,12368,81,16,0,0.6640853553605232,0.33591464463947684,1.4716650141102892
c02,translation_compensated,8,32,any,2,58110,44404,0,18182,120,77,3,0.764136981586646,0.235863018413354,1.6933872320951873
c02,translation_compensated,8,32,1_percent,0,58110,22476,0,0,1,0,0,0.38678368611254516,0.6132163138874549,1.0
c02,translation_compensated,8,32,1_percent,1,58110,33497,0,11021,44,2,0,0.5764412321459301,0.4235587678540699,1.4903452571631963
c02,translation_compensated,8,32,1_percent,2,58110,39180,0,16704,99,17,0,0.6742385131646876,0.32576148683531236,1.7431927389215163
c02,translation_compensated,8,32,5_percent,0,58110,17933,0,0,0,0,0,0.3086043710204784,0.6913956289795216,1.0
c02,translation_compensated,8,32,5_percent,1,58110,29855,0,11922,22,0,0,0.5137669936327655,0.48623300636723454,1.6648078960575476
c02,translation_compensated,8,32,5_percent,2,58110,36483,0,18550,74,11,0,0.6278265358802272,0.3721734641197728,2.034405843974795
c02,translation_compensated,8,32,10_percent,0,58110,14451,0,0,0,0,0,0.2486835312338668,0.7513164687661332,1.0
c02,translation_compensated,8,32,10_percent,1,58110,26110,0,11659,15,0,0,0.4493202546893822,0.5506797453106178,1.8067953774825272
c02,translation_compensated,8,32,10_percent,2,58110,33205,0,18754,52,9,0,0.5714162794699708,0.42858372053002924,2.2977648605632828
c02,translation_compensated,8,64,any,0,15496,8727,1937,0,39,3,0,0.5631775942178626,0.4368224057821374,1.0
c02,translation_compensated,8,64,any,1,15496,12125,1937,3398,121,84,16,0.7824599896747548,0.21754001032524517,1.3893663343646157
c02,translation_compensated,8,64,any,2,15496,12927,1937,4200,125,121,90,0.8342152813629323,0.16578471863706767,1.4812650395324853
c02,translation_compensated,8,64,1_percent,0,15496,7070,1937,0,10,0,0,0.45624677336086733,0.5437532266391327,1.0
c02,translation_compensated,8,64,1_percent,1,15496,10408,1937,3338,96,21,0,0.6716572018585442,0.32834279814145584,1.4721357850070722
c02,translation_compensated,8,64,1_percent,2,15496,11920,1937,4850,108,93,6,0.7692307692307693,0.23076923076923073,1.685997171145686
c02,translation_compensated,8,64,5_percent,0,15496,5412,1937,0,3,0,0,0.34925141972121837,0.6507485802787816,1.0
c02,translation_compensated,8,64,5_percent,1,15496,9230,1937,3818,58,12,0,0.5956375838926175,0.40436241610738255,1.705469327420547
c02,translation_compensated,8,64,5_percent,2,15496,11241,1937,5829,99,59,3,0.7254130098089829,0.27458699019101707,2.077050997782705
c02,translation_compensated,8,64,10_percent,0,15496,4121,1937,0,1,0,0,0.26593959731543626,0.7340604026845637,1.0
c02,translation_compensated,8,64,10_percent,1,15496,7779,1937,3658,43,9,0,0.5020005162622613,0.4979994837377387,1.8876486289735501
c02,translation_compensated,8,64,10_percent,2,15496,10021,1937,5900,76,44,1,0.6466830149716056,0.35331698502839437,2.431691337054113
c02,translation_compensated,16,8,any,0,929760,160307,0,0,0,0,0,0.17241761314747892,0.8275823868525211,1.0
c02,translation_compensated,16,8,any,1,929760,283483,0,123176,0,0,0,0.3048991137497849,0.695100886250215,1.768375679165601
c02,translation_compensated,16,8,any,2,929760,356566,0,196259,0,0,0,0.3835032696609878,0.6164967303390122,2.2242696825466135
c02,translation_compensated,16,8,1_percent,0,929760,160307,0,0,0,0,0,0.17241761314747892,0.8275823868525211,1.0
c02,translation_compensated,16,8,1_percent,1,929760,283483,0,123176,0,0,0,0.3048991137497849,0.695100886250215,1.768375679165601
c02,translation_compensated,16,8,1_percent,2,929760,356566,0,196259,0,0,0,0.3835032696609878,0.6164967303390122,2.2242696825466135
c02,translation_compensated,16,8,5_percent,0,929760,133409,0,0,0,0,0,0.1434875666838754,0.8565124333161246,1.0
c02,translation_compensated,16,8,5_percent,1,929760,254882,0,121473,0,0,0,0.274137411805197,0.725862588194803,1.9105307737858765
c02,translation_compensated,16,8,5_percent,2,929760,326726,0,193317,0,0,0,0.35140896575460334,0.6485910342453967,2.4490551611960214
c02,translation_compensated,16,8,10_percent,0,929760,115555,0,0,0,0,0,0.12428476165892273,0.8757152383410772,1.0
c02,translation_compensated,16,8,10_percent,1,929760,235668,0,120113,0,0,0,0.25347186370676306,0.746528136293237,2.0394444204058675
c02,translation_compensated,16,8,10_percent,2,929760,307362,0,191807,0,0,0,0.33058208569953534,0.6694179143004646,2.659876249405045
c02,translation_compensated,16,16,any,0,232440,58661,0,0,0,0,0,0.2523705042161418,0.7476294957838582,1.0
c02,translation_compensated,16,16,any,1,232440,96892,0,38231,0,0,0,0.41684735845809673,0.5831526415419033,1.6517277237005847
c02,translation_compensated,16,16,any,2,232440,120918,0,62257,17,0,0,0.5202116675271038,0.4797883324728962,2.061301375701062
c02,translation_compensated,16,16,1_percent,0,232440,54149,0,0,0,0,0,0.23295904319394253,0.7670409568060574,1.0
c02,translation_compensated,16,16,1_percent,1,232440,91993,0,37844,0,0,0,0.39577095164343484,0.6042290483565651,1.6988864060278122
c02,translation_compensated,16,16,1_percent,2,232440,115809,0,61660,14,0,0,0.4982318017552917,0.5017681982447083,2.138709856137694
c02,translation_compensated,16,16,5_percent,0,232440,43973,0,0,0,0,0,0.1891800034417484,0.8108199965582517,1.0
c02,translation_compensated,16,16,5_percent,1,232440,81132,0,37159,0,0,0,0.3490449148167269,0.650955085183273,1.8450412753280423
c02,translation_compensated,16,16,5_percent,2,232440,105298,0,61325,7,0,0,0.4530115298571674,0.5469884701428326,2.3946057808200485
c02,translation_compensated,16,16,10_percent,0,232440,33993,0,0,0,0,0,0.14624419204956118,0.8537558079504388,1.0
c02,translation_compensated,16,16,10_percent,1,232440,68473,0,34480,0,0,0,0.29458354844260887,0.7054164515573911,2.0143264789809665
c02,translation_compensated,16,16,10_percent,2,232440,91389,0,57396,3,0,0,0.3931724315952504,0.6068275684047496,2.6884652722619364
c02,translation_compensated,16,32,any,0,58110,20388,0,0,0,0,0,0.3508518327310274,0.6491481672689726,1.0
c02,translation_compensated,16,32,any,1,58110,32635,0,12247,34,0,0,0.5616072965066253,0.43839270349337467,1.6006964881302728
c02,translation_compensated,16,32,any,2,58110,38797,0,18409,92,19,0,0.6676475649630011,0.33235243503699885,1.902933097900726
c02,translation_compensated,16,32,1_percent,0,58110,17545,0,0,0,0,0,0.30192737910858714,0.6980726208914129,1.0
c02,translation_compensated,16,32,1_percent,1,58110,29761,0,12216,19,0,0,0.5121493718809155,0.48785062811908453,1.696266742661727
c02,translation_compensated,16,32,1_percent,2,58110,36487,0,18942,76,5,0,0.627895370848391,0.372104629151609,2.0796238244514105
c02,translation_compensated,16,32,5_percent,0,58110,12888,0,0,0,0,0,0.22178626742385132,0.7782137325761487,1.0
c02,translation_compensated,16,32,5_percent,1,58110,24472,0,11584,11,0,0,0.42113233522629495,0.578867664773705,1.898820608317815
c02,translation_compensated,16,32,5_percent,2,58110,31739,0,18851,46,1,0,0.546188263637928,0.45381173636207195,2.4626784605834886
c02,translation_compensated,16,32,10_percent,0,58110,9266,0,0,0,0,0,0.15945620375150577,0.8405437962484943,1.0
c02,translation_compensated,16,32,10_percent,1,58110,19762,0,10496,4,0,0,0.3400791602133884,0.6599208397866116,2.1327433628318584
c02,translation_compensated,16,32,10_percent,2,58110,26725,0,17459,27,1,0,0.45990363104457066,0.5400963689554293,2.884200302180013
c02,translation_compensated,16,64,any,0,15496,7136,1937,0,3,0,0,0.4605059370160041,0.5394940629839959,1.0
c02,translation_compensated,16,64,any,1,15496,10628,1937,3492,99,34,2,0.6858544140423335,0.3141455859576665,1.4893497757847534
c02,translation_compensated,16,64,any,2,15496,12009,1937,4873,113,94,16,0.7749741868869385,0.22502581311306147,1.6828755605381165
c02,translation_compensated,16,64,1_percent,0,15496,5813,1937,0,0,0,0,0.3751290655653072,0.6248709344346928,1.0
c02,translation_compensated,16,64,1_percent,1,15496,9598,1937,3785,75,9,0,0.6193856479091379,0.38061435209086214,1.651126784792706
c02,translation_compensated,16,64,1_percent,2,15496,11427,1937,5614,105,68,1,0.7374161073825504,0.26258389261744963,1.9657663856872527
c02,translation_compensated,16,64,5_percent,0,15496,3828,1937,0,0,0,0,0.24703149199793495,0.752968508002065,1.0
c02,translation_compensated,16,64,5_percent,1,15496,7566,1937,3738,35,3,0,0.48825503355704697,0.511744966442953,1.9764890282131662
c02,translation_compensated,16,64,5_percent,2,15496,9806,1937,5978,76,36,1,0.6328084667010841,0.36719153329891585,2.5616509926854754
c02,translation_compensated,16,64,10_percent,0,15496,2574,1937,0,0,0,0,0.16610738255033558,0.8338926174496644,1.0
c02,translation_compensated,16,64,10_percent,1,15496,5876,1937,3302,18,1,0,0.37919463087248323,0.6208053691275168,2.282828282828283
c02,translation_compensated,16,64,10_percent,2,15496,8006,1937,5432,56,18,0,0.5166494579246257,0.4833505420753743,3.1103341103341102
c03,raw,0,8,any,0,555360,412030,0,0,65,29,0,0.7419151541342552,0.25808484586574476,1.0
c03,raw,0,8,any,1,555360,462989,0,50959,76,59,3,0.8336736531259004,0.16632634687409964,1.1236778875324613
c03,raw,0,8,any,2,555360,480362,0,68332,79,75,17,0.8649560645347162,0.13504393546528382,1.1658422930369148
c03,raw,0,8,1_percent,0,555360,412030,0,0,65,29,0,0.7419151541342552,0.25808484586574476,1.0
c03,raw,0,8,1_percent,1,555360,462989,0,50959,76,59,3,0.8336736531259004,0.16632634687409964,1.1236778875324613
c03,raw,0,8,1_percent,2,555360,480362,0,68332,79,75,17,0.8649560645347162,0.13504393546528382,1.1658422930369148
c03,raw,0,8,5_percent,0,555360,392605,0,0,56,16,0,0.7069378421204264,0.29306215787957357,1.0
c03,raw,0,8,5_percent,1,555360,456468,0,63863,76,56,0,0.8219317199654278,0.1780682800345722,1.162664764839979
c03,raw,0,8,5_percent,2,555360,477112,0,84507,79,73,8,0.8591040046096226,0.14089599539037745,1.215246876631729
c03,raw,0,8,10_percent,0,555360,374244,0,0,46,10,0,0.673876404494382,0.326123595505618,1.0
c03,raw,0,8,10_percent,1,555360,449565,0,75321,75,52,0,0.809501944684529,0.19049805531547104,1.2012617436752493
c03,raw,0,8,10_percent,2,555360,473591,0,99347,79,70,4,0.8527639729184673,0.14723602708153272,1.2654605017047702
c03,raw,0,16,any,0,138840,111247,0,0,74,49,2,0.801260443676174,0.198739556323826,1.0
c03,raw,0,16,any,1,138840,121084,0,9837,79,76,27,0.8721117833477384,0.12788821665226158,1.088424856400622
c03,raw,0,16,any,2,138840,122766,0,11519,79,79,58,0.8842264477095938,0.1157735522904062,1.10354436524131
c03,raw,0,16,1_percent,0,138840,109870,0,0,69,46,0,0.7913425525785076,0.2086574474214924,1.0
c03,raw,0,16,1_percent,1,138840,120716,0,10846,79,76,24,0.8694612503601268,0.13053874963987322,1.0987166651497224
c03,raw,0,16,1_percent,2,138840,122624,0,12754,79,78,56,0.8832036876980697,0.11679631230193033,1.1160826431236917
c03,raw,0,16,5_percent,0,138840,104713,0,0,65,31,0,0.7541990780754826,0.2458009219245174,1.0
c03,raw,0,16,5_percent,1,138840,119105,0,14392,79,70,11,0.8578579660040334,0.1421420339959666,1.137442342402567
c03,raw,0,16,5_percent,2,138840,122040,0,17327,79,77,50,0.8789974070872947,0.12100259291270532,1.1654713359372761
c03,raw,0,16,10_percent,0,138840,98452,0,0,52,19,0,0.7091040046096226,0.29089599539037736,1.0
c03,raw,0,16,10_percent,1,138840,114858,0,16406,76,58,5,0.8272687986171132,0.17273120138288678,1.1666395807093812
c03,raw,0,16,10_percent,2,138840,119815,0,21363,79,72,32,0.8629717660616537,0.1370282339383463,1.2169889895583634
c03,raw,0,32,any,0,34710,29617,0,0,79,69,16,0.85326995102276,0.14673004897723996,1.0
c03,raw,0,32,any,1,34710,30750,0,1133,79,79,72,0.8859118409680208,0.11408815903197922,1.0382550562177129
c03,raw,0,32,any,2,34710,30807,0,1190,79,79,78,0.8875540190146932,0.11244598098530678,1.0401796265658236
c03,raw,0,32,1_percent,0,34710,29089,0,0,77,63,7,0.8380581964851628,0.16194180351483722,1.0
c03,raw,0,32,1_percent,1,34710,30685,0,1596,79,79,63,0.8840391817919908,0.11596081820800919,1.054866100587851
c03,raw,0,32,1_percent,2,34710,30793,0,1704,79,79,77,0.8871506770383175,0.11284932296168249,1.058578844236653
c03,raw,0,32,5_percent,0,34710,27016,0,0,68,43,2,0.7783347738403918,0.22166522615960815,1.0
c03,raw,0,32,5_percent,1,34710,29938,0,2922,79,71,37,0.8625180063382311,0.13748199366176894,1.1081581285164348
c03,raw,0,32,5_percent,2,34710,30611,0,3595,79,79,61,0.8819072313454336,0.11809276865456642,1.1330692922712466
c03,raw,0,32,10_percent,0,34710,25261,0,0,60,27,0,0.7277729760875828,0.27222702391241715,1.0
c03,raw,0,32,10_percent,1,34710,28895,0,3634,78,60,20,0.8324690290982426,0.1675309709017574,1.1438581212145205
c03,raw,0,32,10_percent,2,34710,30079,0,4818,79,72,48,0.8665802362431576,0.1334197637568424,1.1907287914176004
c03,raw,0,64,any,0,9256,8148,1157,0,79,77,60,0.8802938634399309,0.11970613656006912,1.0
c03,raw,0,64,any,1,9256,8216,1157,68,79,79,79,0.8876404494382022,0.1123595505617978,1.0083456062837506
c03,raw,0,64,any,2,9256,8216,1157,68,79,79,79,0.8876404494382022,0.1123595505617978,1.0083456062837506
c03,raw,0,64,1_percent,0,9256,7988,1157,0,79,71,42,0.8630077787381158,0.13699222126188415,1.0
c03,raw,0,64,1_percent,1,9256,8213,1157,225,79,79,76,0.8873163353500432,0.11268366464995683,1.0281672508763144
c03,raw,0,64,1_percent,2,9256,8216,1157,228,79,79,79,0.8876404494382022,0.1123595505617978,1.028542814221332
c03,raw,0,64,5_percent,0,9256,7406,1157,0,70,49,11,0.8001296456352636,0.19987035436473644,1.0
c03,raw,0,64,5_percent,1,9256,8071,1157,665,79,73,60,0.8719749351771824,0.1280250648228176,1.0897920604914935
c03,raw,0,64,5_percent,2,9256,8170,1157,764,79,79,73,0.8826707000864304,0.11732929991356955,1.1031596003240616
c03,raw,0,64,10_percent,0,9256,6916,1157,0,63,32,4,0.7471910112359551,0.2528089887640449,1.0
c03,raw,0,64,10_percent,1,9256,7895,1157,979,78,66,42,0.8529602420051858,0.14703975799481417,1.1415558126084442
c03,raw,0,64,10_percent,2,9256,8111,1157,1195,79,78,67,0.8762964563526361,0.12370354364736391,1.1727877385772123
c03,raw,1,8,any,0,555360,332194,0,0,18,0,0,0.598159752232786,0.40184024776721405,1.0
c03,raw,1,8,any,1,555360,423717,0,91523,69,31,0,0.762959161624892,0.23704083837510803,1.2755106955574151
c03,raw,1,8,any,2,555360,456626,0,124432,79,60,0,0.8222162201094786,0.1777837798905214,1.374576301799551
c03,raw,1,8,1_percent,0,555360,332194,0,0,18,0,0,0.598159752232786,0.40184024776721405,1.0
c03,raw,1,8,1_percent,1,555360,423717,0,91523,69,31,0,0.762959161624892,0.23704083837510803,1.2755106955574151
c03,raw,1,8,1_percent,2,555360,456626,0,124432,79,60,0,0.8222162201094786,0.1777837798905214,1.374576301799551
c03,raw,1,8,5_percent,0,555360,286254,0,0,2,0,0,0.5154386343993086,0.4845613656006914,1.0
c03,raw,1,8,5_percent,1,555360,390047,0,103793,59,7,0,0.7023318208009219,0.29766817919907806,1.3625905664200326
c03,raw,1,8,5_percent,2,555360,431680,0,145426,74,39,0,0.7772976087582829,0.2227023912417171,1.5080313288198592
c03,raw,1,8,10_percent,0,555360,258524,0,0,1,0,0,0.46550705848458657,0.5344929415154134,1.0
c03,raw,1,8,10_percent,1,555360,370096,0,111572,44,1,0,0.6664073753961395,0.3335926246038605,1.4315730841237178
c03,raw,1,8,10_percent,2,555360,416814,0,158290,67,21,0,0.7505293863439931,0.24947061365600687,1.6122835790874348
c03,raw,1,16,any,0,138840,98414,0,0,59,9,0,0.7088303082685106,0.29116969173148943,1.0
c03,raw,1,16,any,1,138840,116466,0,18052,79,65,0,0.8388504753673293,0.16114952463267074,1.1834291869043023
c03,raw,1,16,any,2,138840,121173,0,22759,79,76,18,0.8727528089887641,0.12724719101123594,1.231257747881399
c03,raw,1,16,1_percent,0,138840,92612,0,0,43,1,0,0.6670411985018727,0.3329588014981273,1.0
c03,raw,1,16,1_percent,1,138840,113071,0,20459,79,57,0,0.8143978680495535,0.1856021319504465,1.2209108970759728
c03,raw,1,16,1_percent,2,138840,119342,0,26730,79,74,4,0.8595649668683376,0.1404350331316624,1.288623504513454
c03,raw,1,16,5_percent,0,138840,80739,0,0,14,0,0,0.5815254969749352,0.41847450302506484,1.0
c03,raw,1,16,5_percent,1,138840,105782,0,25043,68,28,0,0.7618985883030827,0.23810141169691734,1.3101722835308836
c03,raw,1,16,5_percent,2,138840,115340,0,34601,79,62,0,0.8307404206280611,0.16925957937193892,1.4285537348741004
c03,raw,1,16,10_percent,0,138840,71330,0,0,4,0,0,0.5137568424085278,0.4862431575914722,1.0
c03,raw,1,16,10_percent,1,138840,98246,0,26916,57,14,0,0.7076202823393835,0.29237971766061654,1.3773447357353148
c03,raw,1,16,10_percent,2,138840,109311,0,37981,71,44,0,0.7873163353500432,0.2126836646499568,1.5324688069535959
c03,raw,1,32,any,0,34710,27795,0,0,75,48,0,0.8007778738115817,0.19922212618841828,1.0
c03,raw,1,32,any,1,34710,30544,0,2749,79,79,43,0.8799769518870643,0.12002304811293574,1.0989026803381903
c03,raw,1,32,any,2,34710,30791,0,2996,79,79,74,0.887093056755978,0.11290694324402195,1.1077891707141572
c03,raw,1,32,1_percent,0,34710,25397,0,0,65,16,0,0.731691155286661,0.26830884471333905,1.0
c03,raw,1,32,1_percent,1,34710,29844,0,4447,79,73,15,0.8598098530682801,0.14019014693171994,1.1750994211914794
c03,raw,1,32,1_percent,2,34710,30668,0,5271,79,79,59,0.883549409392106,0.11645059060789398,1.207544198133638
c03,raw,1,32,5_percent,0,34710,21787,0,0,26,1,0,0.6276865456640738,0.3723134543359262,1.0
c03,raw,1,32,5_percent,1,34710,27506,0,5719,72,45,0,0.7924517430135408,0.20754825698645918,1.2624959838435765
c03,raw,1,32,5_percent,2,34710,29425,0,7638,79,64,30,0.8477384039181792,0.15226159608182077,1.3505760315784643
c03,raw,1,32,10_percent,0,34710,19306,0,0,11,0,0,0.5562085854220685,0.4437914145779315,1.0
c03,raw,1,32,10_percent,1,34710,25635,0,6329,63,24,0,0.7385479688850476,0.2614520311149524,1.3278255464622397
c03,raw,1,32,10_percent,2,34710,28127,0,8821,77,46,9,0.8103428406799194,0.18965715932008065,1.4569045892468662
c03,raw,1,64,any,0,9256,7960,1157,0,79,73,25,0.8599827139152982,0.14001728608470176,1.0
c03,raw,1,64,any,1,9256,8215,1157,255,79,79,78,0.8875324114088159,0.11246758859118411,1.032035175879397
c03,raw,1,64,any,2,9256,8216,1157,256,79,79,79,0.8876404494382022,0.1123595505617978,1.0321608040201005
c03,raw,1,64,1_percent,0,9256,7212,1157,0,69,41,0,0.7791702679343129,0.22082973206568712,1.0
c03,raw,1,64,1_percent,1,9256,8101,1157,889,79,73,64,0.8752160760587727,0.12478392394122728,1.1232667775929006
c03,raw,1,64,1_percent,2,9256,8183,1157,971,79,79,73,0.8840751944684528,0.11592480553154716,1.134636716583472
c03,raw,1,64,5_percent,0,9256,6135,1157,0,39,8,0,0.6628133102852204,0.3371866897147796,1.0
c03,raw,1,64,5_percent,1,9256,7608,1157,1473,76,57,23,0.8219533275713051,0.17804667242869487,1.2400977995110025
c03,raw,1,64,5_percent,2,9256,8035,1157,1900,79,76,57,0.868085566119274,0.131914433880726,1.3096984515077426
c03,raw,1,64,10_percent,0,9256,5402,1157,0,17,0,0,0.5836214347450303,0.41637856525496975,1.0
c03,raw,1,64,10_percent,1,9256,7165,1157,1763,67,39,9,0.7740924805531547,0.22590751944684528,1.326360607182525
c03,raw,1,64,10_percent,2,9256,7814,1157,2412,79,63,36,0.844209161624892,0.155790838375108,1.4465012958163643
c03,raw,2,8,any,0,555360,255414,0,0,0,0,0,0.45990708729472773,0.5400929127052723,1.0
c03,raw,2,8,any,1,555360,359409,0,103995,34,0,0,0.6471640017286084,0.35283599827139156,1.4071624891352863
c03,raw,2,8,any,2,555360,405005,0,149591,64,11,0,0.7292657015269375,0.2707342984730625,1.585680503026459
c03,raw,2,8,1_percent,0,555360,255414,0,0,0,0,0,0.45990708729472773,0.5400929127052723,1.0
c03,raw,2,8,1_percent,1,555360,359409,0,103995,34,0,0,0.6471640017286084,0.35283599827139156,1.4071624891352863
c03,raw,2,8,1_percent,2,555360,405005,0,149591,64,11,0,0.7292657015269375,0.2707342984730625,1.585680503026459
c03,raw,2,8,5_percent,0,555360,212275,0,0,0,0,0,0.3822295447997695,0.6177704552002306,1.0
c03,raw,2,8,5_percent,1,555360,310765,0,98490,10,0,0,0.5595739700374532,0.44042602996254676,1.4639736191261337
c03,raw,2,8,5_percent,2,555360,357390,0,145115,31,0,0,0.643528522039758,0.35647147796024203,1.68361794841597
c03,raw,2,8,10_percent,0,555360,192647,0,0,0,0,0,0.3468867041198502,0.6531132958801498,1.0
c03,raw,2,8,10_percent,1,555360,290925,0,98278,2,0,0,0.5238493949870354,0.4761506050129646,1.5101454992810686
c03,raw,2,8,10_percent,2,555360,337318,0,144671,20,0,0,0.6073861999423797,0.39261380005762025,1.7509641987676943
c03,raw,2,16,any,0,138840,80523,0,0,10,0,0,0.5799697493517718,0.4200302506482282,1.0
c03,raw,2,16,any,1,138840,105010,0,24487,70,24,0,0.7563382310573322,0.24366176894266778,1.3040994498466276
c03,raw,2,16,any,2,138840,114340,0,33817,79,62,0,0.8235378853356381,0.1764621146643619,1.4199669659600362
c03,raw,2,16,1_percent,0,138840,73086,0,0,2,0,0,0.5264044943820225,0.4735955056179775,1.0
c03,raw,2,16,1_percent,1,138840,97529,0,24443,57,6,0,0.7024560645347162,0.2975439354652838,1.3344416167255015
c03,raw,2,16,1_percent,2,138840,108431,0,35345,77,33,0,0.7809781042927111,0.21902189570728892,1.4836083518047232
c03,raw,2,16,5_percent,0,138840,62113,0,0,0,0,0,0.44737107461826564,0.5526289253817344,1.0
c03,raw,2,16,5_percent,1,138840,86774,0,24661,22,0,0,0.6249927974647076,0.3750072025352924,1.3970344372353614
c03,raw,2,16,5_percent,2,138840,98033,0,35920,57,9,0,0.7060861423220974,0.29391385767790257,1.5783008387938113
c03,raw,2,16,10_percent,0,138840,55419,0,0,0,0,0,0.39915730337078653,0.6008426966292135,1.0
c03,raw,2,16,10_percent,1,138840,81470,0,26051,16,0,0,0.5867905502736963,0.4132094497263037,1.4700734405167903
c03,raw,2,16,10_percent,2,138840,93140,0,37721,41,1,0,0.670844137136272,0.329155862863728,1.6806510402569517
c03,raw,2,32,any,0,34710,24151,0,0,58,0,0,0.695793719389225,0.30420628061077504,1.0
c03,raw,2,32,any,1,34710,29265,0,5114,79,69,0,0.8431287813310285,0.15687121866897147,1.2117510662084385
c03,raw,2,32,any,2,34710,30597,0,6446,79,79,48,0.8815038893690579,0.11849611063094212,1.2669040619436047
c03,raw,2,32,1_percent,0,34710,20469,0,0,15,0,0,0.58971477960242,0.41028522039758,1.0
c03,raw,2,32,1_percent,1,34710,26304,0,5835,71,25,0,0.7578219533275713,0.2421780466724287,1.2850652205774586
c03,raw,2,32,1_percent,2,34710,29079,0,8610,79,66,6,0.8377700950734659,0.1622299049265341,1.4206360838340906
c03,raw,2,32,5_percent,0,34710,17611,0,0,0,0,0,0.507375396139441,0.49262460386055895,1.0
c03,raw,2,32,5_percent,1,34710,23814,0,6203,51,4,0,0.6860847018150389,0.3139152981849611,1.3522230424166715
c03,raw,2,32,5_percent,2,34710,26650,0,9039,75,24,0,0.7677902621722846,0.23220973782771537,1.513258758730339
c03,raw,2,32,10_percent,0,34710,15555,0,0,0,0,0,0.4481417458945549,0.5518582541054451,1.0
c03,raw,2,32,10_percent,1,34710,22400,0,6845,31,1,0,0.6453471622010948,0.3546528377989052,1.4400514304082288
c03,raw,2,32,10_percent,2,34710,25424,0,9869,64,17,0,0.7324690290982426,0.26753097090175737,1.6344583735133398
c03,raw,2,64,any,0,9256,7319,1157,0,76,40,0,0.7907303370786517,0.2092696629213483,1.0
c03,raw,2,64,any,1,9256,8200,1157,881,79,79,70,0.8859118409680208,0.11408815903197922,1.1203716354693265
c03,raw,2,64,any,2,9256,8216,1157,897,79,79,79,0.8876404494382022,0.1123595505617978,1.1225577264653641
c03,raw,2,64,1_percent,0,9256,5936,1157,0,28,0,0,0.641313742437338,0.35868625756266204,1.0
c03,raw,2,64,1_percent,1,9256,7576,1157,1640,78,55,12,0.8184961106309421,0.18150388936905792,1.2762803234501348
c03,raw,2,64,1_percent,2,9256,8063,1157,2127,79,78,55,0.8711106309420916,0.12888936905790838,1.358322102425876
c03,raw,2,64,5_percent,0,9256,5075,1157,0,6,0,0,0.5482929991356957,0.45170700086430426,1.0
c03,raw,2,64,5_percent,1,9256,6822,1157,1747,66,20,0,0.7370354364736387,0.26296456352636133,1.3442364532019704
c03,raw,2,64,5_percent,2,9256,7648,1157,2573,79,63,14,0.8262748487467588,0.17372515125324117,1.5069950738916256
c03,raw,2,64,10_percent,0,9256,4440,1157,0,1,0,0,0.47968885047536736,0.5203111495246326,1.0
c03,raw,2,64,10_percent,1,9256,6362,1157,1922,51,11,0,0.6873379429559204,0.31266205704407957,1.4328828828828828
c03,raw,2,64,10_percent,2,9256,7347,1157,2907,77,39,8,0.7937554019014693,0.20624459809853068,1.6547297297297296
c03,raw,4,8,any,0,555360,191810,0,0,0,0,0,0.3453795736099107,0.6546204263900893,1.0
c03,raw,4,8,any,1,555360,285041,0,93231,0,0,0,0.5132544655718813,0.48674553442811874,1.4860591210051615
c03,raw,4,8,any,2,555360,333433,0,141623,14,0,0,0.6003907375396139,0.3996092624603861,1.7383504509671028
c03,raw,4,8,1_percent,0,555360,191810,0,0,0,0,0,0.3453795736099107,0.6546204263900893,1.0
c03,raw,4,8,1_percent,1,555360,285041,0,93231,0,0,0,0.5132544655718813,0.48674553442811874,1.4860591210051615
c03,raw,4,8,1_percent,2,555360,333433,0,141623,14,0,0,0.6003907375396139,0.3996092624603861,1.7383504509671028
c03,raw,4,8,5_percent,0,555360,168101,0,0,0,0,0,0.30268834629789687,0.6973116537021031,1.0
c03,raw,4,8,5_percent,1,555360,263322,0,95221,0,0,0,0.4741464995678479,0.5258535004321521,1.566451121647105
c03,raw,4,8,5_percent,2,555360,310715,0,142614,5,0,0,0.559483938346298,0.44051606165370205,1.8483828174728287
c03,raw,4,8,10_percent,0,555360,154306,0,0,0,0,0,0.27784860270815326,0.7221513972918467,1.0
c03,raw,4,8,10_percent,1,555360,252417,0,98111,0,0,0,0.45451058772687986,0.5454894122731202,1.6358210309385248
c03,raw,4,8,10_percent,2,555360,300570,0,146264,1,0,0,0.5412165082108902,0.4587834917891098,1.9478827783754358
c03,raw,4,16,any,0,138840,62415,0,0,0,0,0,0.44954624027657736,0.5504537597234227,1.0
c03,raw,4,16,any,1,138840,87759,0,25344,23,0,0,0.6320872947277442,0.36791270527225584,1.406056236481615
c03,raw,4,16,any,2,138840,100511,0,38096,67,10,0,0.7239340247767214,0.2760659752232786,1.6103660978931347
c03,raw,4,16,1_percent,0,138840,58793,0,0,0,0,0,0.4234586574474215,0.5765413425525785,1.0
c03,raw,4,16,1_percent,1,138840,83736,0,24943,13,0,0,0.6031114952463267,0.3968885047536733,1.424251186365724
c03,raw,4,16,1_percent,2,138840,96134,0,37341,56,3,0,0.6924085278017862,0.3075914721982138,1.6351266307213443
c03,raw,4,16,5_percent,0,138840,51876,0,0,0,0,0,0.37363872082973204,0.626361279170268,1.0
c03,raw,4,16,5_percent,1,138840,78070,0,26194,5,0,0,0.5623019302794584,0.4376980697205416,1.5049348446295012
c03,raw,4,16,5_percent,2,138840,89970,0,38094,29,0,0,0.6480121002592912,0.35198789974070877,1.734328012953967
c03,raw,4,16,10_percent,0,138840,45691,0,0,0,0,0,0.32909104004609624,0.6709089599539038,1.0
c03,raw,4,16,10_percent,1,138840,73545,0,27854,3,0,0,0.5297104580812446,0.4702895419187554,1.6096167735440239
c03,raw,4,16,10_percent,2,138840,85850,0,40159,19,0,0,0.6183376548545088,0.38166234514549124,1.8789258278435579
c03,raw,4,32,any,0,34710,19537,0,0,5,0,0,0.5628637280322674,0.43713627196773264,1.0
c03,raw,4,32,any,1,34710,26249,0,6712,73,17,0,0.7562373955632382,0.2437626044367618,1.343553257920868
c03,raw,4,32,any,2,34710,29378,0,9841,79,73,4,0.8463843272832037,0.15361567271679633,1.5037109075088293
c03,raw,4,32,1_percent,0,34710,17557,0,0,0,0,0,0.5058196485162777,0.4941803514837223,1.0
c03,raw,4,32,1_percent,1,34710,23886,0,6329,56,3,0,0.6881590319792567,0.31184096802074335,1.3604829982343225
c03,raw,4,32,1_percent,2,34710,27233,0,9676,77,42,0,0.7845865744742149,0.21541342552578513,1.5511192117104289
c03,raw,4,32,5_percent,0,34710,15175,0,0,0,0,0,0.43719389225007205,0.562806107749928,1.0
c03,raw,4,32,5_percent,1,34710,22068,0,6893,26,0,0,0.6357821953327571,0.36421780466724285,1.4542339373970345
c03,raw,4,32,5_percent,2,34710,25075,0,9900,63,9,0,0.7224142898300202,0.2775857101699798,1.6523887973640856
c03,raw,4,32,10_percent,0,34710,12889,0,0,0,0,0,0.37133390953615675,0.6286660904638433,1.0
c03,raw,4,32,10_percent,1,34710,20422,0,7533,15,0,0,0.5883607029674446,0.4116392970325554,1.5844518581736364
c03,raw,4,32,10_percent,2,34710,23793,0,10904,48,6,0,0.6854796888504754,0.3145203111495246,1.8459927069594229
c03,raw,4,64,any,0,9256,6143,1157,0,44,0,0,0.6636776145203112,0.33632238547968885,1.0
c03,raw,4,64,any,1,9256,7991,1157,1848,79,75,31,0.8633318928262749,0.13666810717372513,1.3008302132508547
c03,raw,4,64,any,2,9256,8196,1157,2053,79,79,74,0.8854796888504753,0.11452031114952466,1.334201530196972
c03,raw,4,64,1_percent,0,9256,5256,1157,0,6,0,0,0.567847882454624,0.43215211754537597,1.0
c03,raw,4,64,1_percent,1,9256,6924,1157,1668,75,12,0,0.7480553154710458,0.25194468452895424,1.317351598173516
c03,raw,4,64,1_percent,2,9256,7713,1157,2457,79,74,3,0.8332973206568712,0.16670267934312877,1.4674657534246576
c03,raw,4,64,5_percent,0,9256,4424,1157,0,0,0,0,0.47796024200518583,0.5220397579948142,1.0
c03,raw,4,64,5_percent,1,9256,6311,1157,1887,49,5,0,0.681828003457217,0.31817199654278305,1.4265370705244123
c03,raw,4,64,5_percent,2,9256,7318,1157,2894,78,44,3,0.7906222990492653,0.2093777009507347,1.6541591320072333
c03,raw,4,64,10_percent,0,9256,3682,1157,0,0,0,0,0.39779602420051857,0.6022039757994815,1.0
c03,raw,4,64,10_percent,1,9256,5892,1157,2210,36,3,0,0.6365600691443388,0.3634399308556612,1.6002172732210755
c03,raw,4,64,10_percent,2,9256,7015,1157,3333,69,24,3,0.7578867761452031,0.24211322385479694,1.9052145573058121
c03,raw,8,8,any,0,555360,155883,0,0,0,0,0,0.280688202247191,0.719311797752809,1.0
c03,raw,8,8,any,1,555360,248833,0,92950,0,0,0,0.4480571161048689,0.551942883895131,1.5962805437411391
c03,raw,8,8,any,2,555360,296792,0,140909,0,0,0,0.5344137136271968,0.4655862863728032,1.9039407760948917
c03,raw,8,8,1_percent,0,555360,155883,0,0,0,0,0,0.280688202247191,0.719311797752809,1.0
c03,raw,8,8,1_percent,1,555360,248833,0,92950,0,0,0,0.4480571161048689,0.551942883895131,1.5962805437411391
c03,raw,8,8,1_percent,2,555360,296792,0,140909,0,0,0,0.5344137136271968,0.4655862863728032,1.9039407760948917
c03,raw,8,8,5_percent,0,555360,135778,0,0,0,0,0,0.24448645923365026,0.7555135407663498,1.0
c03,raw,8,8,5_percent,1,555360,232560,0,96782,0,0,0,0.4187554019014693,0.5812445980985307,1.7127958874044396
c03,raw,8,8,5_percent,2,555360,282274,0,146496,0,0,0,0.5082721117833477,0.49172788821665225,2.078937677679742
c03,raw,8,8,10_percent,0,555360,122718,0,0,0,0,0,0.22097018150388936,0.7790298184961106,1.0
c03,raw,8,8,10_percent,1,555360,222221,0,99503,0,0,0,0.40013864880437916,0.5998613511956208,1.8108264476278948
c03,raw,8,8,10_percent,2,555360,273763,0,151045,0,0,0,0.4929469173148948,0.5070530826851052,2.230830033083981
c03,raw,8,16,any,0,138840,53310,0,0,0,0,0,0.38396715643906654,0.6160328435609335,1.0
c03,raw,8,16,any,1,138840,78463,0,25153,7,0,0,0.5651325266493806,0.43486747335061937,1.471825173513412
c03,raw,8,16,any,2,138840,90734,0,37424,33,0,0,0.6535148372227024,0.3464851627772976,1.7020071281185518
c03,raw,8,16,1_percent,0,138840,50365,0,0,0,0,0,0.362755690002881,0.637244309997119,1.0
c03,raw,8,16,1_percent,1,138840,76005,0,25640,2,0,0,0.547428694900605,0.452571305099395,1.5090836890697905
c03,raw,8,16,1_percent,2,138840,88137,0,37772,21,0,0,0.6348098530682801,0.3651901469317199,1.749965253648367
c03,raw,8,16,5_percent,0,138840,43508,0,0,0,0,0,0.31336790550273697,0.686632094497263,1.0
c03,raw,8,16,5_percent,1,138840,71482,0,27974,0,0,0,0.5148516277729761,0.4851483722270239,1.6429622138457296
c03,raw,8,16,5_percent,2,138840,84264,0,40756,15,0,0,0.606914433880726,0.39308556611927403,1.9367472648708284
c03,raw,8,16,10_percent,0,138840,36438,0,0,0,0,0,0.2624459809853068,0.7375540190146932,1.0
c03,raw,8,16,10_percent,1,138840,65491,0,29053,0,0,0,0.4717012388360703,0.5282987611639297,1.7973269663538065
c03,raw,8,16,10_percent,2,138840,79065,0,42627,11,0,0,0.5694684528954191,0.43053154710458086,2.1698501564301003
c03,raw,8,32,any,0,34710,17255,0,0,0,0,0,0.49711898588303083,0.5028810141169692,1.0
c03,raw,8,32,any,1,34710,23859,0,6604,55,2,0,0.687381158167675,0.312618841832325,1.3827296435815706
c03,raw,8,32,any,2,34710,27361,0,10106,76,42,0,0.7882742725439355,0.21172572745606455,1.585685308606201
c03,raw,8,32,1_percent,0,34710,15664,0,0,0,0,0,0.4512820512820513,0.5487179487179488,1.0
c03,raw,8,32,1_percent,1,34710,22483,0,6819,26,0,0,0.6477384039181792,0.35226159608182084,1.435329417773238
c03,raw,8,32,1_percent,2,34710,25848,0,10184,73,12,0,0.7446845289541919,0.2553154710458081,1.650153217568948
c03,raw,8,32,5_percent,0,34710,12855,0,0,0,0,0,0.3703543647363872,0.6296456352636128,1.0
c03,raw,8,32,5_percent,1,34710,20461,0,7606,15,0,0,0.5894842984730625,0.4105157015269375,1.5916763905095295
c03,raw,8,32,5_percent,2,34710,23870,0,11015,49,6,0,0.6876980697205416,0.3123019302794584,1.8568650330610657
c03,raw,8,32,10_percent,0,34710,10132,0,0,0,0,0,0.2919043503313166,0.7080956496686834,1.0
c03,raw,8,32,10_percent,1,34710,18262,0,8130,5,0,0,0.5261307980409105,0.47386920195908955,1.8024082116067903
c03,raw,8,32,10_percent,2,34710,22145,0,12013,35,3,0,0.6380005762028234,0.36199942379717664,2.1856494275562572
c03,raw,8,64,any,0,9256,5459,1157,0,11,0,0,0.5897796024200519,0.4102203975799481,1.0
c03,raw,8,64,any,1,9256,7454,1157,1995,76,57,1,0.8053154710458081,0.19468452895419186,1.3654515479025462
c03,raw,8,64,any,2,9256,8058,1157,2599,79,77,52,0.8705704407951599,0.12942955920484012,1.4760945228063749
c03,raw,8,64,1_percent,0,9256,4872,1157,0,1,0,0,0.526361279170268,0.473638720829732,1.0
c03,raw,8,64,1_percent,1,9256,6709,1157,1837,67,9,0,0.7248271391529818,0.2751728608470182,1.3770525451559934
c03,raw,8,64,1_percent,2,9256,7605,1157,2733,79,67,3,0.8216292134831461,0.1783707865168539,1.560960591133005
c03,raw,8,64,5_percent,0,9256,3793,1157,0,0,0,0,0.4097882454624028,0.5902117545375972,1.0
c03,raw,8,64,5_percent,1,9256,5962,1157,2169,36,3,0,0.6441227312013829,0.35587726879861714,1.5718428684418666
c03,raw,8,64,5_percent,2,9256,7045,1157,3252,74,27,1,0.7611279170267934,0.2388720829732066,1.8573688373319273
c03,raw,8,64,10_percent,0,9256,2822,1157,0,0,0,0,0.30488331892826276,0.6951166810717373,1.0
c03,raw,8,64,10_percent,1,9256,5261,1157,2439,20,0,0,0.5683880726015558,0.43161192739844423,1.864280652019844
c03,raw,8,64,10_percent,2,9256,6523,1157,3701,51,15,0,0.7047320656871219,0.2952679343128781,2.3114812189936216
c03,raw,16,8,any,0,555360,122713,0,0,0,0,0,0.22096117833477383,0.7790388216652262,1.0
c03,raw,16,8,any,1,555360,215643,0,92930,0,0,0,0.38829407951598965,0.6117059204840103,1.7572954780667085
c03,raw,16,8,any,2,555360,266648,0,143935,0,0,0,0.48013540766349755,0.5198645923365024,2.172940112294541
c03,raw,16,8,1_percent,0,555360,122713,0,0,0,0,0,0.22096117833477383,0.7790388216652262,1.0
c03,raw,16,8,1_percent,1,555360,215643,0,92930,0,0,0,0.38829407951598965,0.6117059204840103,1.7572954780667085
c03,raw,16,8,1_percent,2,555360,266648,0,143935,0,0,0,0.48013540766349755,0.5198645923365024,2.172940112294541
c03,raw,16,8,5_percent,0,555360,104386,0,0,0,0,0,0.18796096225871506,0.8120390377412849,1.0
c03,raw,16,8,5_percent,1,555360,199911,0,95525,0,0,0,0.3599665082108902,0.6400334917891097,1.9151131377770965
c03,raw,16,8,5_percent,2,555360,253391,0,149005,0,0,0,0.45626440507058486,0.5437355949294151,2.4274423773302933
c03,raw,16,8,10_percent,0,555360,91439,0,0,0,0,0,0.16464815615096515,0.8353518438490348,1.0
c03,raw,16,8,10_percent,1,555360,187134,0,95695,0,0,0,0.3369598098530683,0.6630401901469317,2.0465446909961833
c03,raw,16,8,10_percent,2,555360,242327,0,150888,0,0,0,0.436342192451743,0.563657807548257,2.6501492798477675
c03,raw,16,16,any,0,138840,44567,0,0,0,0,0,0.32099539037741287,0.6790046096225871,1.0
c03,raw,16,16,any,1,138840,71166,0,26599,0,0,0,0.5125756266205704,0.48742437337942957,1.596831736486638
c03,raw,16,16,any,2,138840,83445,0,38878,14,0,0,0.6010155574762316,0.3989844425237684,1.872349496264052
c03,raw,16,16,1_percent,0,138840,41846,0,0,0,0,0,0.30139729184673003,0.69860270815327,1.0
c03,raw,16,16,1_percent,1,138840,69257,0,27411,0,0,0,0.4988259867473351,0.501174013252665,1.6550446876642928
c03,raw,16,16,1_percent,2,138840,81854,0,40008,10,0,0,0.5895563238259868,0.41044367617401323,1.9560770444008986
c03,raw,16,16,5_percent,0,138840,34315,0,0,0,0,0,0.24715499855949294,0.752845001440507,1.0
c03,raw,16,16,5_percent,1,138840,63571,0,29256,0,0,0,0.45787237107461826,0.5421276289253818,1.8525717616202826
c03,raw,16,16,5_percent,2,138840,77634,0,43319,7,0,0,0.559161624891962,0.440838375108038,2.262392539705668
c03,raw,16,16,10_percent,0,138840,26472,0,0,0,0,0,0.19066551426101988,0.8093344857389801,1.0
c03,raw,16,16,10_percent,1,138840,54709,0,28237,0,0,0,0.39404350331316623,0.6059564966868338,2.0666742218192806
c03,raw,16,16,10_percent,2,138840,70073,0,43601,3,0,0,0.5047032555459522,0.4952967444540478,2.6470610456331216
c03,raw,16,32,any,0,34710,15209,0,0,0,0,0,0.4381734370498415,0.5618265629501584,1.0
c03,raw,16,32,any,1,34710,21952,0,6743,23,0,0,0.6324402189570729,0.3675597810429271,1.4433559076862383
c03,raw,16,32,any,2,34710,25183,0,9974,67,8,0,0.7255257850763469,0.2744742149236531,1.65579591031626
c03,raw,16,32,1_percent,0,34710,13593,0,0,0,0,0,0.3916162489196197,0.6083837510803802,1.0
c03,raw,16,32,1_percent,1,34710,20949,0,7356,14,0,0,0.6035436473638721,0.3964563526361279,1.5411608916354005
c03,raw,16,32,1_percent,2,34710,24314,0,10721,59,5,0,0.7004897723998847,0.29951022760011525,1.7887147796660046
c03,raw,16,32,5_percent,0,34710,10026,0,0,0,0,0,0.2888504753673293,0.7111495246326707,1.0
c03,raw,16,32,5_percent,1,34710,18290,0,8264,4,0,0,0.5269374819936617,0.47306251800633825,1.8242569319768602
c03,raw,16,32,5_percent,2,34710,22270,0,12244,38,1,0,0.6416018438490348,0.35839815615096515,2.2212248154797525
c03,raw,16,32,10_percent,0,34710,7045,0,0,0,0,0,0.20296744454047824,0.7970325554595218,1.0
c03,raw,16,32,10_percent,1,34710,14963,0,7918,1,0,0,0.43108614232209735,0.5689138576779027,2.123917672107878
c03,raw,16,32,10_percent,2,34710,19444,0,12399,24,1,0,0.560184384903486,0.439815615096514,2.759971611071682
c03,raw,16,64,any,0,9256,5007,1157,0,3,0,0,0.5409464131374244,0.4590535868625756,1.0
c03,raw,16,64,any,1,9256,6830,1157,1823,70,12,0,0.7378997407087294,0.26210025929127057,1.3640902736169362
c03,raw,16,64,any,2,9256,7689,1157,2682,79,67,10,0.8307044079515989,0.16929559204840106,1.535650089874176
c03,raw,16,64,1_percent,0,9256,4384,1157,0,0,0,0,0.4736387208297321,0.5263612791702679,1.0
c03,raw,16,64,1_percent,1,9256,6423,1157,2039,57,4,0,0.6939282627484875,0.3060717372515125,1.4651003649635037
c03,raw,16,64,1_percent,2,9256,7421,1157,3037,78,51,2,0.8017502160760588,0.19824978392394121,1.6927463503649636
c03,raw,16,64,5_percent,0,9256,2928,1157,0,0,0,0,0.3163353500432152,0.6836646499567848,1.0
c03,raw,16,64,5_percent,1,9256,5337,1157,2409,28,1,0,0.5765989628349178,0.42340103716508215,1.8227459016393444
c03,raw,16,64,5_percent,2,9256,6570,1157,3642,55,19,0,0.70980985306828,0.29019014693171996,2.2438524590163933
c03,raw,16,64,10_percent,0,9256,1909,1157,0,0,0,0,0.20624459809853068,0.7937554019014693,1.0
c03,raw,16,64,10_percent,1,9256,4204,1157,2295,10,0,0,0.45419187554019014,0.5458081244598099,2.2022001047668938
c03,raw,16,64,10_percent,2,9256,5575,1157,3666,31,8,0,0.6023120138288678,0.3976879861711322,2.9203771608171816
c03,translation_compensated,0,8,any,0,555360,412290,0,0,65,29,0,0.7423833189282627,0.2576166810717373,1.0
c03,translation_compensated,0,8,any,1,555360,463111,0,50821,76,59,3,0.8338933304523192,0.16610666954768083,1.1232651774236582
c03,translation_compensated,0,8,any,2,555360,480421,0,68131,79,75,17,0.8650623019302794,0.13493769806972056,1.1652501879744839
c03,translation_compensated,0,8,1_percent,0,555360,412290,0,0,65,29,0,0.7423833189282627,0.2576166810717373,1.0
c03,translation_compensated,0,8,1_percent,1,555360,463111,0,50821,76,59,3,0.8338933304523192,0.16610666954768083,1.1232651774236582
c03,translation_compensated,0,8,1_percent,2,555360,480421,0,68131,79,75,17,0.8650623019302794,0.13493769806972056,1.1652501879744839
c03,translation_compensated,0,8,5_percent,0,555360,392827,0,0,56,16,0,0.7073375828291558,0.2926624171708442,1.0
c03,translation_compensated,0,8,5_percent,1,555360,456584,0,63757,76,56,0,0.8221405934889081,0.1778594065110919,1.1623029985209774
c03,translation_compensated,0,8,5_percent,2,555360,477179,0,84352,79,73,8,0.8592246470757706,0.14077535292422938,1.214730657515904
c03,translation_compensated,0,8,10_percent,0,555360,374393,0,0,46,11,0,0.6741446989340247,0.32585530106597527,1.0
c03,translation_compensated,0,8,10_percent,1,555360,449691,0,75298,75,52,0,0.8097288245462403,0.1902711754537597,1.2011202132518504
c03,translation_compensated,0,8,10_percent,2,555360,473664,0,99271,79,70,4,0.8528954191875541,0.14710458081244593,1.2651518591426656
c03,translation_compensated,0,16,any,0,138840,111299,0,0,74,49,2,0.80163497551138,0.19836502448862003,1.0
c03,translation_compensated,0,16,any,1,138840,121094,0,9795,79,76,28,0.8721838087006626,0.1278161912993374,1.0880061815470041
c03,translation_compensated,0,16,any,2,138840,122766,0,11467,79,79,58,0.8842264477095938,0.1157735522904062,1.1030287783358341
c03,translation_compensated,0,16,1_percent,0,138840,109918,0,0,69,46,0,0.791688274272544,0.20831172572745604,1.0
c03,translation_compensated,0,16,1_percent,1,138840,120728,0,10810,79,76,24,0.8695476807836359,0.13045231921636413,1.098346039775105
c03,translation_compensated,0,16,1_percent,2,138840,122624,0,12706,79,78,56,0.8832036876980697,0.11679631230193033,1.115595261922524
c03,translation_compensated,0,16,5_percent,0,138840,104769,0,0,65,31,0,0.7546024200518583,0.2453975799481417,1.0
c03,translation_compensated,0,16,5_percent,1,138840,119119,0,14350,79,70,12,0.8579588014981273,0.1420411985018727,1.1369679962584351
c03,translation_compensated,0,16,5_percent,2,138840,122041,0,17272,79,77,51,0.8790046096225872,0.1209953903774128,1.164857925531407
c03,translation_compensated,0,16,10_percent,0,138840,98467,0,0,52,19,0,0.7092120426390089,0.29078795736099106,1.0
c03,translation_compensated,0,16,10_percent,1,138840,114868,0,16401,76,58,4,0.8273408239700375,0.1726591760299625,1.166563417185453
c03,translation_compensated,0,16,10_percent,2,138840,119816,0,21349,79,72,33,0.8629789685969461,0.13702103140305388,1.216813754862035
c03,translation_compensated,0,32,any,0,34710,29625,0,0,79,69,17,0.8535004321521176,0.14649956784788243,1.0
c03,translation_compensated,0,32,any,1,34710,30750,0,1125,79,79,72,0.8859118409680208,0.11408815903197922,1.0379746835443038
c03,translation_compensated,0,32,any,2,34710,30807,0,1182,79,79,78,0.8875540190146932,0.11244598098530678,1.0398987341772152
c03,translation_compensated,0,32,1_percent,0,34710,29095,0,0,77,63,7,0.838231057332181,0.16176894266781905,1.0
c03,translation_compensated,0,32,1_percent,1,34710,30685,0,1590,79,79,63,0.8840391817919908,0.11596081820800919,1.0546485650455404
c03,translation_compensated,0,32,1_percent,2,34710,30793,0,1698,79,79,77,0.8871506770383175,0.11284932296168249,1.0583605430486338
c03,translation_compensated,0,32,5_percent,0,34710,27026,0,0,68,43,1,0.7786228752520887,0.22137712474791127,1.0
c03,translation_compensated,0,32,5_percent,1,34710,29938,0,2912,79,71,37,0.8625180063382311,0.13748199366176894,1.1077480944275881
c03,translation_compensated,0,32,5_percent,2,34710,30611,0,3585,79,79,61,0.8819072313454336,0.11809276865456642,1.1326500407015467
c03,translation_compensated,0,32,10_percent,0,34710,25267,0,0,60,27,0,0.727945836934601,0.272054163065399,1.0
c03,translation_compensated,0,32,10_percent,1,34710,28895,0,3628,78,60,20,0.8324690290982426,0.1675309709017574,1.1435864962203666
c03,translation_compensated,0,32,10_percent,2,34710,30079,0,4812,79,72,48,0.8665802362431576,0.1334197637568424,1.1904460363319744
c03,translation_compensated,0,64,any,0,9256,8148,1157,0,79,77,60,0.8802938634399309,0.11970613656006912,1.0
c03,translation_compensated,0,64,any,1,9256,8216,1157,68,79,79,79,0.8876404494382022,0.1123595505617978,1.0083456062837506
c03,translation_compensated,0,64,any,2,9256,8216,1157,68,79,79,79,0.8876404494382022,0.1123595505617978,1.0083456062837506
c03,translation_compensated,0,64,1_percent,0,9256,7988,1157,0,79,71,42,0.8630077787381158,0.13699222126188415,1.0
c03,translation_compensated,0,64,1_percent,1,9256,8213,1157,225,79,79,76,0.8873163353500432,0.11268366464995683,1.0281672508763144
c03,translation_compensated,0,64,1_percent,2,9256,8216,1157,228,79,79,79,0.8876404494382022,0.1123595505617978,1.028542814221332
c03,translation_compensated,0,64,5_percent,0,9256,7407,1157,0,70,49,11,0.80023768366465,0.19976231633535002,1.0
c03,translation_compensated,0,64,5_percent,1,9256,8071,1157,664,79,73,60,0.8719749351771824,0.1280250648228176,1.089644930471176
c03,translation_compensated,0,64,5_percent,2,9256,8170,1157,763,79,79,73,0.8826707000864304,0.11732929991356955,1.1030106655866072
c03,translation_compensated,0,64,10_percent,0,9256,6920,1157,0,63,32,4,0.7476231633535004,0.25237683664649957,1.0
c03,translation_compensated,0,64,10_percent,1,9256,7895,1157,975,78,66,42,0.8529602420051858,0.14703975799481417,1.1408959537572254
c03,translation_compensated,0,64,10_percent,2,9256,8111,1157,1191,79,78,67,0.8762964563526361,0.12370354364736391,1.1721098265895953
c03,translation_compensated,1,8,any,0,555360,331689,0,0,17,0,0,0.5972504321521176,0.4027495678478824,1.0
c03,translation_compensated,1,8,any,1,555360,423423,0,91734,69,31,0,0.7624297752808988,0.23757022471910116,1.2765663015656232
c03,translation_compensated,1,8,any,2,555360,456622,0,124933,79,60,0,0.8222090175741861,0.17779098242581393,1.376657049223821
c03,translation_compensated,1,8,1_percent,0,555360,331689,0,0,17,0,0,0.5972504321521176,0.4027495678478824,1.0
c03,translation_compensated,1,8,1_percent,1,555360,423423,0,91734,69,31,0,0.7624297752808988,0.23757022471910116,1.2765663015656232
c03,translation_compensated,1,8,1_percent,2,555360,456622,0,124933,79,60,0,0.8222090175741861,0.17779098242581393,1.376657049223821
c03,translation_compensated,1,8,5_percent,0,555360,285688,0,0,1,0,0,0.5144194756554307,0.48558052434456933,1.0
c03,translation_compensated,1,8,5_percent,1,555360,389666,0,103978,59,6,0,0.7016457793143186,0.2983542206856814,1.3639564839965277
c03,translation_compensated,1,8,5_percent,2,555360,431417,0,145729,74,39,0,0.7768240420628061,0.22317595793719391,1.510098429055473
c03,translation_compensated,1,8,10_percent,0,555360,257936,0,0,1,0,0,0.4644482857966004,0.5355517142033996,1.0
c03,translation_compensated,1,8,10_percent,1,555360,369716,0,111780,44,0,0,0.6657231345433593,0.3342768654566407,1.4333633149308356
c03,translation_compensated,1,8,10_percent,2,555360,416527,0,158591,67,21,0,0.7500126044367618,0.24998739556323823,1.6148463184665964
c03,translation_compensated,1,16,any,0,138840,98299,0,0,59,8,0,0.7080020167098818,0.29199798329011817,1.0
c03,translation_compensated,1,16,any,1,138840,116478,0,18179,79,65,0,0.8389369057908383,0.16106309420916165,1.1849357572304906
c03,translation_compensated,1,16,any,2,138840,121169,0,22870,79,76,17,0.8727239988475943,0.12727600115240567,1.2326575041455152
c03,translation_compensated,1,16,1_percent,0,138840,92480,0,0,43,0,0,0.6660904638432729,0.33390953615672714,1.0
c03,translation_compensated,1,16,1_percent,1,138840,113056,0,20576,79,57,0,0.8142898300201671,0.18571016997983292,1.2224913494809688
c03,translation_compensated,1,16,1_percent,2,138840,119325,0,26845,79,74,3,0.8594425237683665,0.1405574762316335,1.2902789792387543
c03,translation_compensated,1,16,5_percent,0,138840,80614,0,0,13,0,0,0.5806251800633823,0.41937481993661774,1.0
c03,translation_compensated,1,16,5_percent,1,138840,105764,0,25150,68,28,0,0.761768942667819,0.23823105733218097,1.3119805492842433
c03,translation_compensated,1,16,5_percent,2,138840,115341,0,34727,79,62,0,0.8307476231633535,0.1692523768366465,1.430781253876498
c03,translation_compensated,1,16,10_percent,0,138840,71200,0,0,4,0,0,0.5128205128205128,0.4871794871794872,1.0
c03,translation_compensated,1,16,10_percent,1,138840,98177,0,26977,57,13,0,0.7071233074042063,0.29287669259579374,1.3788904494382022
c03,translation_compensated,1,16,10_percent,2,138840,109280,0,38080,71,44,0,0.7870930567559781,0.21290694324402193,1.5348314606741573
c03,translation_compensated,1,32,any,0,34710,27787,0,0,75,48,0,0.8005473926822242,0.1994526073177758,1.0
c03,translation_compensated,1,32,any,1,34710,30544,0,2757,79,79,43,0.8799769518870643,0.12002304811293574,1.0992190592723217
c03,translation_compensated,1,32,any,2,34710,30791,0,3004,79,79,74,0.887093056755978,0.11290694324402195,1.1081081081081081
c03,translation_compensated,1,32,1_percent,0,34710,25379,0,0,65,15,0,0.7311725727456064,0.26882742725439357,1.0
c03,translation_compensated,1,32,1_percent,1,34710,29839,0,4460,79,73,14,0.8596658023624316,0.14033419763756838,1.1757358445959258
c03,translation_compensated,1,32,1_percent,2,34710,30668,0,5289,79,79,59,0.883549409392106,0.11645059060789398,1.2084006462035541
c03,translation_compensated,1,32,5_percent,0,34710,21759,0,0,26,0,0,0.6268798617113224,0.3731201382886776,1.0
c03,translation_compensated,1,32,5_percent,1,34710,27504,0,5745,72,45,0,0.7923941227312014,0.20760587726879864,1.2640286777885013
c03,translation_compensated,1,32,5_percent,2,34710,29424,0,7665,79,64,29,0.8477095937770095,0.1522904062229905,1.3522680270233007
c03,translation_compensated,1,32,10_percent,0,34710,19256,0,0,10,0,0,0.554768078363584,0.445231921636416,1.0
c03,translation_compensated,1,32,10_percent,1,34710,25597,0,6341,63,23,0,0.7374531835205993,0.2625468164794007,1.3292999584545078
c03,translation_compensated,1,32,10_percent,2,34710,28116,0,8860,77,46,8,0.8100259291270527,0.18997407087294726,1.4601163273784794
c03,translation_compensated,1,64,any,0,9256,7960,1157,0,79,73,25,0.8599827139152982,0.14001728608470176,1.0
c03,translation_compensated,1,64,any,1,9256,8215,1157,255,79,79,78,0.8875324114088159,0.11246758859118411,1.032035175879397
c03,translation_compensated,1,64,any,2,9256,8216,1157,256,79,79,79,0.8876404494382022,0.1123595505617978,1.0321608040201005
c03,translation_compensated,1,64,1_percent,0,9256,7213,1157,0,69,41,0,0.7792783059636992,0.22072169403630082,1.0
c03,translation_compensated,1,64,1_percent,1,9256,8101,1157,888,79,73,64,0.8752160760587727,0.12478392394122728,1.1231110494939691
c03,translation_compensated,1,64,1_percent,2,9256,8183,1157,970,79,79,73,0.8840751944684528,0.11592480553154716,1.1344794121724664
c03,translation_compensated,1,64,5_percent,0,9256,6131,1157,0,39,8,0,0.6623811581676751,0.33761884183232493,1.0
c03,translation_compensated,1,64,5_percent,1,9256,7606,1157,1475,76,57,22,0.8217372515125324,0.1782627484874676,1.2405806556842276
c03,translation_compensated,1,64,5_percent,2,9256,8035,1157,1904,79,76,57,0.868085566119274,0.131914433880726,1.3105529277442505
c03,translation_compensated,1,64,10_percent,0,9256,5393,1157,0,16,0,0,0.5826490924805532,0.4173509075194468,1.0
c03,translation_compensated,1,64,10_percent,1,9256,7161,1157,1768,67,39,8,0.7736603284356093,0.22633967156439072,1.3278323753013166
c03,translation_compensated,1,64,10_percent,2,9256,7814,1157,2421,79,63,36,0.844209161624892,0.155790838375108,1.4489152605229
c03,translation_compensated,2,8,any,0,555360,254808,0,0,0,0,0,0.45881590319792565,0.5411840968020744,1.0
c03,translation_compensated,2,8,any,1,555360,358948,0,104140,34,0,0,0.6463339095361568,0.35366609046384323,1.4086998838341025
c03,translation_compensated,2,8,any,2,555360,404603,0,149795,64,10,0,0.728541846730049,0.27145815326995104,1.5878740070955386
c03,translation_compensated,2,8,1_percent,0,555360,254808,0,0,0,0,0,0.45881590319792565,0.5411840968020744,1.0
c03,translation_compensated,2,8,1_percent,1,555360,358948,0,104140,34,0,0,0.6463339095361568,0.35366609046384323,1.4086998838341025
c03,translation_compensated,2,8,1_percent,2,555360,404603,0,149795,64,10,0,0.728541846730049,0.27145815326995104,1.5878740070955386
c03,translation_compensated,2,8,5_percent,0,555360,211594,0,0,0,0,0,0.38100331316623454,0.6189966868337655,1.0
c03,translation_compensated,2,8,5_percent,1,555360,310165,0,98571,10,0,0,0.5584935897435898,0.44150641025641024,1.4658496932805278
c03,translation_compensated,2,8,5_percent,2,555360,356737,0,145143,30,0,0,0.64235270815327,0.35764729184673005,1.6859504522812556
c03,translation_compensated,2,8,10_percent,0,555360,191894,0,0,0,0,0,0.3455308268510516,0.6544691731489485,1.0
c03,translation_compensated,2,8,10_percent,1,555360,290372,0,98478,1,0,0,0.522853644482858,0.477146355517142,1.5131895734103202
c03,translation_compensated,2,8,10_percent,2,555360,336894,0,145000,19,0,0,0.6066227312013829,0.3933772687986171,1.7556255015789968
c03,translation_compensated,2,16,any,0,138840,80389,0,0,9,0,0,0.5790046096225872,0.42099539037741285,1.0
c03,translation_compensated,2,16,any,1,138840,104936,0,24547,70,23,0,0.7558052434456929,0.2441947565543071,1.3053527223873913
c03,translation_compensated,2,16,any,2,138840,114339,0,33950,79,62,0,0.8235306828003457,0.1764693171996543,1.4223214618915523
c03,translation_compensated,2,16,1_percent,0,138840,72947,0,0,3,0,0,0.5254033419763757,0.4745966580236243,1.0
c03,translation_compensated,2,16,1_percent,1,138840,97372,0,24425,57,5,0,0.7013252664938058,0.2986747335061942,1.3348321384018533
c03,translation_compensated,2,16,1_percent,2,138840,108305,0,35358,77,32,0,0.7800705848458658,0.21992941515413422,1.484708075726212
c03,translation_compensated,2,16,5_percent,0,138840,61949,0,0,0,0,0,0.44618985883030826,0.5538101411696917,1.0
c03,translation_compensated,2,16,5_percent,1,138840,86631,0,24682,21,0,0,0.6239628349178911,0.37603716508210894,1.3984245104844308
c03,translation_compensated,2,16,5_percent,2,138840,97904,0,35955,57,7,0,0.7051570152693748,0.2948429847306252,1.5803967779948023
c03,translation_compensated,2,16,10_percent,0,138840,55247,0,0,0,0,0,0.3979184673004898,0.6020815326995101,1.0
c03,translation_compensated,2,16,10_percent,1,138840,81290,0,26043,15,0,0,0.5854940939210602,0.4145059060789398,1.4713921117888755
c03,translation_compensated,2,16,10_percent,2,138840,93008,0,37761,41,1,0,0.6698934024776722,0.33010659752232785,1.6834941263779029
c03,translation_compensated,2,32,any,0,34710,24126,0,0,58,1,0,0.6950734658599828,0.30492653414001725,1.0
c03,translation_compensated,2,32,any,1,34710,29263,0,5137,79,69,1,0.8430711610486892,0.15692883895131082,1.2129238166293626
c03,translation_compensated,2,32,any,2,34710,30597,0,6471,79,79,48,0.8815038893690579,0.11849611063094212,1.2682168614772444
c03,translation_compensated,2,32,1_percent,0,34710,20447,0,0,14,0,0,0.5890809564966868,0.4109190435033132,1.0
c03,translation_compensated,2,32,1_percent,1,34710,26263,0,5816,71,24,0,0.7566407375396139,0.24335926246038608,1.2844427055313739
c03,translation_compensated,2,32,1_percent,2,34710,29060,0,8613,79,66,5,0.8372227023912417,0.16277729760875825,1.421235389054629
c03,translation_compensated,2,32,5_percent,0,34710,17573,0,0,0,0,0,0.5062806107749928,0.49371938922500724,1.0
c03,translation_compensated,2,32,5_percent,1,34710,23801,0,6228,51,4,0,0.6857101699798329,0.3142898300201671,1.3544073294258236
c03,translation_compensated,2,32,5_percent,2,34710,26639,0,9066,75,24,0,0.767473350619418,0.23252664938058198,1.5159050816593638
c03,translation_compensated,2,32,10_percent,0,34710,15530,0,0,0,0,0,0.4474214923653126,0.5525785076346874,1.0
c03,translation_compensated,2,32,10_percent,1,34710,22369,0,6839,31,1,0,0.6444540478248343,0.3555459521751657,1.4403734707018674
c03,translation_compensated,2,32,10_percent,2,34710,25404,0,9874,64,16,0,0.7318928262748488,0.26810717372515125,1.6358016741790085
c03,translation_compensated,2,64,any,0,9256,7319,1157,0,76,40,0,0.7907303370786517,0.2092696629213483,1.0
c03,translation_compensated,2,64,any,1,9256,8200,1157,881,79,79,70,0.8859118409680208,0.11408815903197922,1.1203716354693265
c03,translation_compensated,2,64,any,2,9256,8216,1157,897,79,79,79,0.8876404494382022,0.1123595505617978,1.1225577264653641
c03,translation_compensated,2,64,1_percent,0,9256,5930,1157,0,28,0,0,0.6406655142610199,0.3593344857389801,1.0
c03,translation_compensated,2,64,1_percent,1,9256,7574,1157,1644,78,55,12,0.8182800345721694,0.18171996542783064,1.2772344013490726
c03,translation_compensated,2,64,1_percent,2,9256,8063,1157,2133,79,78,55,0.8711106309420916,0.12888936905790838,1.3596964586846543
c03,translation_compensated,2,64,5_percent,0,9256,5078,1157,0,6,0,0,0.5486171132238548,0.45138288677614524,1.0
c03,translation_compensated,2,64,5_percent,1,9256,6822,1157,1744,66,20,0,0.7370354364736387,0.26296456352636133,1.3434423001181568
c03,translation_compensated,2,64,5_percent,2,9256,7646,1157,2568,79,63,13,0.8260587726879862,0.17394122731201378,1.5057109098070107
c03,translation_compensated,2,64,10_percent,0,9256,4437,1157,0,1,0,0,0.4793647363872083,0.5206352636127918,1.0
c03,translation_compensated,2,64,10_percent,1,9256,6368,1157,1931,51,12,0,0.6879861711322386,0.3120138288677614,1.435203966644129
c03,translation_compensated,2,64,10_percent,2,9256,7349,1157,2912,77,39,8,0.793971477960242,0.20602852203975797,1.6562993013297274
c03,translation_compensated,4,8,any,0,555360,191189,0,0,0,0,0,0.344261380005762,0.655738619994238,1.0
c03,translation_compensated,4,8,any,1,555360,284724,0,93535,0,0,0,0.5126836646499567,0.48731633535004326,1.4892279367536836
c03,translation_compensated,4,8,any,2,555360,333118,0,141929,14,0,0,0.5998235378853356,0.4001764621146644,1.7423491937297648
c03,translation_compensated,4,8,1_percent,0,555360,191189,0,0,0,0,0,0.344261380005762,0.655738619994238,1.0
c03,translation_compensated,4,8,1_percent,1,555360,284724,0,93535,0,0,0,0.5126836646499567,0.48731633535004326,1.4892279367536836
c03,translation_compensated,4,8,1_percent,2,555360,333118,0,141929,14,0,0,0.5998235378853356,0.4001764621146644,1.7423491937297648
c03,translation_compensated,4,8,5_percent,0,555360,167422,0,0,0,0,0,0.30146571593200805,0.698534284067992,1.0
c03,translation_compensated,4,8,5_percent,1,555360,263038,0,95616,0,0,0,0.47363511956208587,0.5263648804379142,1.5711077397235729
c03,translation_compensated,4,8,5_percent,2,555360,310500,0,143078,5,0,0,0.5590968020743302,0.4409031979256698,1.8545949755707136
c03,translation_compensated,4,8,10_percent,0,555360,153588,0,0,0,0,0,0.2765557476231634,0.7234442523768366,1.0
c03,translation_compensated,4,8,10_percent,1,555360,252220,0,98632,0,0,0,0.45415586286372805,0.5458441371362719,1.6421855874156834
c03,translation_compensated,4,8,10_percent,2,555360,300466,0,146878,2,0,0,0.5410292422932872,0.4589707577067128,1.9563116910175273
c03,translation_compensated,4,16,any,0,138840,62317,0,0,0,0,0,0.4488403918179199,0.5511596081820801,1.0
c03,translation_compensated,4,16,any,1,138840,87684,0,25367,22,0,0,0.6315471045808124,0.3684528954191876,1.4070638830495692
c03,translation_compensated,4,16,any,2,138840,100479,0,38162,67,10,0,0.7237035436473639,0.2762964563526361,1.6123850634658279
c03,translation_compensated,4,16,1_percent,0,138840,58687,0,0,0,0,0,0.42269518870642464,0.5773048112935754,1.0
c03,translation_compensated,4,16,1_percent,1,138840,83640,0,24953,13,0,0,0.6024200518582541,0.3975799481417459,1.42518786102544
c03,translation_compensated,4,16,1_percent,2,138840,96052,0,37365,56,3,0,0.6918179199078075,0.3081820800921925,1.6366827406410278
c03,translation_compensated,4,16,5_percent,0,138840,51766,0,0,0,0,0,0.37284644194756555,0.6271535580524344,1.0
c03,translation_compensated,4,16,5_percent,1,138840,77995,0,26229,5,0,0,0.5617617401325267,0.43823825986747333,1.5066839238109957
c03,translation_compensated,4,16,5_percent,2,138840,89897,0,38131,28,0,0,0.6474863151829444,0.3525136848170556,1.7366031758296951
c03,translation_compensated,4,16,10_percent,0,138840,45550,0,0,0,0,0,0.3280754825698646,0.6719245174301354,1.0
c03,translation_compensated,4,16,10_percent,1,138840,73453,0,27903,3,0,0,0.5290478248343417,0.47095217516565835,1.6125795828759606
c03,translation_compensated,4,16,10_percent,2,138840,85759,0,40209,18,0,0,0.6176822241428983,0.3823177758571017,1.8827442371020857
c03,translation_compensated,4,32,any,0,34710,19527,0,0,5,0,0,0.5625756266205705,0.4374243733794295,1.0
c03,translation_compensated,4,32,any,1,34710,26240,0,6713,73,16,0,0.7559781042927111,0.24402189570728894,1.3437804066164798
c03,translation_compensated,4,32,any,2,34710,29371,0,9844,79,73,4,0.8461826562950159,0.15381734370498412,1.5041224970553593
c03,translation_compensated,4,32,1_percent,0,34710,17552,0,0,0,0,0,0.5056755978104293,0.49432440218957074,1.0
c03,translation_compensated,4,32,1_percent,1,34710,23881,0,6329,56,3,0,0.6880149812734082,0.3119850187265918,1.3605856882406564
c03,translation_compensated,4,32,1_percent,2,34710,27228,0,9676,77,42,0,0.7844425237683664,0.21555747623163357,1.5512762078395625
c03,translation_compensated,4,32,5_percent,0,34710,15169,0,0,0,0,0,0.4370210314030539,0.5629789685969462,1.0
c03,translation_compensated,4,32,5_percent,1,34710,22063,0,6894,26,0,0,0.6356381446269087,0.3643618553730913,1.4544795306216627
c03,translation_compensated,4,32,5_percent,2,34710,25085,0,9916,63,9,0,0.7227023912417171,0.2772976087582829,1.6537016283209176
c03,translation_compensated,4,32,10_percent,0,34710,12884,0,0,0,0,0,0.37118985883030825,0.6288101411696918,1.0
c03,translation_compensated,4,32,10_percent,1,34710,20429,0,7545,16,0,0,0.5885623739556324,0.4114376260443676,1.5856100589878919
c03,translation_compensated,4,32,10_percent,2,34710,23820,0,10936,48,6,0,0.6862575626620571,0.31374243733794294,1.8488047190313568
c03,translation_compensated,4,64,any,0,9256,6147,1157,0,44,1,0,0.6641097666378565,0.3358902333621435,1.0
c03,translation_compensated,4,64,any,1,9256,7991,1157,1844,79,75,31,0.8633318928262749,0.13666810717372513,1.2999837319017407
c03,translation_compensated,4,64,any,2,9256,8196,1157,2049,79,79,74,0.8854796888504753,0.11452031114952466,1.3333333333333333
c03,translation_compensated,4,64,1_percent,0,9256,5265,1157,0,7,0,0,0.5688202247191011,0.4311797752808989,1.0
c03,translation_compensated,4,64,1_percent,1,9256,6933,1157,1668,75,12,0,0.7490276577355229,0.25097234226447707,1.3168091168091167
c03,translation_compensated,4,64,1_percent,2,9256,7715,1157,2450,79,74,4,0.833513396715644,0.16648660328435605,1.4653371320037987
c03,translation_compensated,4,64,5_percent,0,9256,4430,1157,0,0,0,0,0.4786084701815039,0.5213915298184961,1.0
c03,translation_compensated,4,64,5_percent,1,9256,6324,1157,1894,49,6,0,0.6832324978392394,0.31676750216076055,1.4275395033860045
c03,translation_compensated,4,64,5_percent,2,9256,7325,1157,2895,78,44,4,0.7913785652549697,0.20862143474503025,1.6534988713318284
c03,translation_compensated,4,64,10_percent,0,9256,3679,1157,0,0,0,0,0.39747191011235955,0.6025280898876404,1.0
c03,translation_compensated,4,64,10_percent,1,9256,5899,1157,2220,36,3,0,0.6373163353500432,0.3626836646499568,1.6034248437075291
c03,translation_compensated,4,64,10_percent,2,9256,7019,1157,3340,69,23,4,0.7583189282627485,0.2416810717372515,1.9078553954879043
c03,translation_compensated,8,8,any,0,555360,155333,0,0,0,0,0,0.27969785364448285,0.7203021463555171,1.0
c03,translation_compensated,8,8,any,1,555360,248842,0,93509,0,0,0,0.4480733218092769,0.551926678190723,1.601990562211507
c03,translation_compensated,8,8,any,2,555360,296888,0,141555,0,0,0,0.5345865744742149,0.46541342552578513,1.9113002388417142
c03,translation_compensated,8,8,1_percent,0,555360,155333,0,0,0,0,0,0.27969785364448285,0.7203021463555171,1.0
c03,translation_compensated,8,8,1_percent,1,555360,248842,0,93509,0,0,0,0.4480733218092769,0.551926678190723,1.601990562211507
c03,translation_compensated,8,8,1_percent,2,555360,296888,0,141555,0,0,0,0.5345865744742149,0.46541342552578513,1.9113002388417142
c03,translation_compensated,8,8,5_percent,0,555360,135127,0,0,0,0,0,0.2433142466148084,0.7566857533851916,1.0
c03,translation_compensated,8,8,5_percent,1,555360,232510,0,97383,0,0,0,0.418665370210314,0.581334629789686,1.7206775847906044
c03,translation_compensated,8,8,5_percent,2,555360,282432,0,147305,0,0,0,0.5085566119273984,0.4914433880726016,2.090122625382048
c03,translation_compensated,8,8,10_percent,0,555360,121984,0,0,0,0,0,0.21964851627772977,0.7803514837222703,1.0
c03,translation_compensated,8,8,10_percent,1,555360,222122,0,100138,0,0,0,0.3999603860558917,0.6000396139441083,1.8209109391395593
c03,translation_compensated,8,8,10_percent,2,555360,273904,0,151920,0,0,0,0.4932008066839528,0.5067991933160472,2.2454092339979015
c03,translation_compensated,8,16,any,0,138840,53270,0,0,0,0,0,0.38367905502736965,0.6163209449726303,1.0
c03,translation_compensated,8,16,any,1,138840,78485,0,25215,7,0,0,0.5652909824258139,0.4347090175741861,1.4733433452224516
c03,translation_compensated,8,16,any,2,138840,90789,0,37519,33,1,0,0.6539109766637856,0.3460890233362144,1.7043176271822789
c03,translation_compensated,8,16,1_percent,0,138840,50307,0,0,0,0,0,0.3623379429559205,0.6376620570440795,1.0
c03,translation_compensated,8,16,1_percent,1,138840,76041,0,25734,3,0,0,0.5476879861711322,0.45231201382886776,1.511539149621325
c03,translation_compensated,8,16,1_percent,2,138840,88194,0,37887,21,0,0,0.6352203975799482,0.3647796024200518,1.7531158685669985
c03,translation_compensated,8,16,5_percent,0,138840,43388,0,0,0,0,0,0.3125036012676462,0.6874963987323538,1.0
c03,translation_compensated,8,16,5_percent,1,138840,71494,0,28106,0,0,0,0.5149380581964852,0.4850619418035148,1.647782797086752
c03,translation_compensated,8,16,5_percent,2,138840,84285,0,40897,15,0,0,0.6070656871218669,0.3929343128781331,1.9425878122983313
c03,translation_compensated,8,16,10_percent,0,138840,36282,0,0,0,0,0,0.26132238547968883,0.7386776145203111,1.0
c03,translation_compensated,8,16,10_percent,1,138840,65490,0,29208,0,0,0,0.4716940363007779,0.5283059636992221,1.8050272862576484
c03,translation_compensated,8,16,10_percent,2,138840,79090,0,42808,11,0,0,0.5696485162777297,0.4303514837222703,2.1798688054682764
c03,translation_compensated,8,32,any,0,34710,17266,0,0,0,0,0,0.49743589743589745,0.5025641025641026,1.0
c03,translation_compensated,8,32,any,1,34710,23871,0,6605,55,2,0,0.6877268798617113,0.3122731201382887,1.3825437275570485
c03,translation_compensated,8,32,any,2,34710,27368,0,10102,76,42,0,0.7884759435321234,0.21152405646787664,1.5850805050388046
c03,translation_compensated,8,32,1_percent,0,34710,15673,0,0,0,0,0,0.4515413425525785,0.5484586574474215,1.0
c03,translation_compensated,8,32,1_percent,1,34710,22513,0,6840,27,1,0,0.6486027081532699,0.3513972918467301,1.4364193198494226
c03,translation_compensated,8,32,1_percent,2,34710,25888,0,10215,73,13,0,0.7458369346009796,0.25416306539902045,1.6517578000382824
c03,translation_compensated,8,32,5_percent,0,34710,12864,0,0,0,0,0,0.3706136560069144,0.6293863439930856,1.0
c03,translation_compensated,8,32,5_percent,1,34710,20487,0,7623,15,0,0,0.5902333621434745,0.40976663785652545,1.5925839552238805
c03,translation_compensated,8,32,5_percent,2,34710,23907,0,11043,49,6,0,0.6887640449438203,0.31123595505617974,1.8584421641791045
c03,translation_compensated,8,32,10_percent,0,34710,10106,0,0,0,0,0,0.2911552866609046,0.7088447133390954,1.0
c03,translation_compensated,8,32,10_percent,1,34710,18270,0,8164,5,0,0,0.526361279170268,0.473638720829732,1.8078369285572926
c03,translation_compensated,8,32,10_percent,2,34710,22166,0,12060,35,3,0,0.638605589167387,0.36139441083261303,2.193350484860479
c03,translation_compensated,8,64,any,0,9256,5472,1157,0,12,0,0,0.5911840968020743,0.4088159031979257,1.0
c03,translation_compensated,8,64,any,1,9256,7461,1157,1989,76,57,2,0.8060717372515125,0.1939282627484875,1.363486842105263
c03,translation_compensated,8,64,any,2,9256,8058,1157,2586,79,77,52,0.8705704407951599,0.12942955920484012,1.4725877192982457
c03,translation_compensated,8,64,1_percent,0,9256,4883,1157,0,2,0,0,0.5275496974935178,0.47245030250648223,1.0
c03,translation_compensated,8,64,1_percent,1,9256,6726,1157,1843,67,10,0,0.7266637856525497,0.27333621434745026,1.377431906614786
c03,translation_compensated,8,64,1_percent,2,9256,7614,1157,2731,79,67,4,0.8226015557476232,0.17739844425237683,1.5592873233667828
c03,translation_compensated,8,64,5_percent,0,9256,3798,1157,0,0,0,0,0.41032843560933446,0.5896715643906656,1.0
c03,translation_compensated,8,64,5_percent,1,9256,5973,1157,2175,36,3,0,0.6453111495246326,0.35468885047536736,1.5726698262243286
c03,translation_compensated,8,64,5_percent,2,9256,7050,1157,3252,74,27,2,0.7616681071737251,0.23833189282627487,1.8562401263823065
c03,translation_compensated,8,64,10_percent,0,9256,2827,1157,0,0,0,0,0.30542350907519444,0.6945764909248056,1.0
c03,translation_compensated,8,64,10_percent,1,9256,5283,1157,2456,21,1,0,0.5707649092480553,0.42923509075194466,1.8687654757693668
c03,translation_compensated,8,64,10_percent,2,9256,6539,1157,3712,51,15,2,0.7064606741573034,0.2935393258426966,2.313052706048815
c03,translation_compensated,16,8,any,0,555360,122283,0,0,0,0,0,0.22018690579083838,0.7798130942091617,1.0
c03,translation_compensated,16,8,any,1,555360,215686,0,93403,0,0,0,0.3883715067703832,0.6116284932296168,1.7638265335328704
c03,translation_compensated,16,8,any,2,555360,266965,0,144682,0,0,0,0.48070620858542207,0.5192937914145779,2.183173458289378
c03,translation_compensated,16,8,1_percent,0,555360,122283,0,0,0,0,0,0.22018690579083838,0.7798130942091617,1.0
c03,translation_compensated,16,8,1_percent,1,555360,215686,0,93403,0,0,0,0.3883715067703832,0.6116284932296168,1.7638265335328704
c03,translation_compensated,16,8,1_percent,2,555360,266965,0,144682,0,0,0,0.48070620858542207,0.5192937914145779,2.183173458289378
c03,translation_compensated,16,8,5_percent,0,555360,103902,0,0,0,0,0,0.1870894554883319,0.8129105445116681,1.0
c03,translation_compensated,16,8,5_percent,1,555360,199924,0,96022,0,0,0,0.3599899164505906,0.6400100835494094,1.9241593039595002
c03,translation_compensated,16,8,5_percent,2,555360,253696,0,149794,0,0,0,0.4568135983866321,0.5431864016133678,2.4416854343516006
c03,translation_compensated,16,8,10_percent,0,555360,90869,0,0,0,0,0,0.16362179487179487,0.8363782051282052,1.0
c03,translation_compensated,16,8,10_percent,1,555360,187108,0,96239,0,0,0,0.33691299337366754,0.6630870066263325,2.059096061363061
c03,translation_compensated,16,8,10_percent,2,555360,242588,0,151719,0,0,0,0.4368121578795736,0.5631878421204264,2.66964531358329
c03,translation_compensated,16,16,any,0,138840,44524,0,0,0,0,0,0.32068568135983866,0.6793143186401613,1.0
c03,translation_compensated,16,16,any,1,138840,71236,0,26712,0,0,0,0.51307980409104,0.48692019590895996,1.5999460964872878
c03,translation_compensated,16,16,any,2,138840,83547,0,39023,14,0,0,0.6017502160760587,0.3982497839239413,1.8764486569041416
c03,translation_compensated,16,16,1_percent,0,138840,41784,0,0,0,0,0,0.30095073465859984,0.6990492653414002,1.0
c03,translation_compensated,16,16,1_percent,1,138840,69342,0,27558,0,0,0,0.499438202247191,0.500561797752809,1.6595347501435955
c03,translation_compensated,16,16,1_percent,2,138840,81999,0,40215,11,0,0,0.5906006914433881,0.4093993085566119,1.9624497415278574
c03,translation_compensated,16,16,5_percent,0,138840,34229,0,0,0,0,0,0.24653558052434457,0.7534644194756555,1.0
c03,translation_compensated,16,16,5_percent,1,138840,63612,0,29383,0,0,0,0.4581676750216076,0.5418323249783924,1.8584241432703263
c03,translation_compensated,16,16,5_percent,2,138840,77717,0,43488,7,0,0,0.5597594353212331,0.44024056467876693,2.270501621432119
c03,translation_compensated,16,16,10_percent,0,138840,26345,0,0,0,0,0,0.18975079227888217,0.8102492077211179,1.0
c03,translation_compensated,16,16,10_percent,1,138840,54755,0,28410,0,0,0,0.3943748199366177,0.6056251800633823,2.078382994875688
c03,translation_compensated,16,16,10_percent,2,138840,70146,0,43801,3,0,0,0.505229040622299,0.494770959377701,2.6625925223002467
c03,translation_compensated,16,32,any,0,34710,15236,0,0,0,0,0,0.4389513108614232,0.5610486891385769,1.0
c03,translation_compensated,16,32,any,1,34710,21986,0,6750,25,0,0,0.6334197637568424,0.3665802362431576,1.4430296665791547
c03,translation_compensated,16,32,any,2,34710,25226,0,9990,67,9,0,0.7267646211466436,0.27323537885335636,1.655683906537149
c03,translation_compensated,16,32,1_percent,0,34710,13611,0,0,0,0,0,0.3921348314606742,0.6078651685393258,1.0
c03,translation_compensated,16,32,1_percent,1,34710,20995,0,7384,16,0,0,0.6048689138576779,0.39513108614232206,1.542502387774594
c03,translation_compensated,16,32,1_percent,2,34710,24366,0,10755,59,5,0,0.7019878997407087,0.29801210025929126,1.7901697156711482
c03,translation_compensated,16,32,5_percent,0,34710,10020,0,0,0,0,0,0.28867761452031115,0.7113223854796888,1.0
c03,translation_compensated,16,32,5_percent,1,34710,18330,0,8310,5,0,0,0.5280898876404494,0.4719101123595506,1.8293413173652695
c03,translation_compensated,16,32,5_percent,2,34710,22313,0,12293,38,1,0,0.6428406799193316,0.3571593200806684,2.2268463073852294
c03,translation_compensated,16,32,10_percent,0,34710,7023,0,0,0,0,0,0.20233362143474504,0.7976663785652549,1.0
c03,translation_compensated,16,32,10_percent,1,34710,14961,0,7938,1,0,0,0.431028522039758,0.568971477960242,2.1302862024775737
c03,translation_compensated,16,32,10_percent,2,34710,19457,0,12434,24,1,0,0.5605589167386921,0.43944108326130793,2.77046846077175
c03,translation_compensated,16,64,any,0,9256,5022,1157,0,4,0,0,0.5425669835782195,0.45743301642178047,1.0
c03,translation_compensated,16,64,any,1,9256,6848,1157,1826,70,13,0,0.7398444252376837,0.2601555747623163,1.363600159299084
c03,translation_compensated,16,64,any,2,9256,7696,1157,2674,79,67,11,0.8314606741573034,0.1685393258426966,1.5324571883711668
c03,translation_compensated,16,64,1_percent,0,9256,4395,1157,0,0,0,0,0.47482713915298186,0.5251728608470181,1.0
c03,translation_compensated,16,64,1_percent,1,9256,6439,1157,2044,57,4,0,0.6956568712186689,0.3043431287813311,1.4650739476678043
c03,translation_compensated,16,64,1_percent,2,9256,7430,1157,3035,78,51,3,0.8027225583405359,0.19727744165946415,1.6905574516496018
c03,translation_compensated,16,64,5_percent,0,9256,2936,1157,0,0,0,0,0.317199654278306,0.682800345721694,1.0
c03,translation_compensated,16,64,5_percent,1,9256,5344,1157,2408,28,1,0,0.5773552290406223,0.4226447709593777,1.8201634877384196
c03,translation_compensated,16,64,5_percent,2,9256,6576,1157,3640,55,18,2,0.7104580812445981,0.2895419187554019,2.239782016348774
c03,translation_compensated,16,64,10_percent,0,9256,1905,1157,0,0,0,0,0.2058124459809853,0.7941875540190146,1.0
c03,translation_compensated,16,64,10_percent,1,9256,4204,1157,2299,11,0,0,0.45419187554019014,0.5458081244598099,2.2068241469816274
c03,translation_compensated,16,64,10_percent,2,9256,5589,1157,3684,31,8,0,0.6038245462402766,0.3961754537597234,2.9338582677165355
c04,raw,0,8,any,0,748800,730438,0,0,118,118,0,0.9754780982905983,0.024521901709401717,1.0
c04,raw,0,8,any,1,748800,736271,0,5833,118,118,104,0.9832678952991453,0.016732104700854733,1.0079856195871517
c04,raw,0,8,any,2,748800,736320,0,5882,118,118,118,0.9833333333333333,0.01666666666666672,1.0080527026250004
c04,raw,0,8,1_percent,0,748800,730438,0,0,118,118,0,0.9754780982905983,0.024521901709401717,1.0
c04,raw,0,8,1_percent,1,748800,736271,0,5833,118,118,104,0.9832678952991453,0.016732104700854733,1.0079856195871517
c04,raw,0,8,1_percent,2,748800,736320,0,5882,118,118,118,0.9833333333333333,0.01666666666666672,1.0080527026250004
c04,raw,0,8,5_percent,0,748800,722604,0,0,118,117,0,0.9650160256410256,0.03498397435897438,1.0
c04,raw,0,8,5_percent,1,748800,736169,0,13565,118,118,90,0.9831316773504274,0.01686832264957261,1.0187723843211496
c04,raw,0,8,5_percent,2,748800,736314,0,13710,118,118,116,0.9833253205128205,0.01667467948717949,1.0189730474782868
c04,raw,0,8,10_percent,0,748800,712607,0,0,118,115,0,0.9516653311965811,0.048334668803418857,1.0
c04,raw,0,8,10_percent,1,748800,735911,0,23304,118,118,68,0.982787126068376,0.017212873931623962,1.0327024573151822
c04,raw,0,8,10_percent,2,748800,736304,0,23697,118,118,116,0.9833119658119658,0.016688034188034218,1.0332539534413778
c04,raw,0,16,any,0,187200,183973,0,0,118,118,83,0.9827617521367521,0.017238247863247902,1.0
c04,raw,0,16,any,1,187200,184080,0,107,118,118,118,0.9833333333333333,0.01666666666666672,1.0005816070836482
c04,raw,0,16,any,2,187200,184080,0,107,118,118,118,0.9833333333333333,0.01666666666666672,1.0005816070836482
c04,raw,0,16,1_percent,0,187200,183893,0,0,118,118,66,0.9823344017094017,0.017665598290598328,1.0
c04,raw,0,16,1_percent,1,187200,184080,0,187,118,118,118,0.9833333333333333,0.01666666666666672,1.001016895694779
c04,raw,0,16,1_percent,2,187200,184080,0,187,118,118,118,0.9833333333333333,0.01666666666666672,1.001016895694779
c04,raw,0,16,5_percent,0,187200,183306,0,0,118,118,20,0.9791987179487179,0.020801282051282066,1.0
c04,raw,0,16,5_percent,1,187200,184077,0,771,118,118,117,0.9833173076923077,0.01668269230769226,1.004206081633989
c04,raw,0,16,5_percent,2,187200,184080,0,774,118,118,118,0.9833333333333333,0.01666666666666672,1.0042224477103858
c04,raw,0,16,10_percent,0,187200,182051,0,0,118,118,6,0.9724946581196581,0.027505341880341927,1.0
c04,raw,0,16,10_percent,1,187200,184053,0,2002,118,118,112,0.9831891025641025,0.016810897435897476,1.01099691844593
c04,raw,0,16,10_percent,2,187200,184080,0,2029,118,118,118,0.9833333333333333,0.01666666666666672,1.0111452285348612
c04,raw,0,32,any,0,46800,46020,0,0,118,118,118,0.9833333333333333,0.01666666666666672,1.0
c04,raw,0,32,any,1,46800,46020,0,0,118,118,118,0.9833333333333333,0.01666666666666672,1.0
c04,raw,0,32,any,2,46800,46020,0,0,118,118,118,0.9833333333333333,0.01666666666666672,1.0
c04,raw,0,32,1_percent,0,46800,46018,0,0,118,118,116,0.9832905982905983,0.016709401709401717,1.0
c04,raw,0,32,1_percent,1,46800,46020,0,2,118,118,118,0.9833333333333333,0.01666666666666672,1.0000434612542919
c04,raw,0,32,1_percent,2,46800,46020,0,2,118,118,118,0.9833333333333333,0.01666666666666672,1.0000434612542919
c04,raw,0,32,5_percent,0,46800,45984,0,0,118,118,105,0.9825641025641025,0.017435897435897463,1.0
c04,raw,0,32,5_percent,1,46800,46020,0,36,118,118,118,0.9833333333333333,0.01666666666666672,1.0007828810020878
c04,raw,0,32,5_percent,2,46800,46020,0,36,118,118,118,0.9833333333333333,0.01666666666666672,1.0007828810020878
c04,raw,0,32,10_percent,0,46800,45857,0,0,118,118,81,0.9798504273504274,0.020149572649572622,1.0
c04,raw,0,32,10_percent,1,46800,46018,0,161,118,118,117,0.9832905982905983,0.016709401709401717,1.0035109143642191
c04,raw,0,32,10_percent,2,46800,46020,0,163,118,118,118,0.9833333333333333,0.01666666666666672,1.0035545282072529
c04,raw,0,64,any,0,12480,12272,1560,0,118,118,118,0.9833333333333333,0.01666666666666672,1.0
c04,raw,0,64,any,1,12480,12272,1560,0,118,118,118,0.9833333333333333,0.01666666666666672,1.0
c04,raw,0,64,any,2,12480,12272,1560,0,118,118,118,0.9833333333333333,0.01666666666666672,1.0
c04,raw,0,64,1_percent,0,12480,12272,1560,0,118,118,118,0.9833333333333333,0.01666666666666672,1.0
c04,raw,0,64,1_percent,1,12480,12272,1560,0,118,118,118,0.9833333333333333,0.01666666666666672,1.0
c04,raw,0,64,1_percent,2,12480,12272,1560,0,118,118,118,0.9833333333333333,0.01666666666666672,1.0
c04,raw,0,64,5_percent,0,12480,12268,1560,0,118,118,116,0.9830128205128205,0.016987179487179538,1.0
c04,raw,0,64,5_percent,1,12480,12272,1560,4,118,118,118,0.9833333333333333,0.01666666666666672,1.0003260515161396
c04,raw,0,64,5_percent,2,12480,12272,1560,4,118,118,118,0.9833333333333333,0.01666666666666672,1.0003260515161396
c04,raw,0,64,10_percent,0,12480,12251,1560,0,118,118,112,0.981650641025641,0.018349358974358965,1.0
c04,raw,0,64,10_percent,1,12480,12272,1560,21,118,118,118,0.9833333333333333,0.01666666666666672,1.0017141457840177
c04,raw,0,64,10_percent,2,12480,12272,1560,21,118,118,118,0.9833333333333333,0.01666666666666672,1.0017141457840177
c04,raw,1,8,any,0,748800,647622,0,0,118,37,0,0.8648798076923077,0.13512019230769234,1.0
c04,raw,1,8,any,1,748800,724645,0,77023,118,118,0,0.9677417200854701,0.0322582799145299,1.118932031339269
c04,raw,1,8,any,2,748800,735157,0,87535,118,118,30,0.9817801816239317,0.018219818376068342,1.1351637220477377
c04,raw,1,8,1_percent,0,748800,647622,0,0,118,37,0,0.8648798076923077,0.13512019230769234,1.0
c04,raw,1,8,1_percent,1,748800,724645,0,77023,118,118,0,0.9677417200854701,0.0322582799145299,1.118932031339269
c04,raw,1,8,1_percent,2,748800,735157,0,87535,118,118,30,0.9817801816239317,0.018219818376068342,1.1351637220477377
c04,raw,1,8,5_percent,0,748800,602454,0,0,99,17,0,0.8045592948717949,0.1954407051282051,1.0
c04,raw,1,8,5_percent,1,748800,687414,0,84960,118,103,0,0.9180208333333333,0.08197916666666671,1.1410232150504438
c04,raw,1,8,5_percent,2,748800,716253,0,113799,118,118,2,0.9565344551282051,0.04346554487179488,1.1888924299614576
c04,raw,1,8,10_percent,0,748800,577805,0,0,78,5,0,0.7716412927350428,0.22835870726495722,1.0
c04,raw,1,8,10_percent,1,748800,669814,0,92009,118,67,0,0.8945165598290599,0.10548344017094013,1.1592388435544865
c04,raw,1,8,10_percent,2,748800,700605,0,122800,118,114,0,0.9356370192307693,0.06436298076923075,1.2125284481788838
c04,raw,1,16,any,0,187200,176177,0,0,118,116,0,0.941116452991453,0.05888354700854703,1.0
c04,raw,1,16,any,1,187200,184014,0,7837,118,118,96,0.9829807692307693,0.01701923076923073,1.0444836726700988
c04,raw,1,16,any,2,187200,184080,0,7903,118,118,118,0.9833333333333333,0.01666666666666672,1.0448582959183095
c04,raw,1,16,1_percent,0,187200,169808,0,0,118,98,0,0.907094017094017,0.09290598290598295,1.0
c04,raw,1,16,1_percent,1,187200,182985,0,13177,118,118,21,0.9774839743589744,0.022516025641025617,1.0775994063883916
c04,raw,1,16,1_percent,2,187200,184024,0,14216,118,118,102,0.9830341880341881,0.016965811965811928,1.08371808159804
c04,raw,1,16,5_percent,0,187200,159225,0,0,117,36,0,0.8505608974358975,0.14943910256410253,1.0
c04,raw,1,16,5_percent,1,187200,176096,0,16871,118,117,2,0.9406837606837607,0.059316239316239305,1.105956979117601
c04,raw,1,16,5_percent,2,187200,181541,0,22316,118,118,25,0.9697702991452991,0.03022970085470089,1.1401538703093108
c04,raw,1,16,10_percent,0,187200,152393,0,0,104,22,0,0.814065170940171,0.18593482905982905,1.0
c04,raw,1,16,10_percent,1,187200,172183,0,19790,118,87,0,0.9197809829059829,0.08021901709401713,1.129861607816632
c04,raw,1,16,10_percent,2,187200,178598,0,26205,118,118,15,0.9540491452991453,0.04595085470085469,1.1719567171720486
c04,raw,1,32,any,0,46800,45779,0,0,118,118,31,0.9781837606837607,0.021816239316239328,1.0
c04,raw,1,32,any,1,46800,46020,0,241,118,118,118,0.9833333333333333,0.01666666666666672,1.005264422551825
c04,raw,1,32,any,2,46800,46020,0,241,118,118,118,0.9833333333333333,0.01666666666666672,1.005264422551825
c04,raw,1,32,1_percent,0,46800,43892,0,0,118,114,3,0.9378632478632478,0.06213675213675218,1.0
c04,raw,1,32,1_percent,1,46800,45947,0,2055,118,118,96,0.9817735042735043,0.018226495726495706,1.0468194659619066
c04,raw,1,32,1_percent,2,46800,46019,0,2127,118,118,117,0.9833119658119658,0.016688034188034218,1.048459856010207
c04,raw,1,32,5_percent,0,46800,41294,0,0,118,60,0,0.8823504273504273,0.11764957264957265,1.0
c04,raw,1,32,5_percent,1,46800,45039,0,3745,118,118,33,0.9623717948717949,0.03762820512820508,1.0906911415702039
c04,raw,1,32,5_percent,2,46800,45780,0,4486,118,118,74,0.9782051282051282,0.02179487179487183,1.1086356371385673
c04,raw,1,32,10_percent,0,46800,39533,0,0,116,34,0,0.8447222222222223,0.15527777777777774,1.0
c04,raw,1,32,10_percent,1,46800,43940,0,4407,118,113,16,0.9388888888888889,0.061111111111111116,1.1114764879973693
c04,raw,1,32,10_percent,2,46800,45290,0,5757,118,118,33,0.9677350427350427,0.03226495726495726,1.145625173905345
c04,raw,1,64,any,0,12480,12270,1560,0,118,118,116,0.9831730769230769,0.016826923076923128,1.0
c04,raw,1,64,any,1,12480,12272,1560,2,118,118,118,0.9833333333333333,0.01666666666666672,1.000162999185004
c04,raw,1,64,any,2,12480,12272,1560,2,118,118,118,0.9833333333333333,0.01666666666666672,1.000162999185004
c04,raw,1,64,1_percent,0,12480,11905,1560,0,118,116,25,0.953926282051282,0.04607371794871795,1.0
c04,raw,1,64,1_percent,1,12480,12270,1560,365,118,118,116,0.9831730769230769,0.016826923076923128,1.0306593868122638
c04,raw,1,64,1_percent,2,12480,12272,1560,367,118,118,118,0.9833333333333333,0.01666666666666672,1.030827383452331
c04,raw,1,64,5_percent,0,12480,11252,1560,0,118,72,6,0.9016025641025641,0.09839743589743588,1.0
c04,raw,1,64,5_percent,1,12480,12152,1560,900,118,118,74,0.9737179487179487,0.0262820512820513,1.0799857803057233
c04,raw,1,64,5_percent,2,12480,12272,1560,1020,118,118,118,0.9833333333333333,0.01666666666666672,1.0906505510131532
c04,raw,1,64,10_percent,0,12480,10747,1560,0,116,43,0,0.8611378205128205,0.1388621794871795,1.0
c04,raw,1,64,10_percent,1,12480,11926,1560,1179,118,117,28,0.9556089743589744,0.044391025641025594,1.1097050339629664
c04,raw,1,64,10_percent,2,12480,12271,1560,1524,118,118,117,0.9832532051282051,0.016746794871794868,1.141807015911417
c04,raw,2,8,any,0,748800,562811,0,0,64,2,0,0.7516172542735042,0.24838274572649577,1.0
c04,raw,2,8,any,1,748800,662206,0,99395,118,50,0,0.8843563034188034,0.11564369658119655,1.1766045795124829
c04,raw,2,8,any,2,748800,700376,0,137565,118,113,0,0.9353311965811966,0.06466880341880343,1.2444248602106214
c04,raw,2,8,1_percent,0,748800,562811,0,0,64,2,0,0.7516172542735042,0.24838274572649577,1.0
c04,raw,2,8,1_percent,1,748800,662206,0,99395,118,50,0,0.8843563034188034,0.11564369658119655,1.1766045795124829
c04,raw,2,8,1_percent,2,748800,700376,0,137565,118,113,0,0.9353311965811966,0.06466880341880343,1.2444248602106214
c04,raw,2,8,5_percent,0,748800,516780,0,0,33,0,0,0.6901442307692308,0.3098557692307692,1.0
c04,raw,2,8,5_percent,1,748800,619699,0,102919,114,23,0,0.8275894764957265,0.17241052350427355,1.1991543790394366
c04,raw,2,8,5_percent,2,748800,660510,0,143730,118,53,0,0.8820913461538461,0.1179086538461539,1.278126088470916
c04,raw,2,8,10_percent,0,748800,492733,0,0,26,0,0,0.6580301816239317,0.3419698183760683,1.0
c04,raw,2,8,10_percent,1,748800,601039,0,108306,99,16,0,0.8026696047008547,0.1973303952991453,1.219806670143871
c04,raw,2,8,10_percent,2,748800,643778,0,151045,118,35,0,0.8597462606837607,0.1402537393162393,1.3065453298236571
c04,raw,2,16,any,0,187200,157324,0,0,118,30,0,0.8404059829059829,0.1595940170940171,1.0
c04,raw,2,16,any,1,187200,177888,0,20564,118,118,0,0.9502564102564103,0.04974358974358972,1.1307111438814168
c04,raw,2,16,any,2,187200,182716,0,25392,118,118,32,0.9760470085470085,0.023952991452991457,1.161399405049452
c04,raw,2,16,1_percent,0,187200,150588,0,0,99,17,0,0.8044230769230769,0.1955769230769231,1.0
c04,raw,2,16,1_percent,1,187200,172037,0,21449,118,103,0,0.9190010683760684,0.08099893162393157,1.142434988179669
c04,raw,2,16,1_percent,2,187200,179158,0,28570,118,118,8,0.9570405982905983,0.04295940170940171,1.1897229526921136
c04,raw,2,16,5_percent,0,187200,139614,0,0,65,2,0,0.745801282051282,0.25419871794871796,1.0
c04,raw,2,16,5_percent,1,187200,162759,0,23145,118,43,0,0.8694391025641026,0.13056089743589738,1.1657785035884654
c04,raw,2,16,5_percent,2,187200,170823,0,31209,118,85,3,0.9125160256410256,0.08748397435897437,1.2235377540934291
c04,raw,2,16,10_percent,0,187200,132300,0,0,39,0,0,0.7067307692307693,0.2932692307692307,1.0
c04,raw,2,16,10_percent,1,187200,159002,0,26702,117,32,0,0.8493696581196581,0.15063034188034186,1.2018291761148905
c04,raw,2,16,10_percent,2,187200,168273,0,35973,118,74,0,0.8988942307692308,0.1011057692307692,1.2719047619047619
c04,raw,2,32,any,0,46800,42851,0,0,118,102,0,0.9156196581196581,0.08438034188034194,1.0
c04,raw,2,32,any,1,46800,45878,0,3027,118,118,82,0.9802991452991453,0.019700854700854697,1.0706401250845954
c04,raw,2,32,any,2,46800,46011,0,3160,118,118,115,0.9831410256410257,0.01685897435897432,1.0737439032928053
c04,raw,2,32,1_percent,0,46800,39647,0,0,117,34,0,0.8471581196581197,0.1528418803418803,1.0
c04,raw,2,32,1_percent,1,46800,43994,0,4347,118,117,12,0.9400427350427351,0.059957264957264944,1.109642595908896
c04,raw,2,32,1_percent,2,46800,45426,0,5779,118,118,33,0.9706410256410256,0.029358974358974388,1.1457613438595606
c04,raw,2,32,5_percent,0,46800,37256,0,0,96,15,0,0.7960683760683761,0.2039316239316239,1.0
c04,raw,2,32,5_percent,1,46800,42633,0,5377,118,84,1,0.9109615384615385,0.08903846153846151,1.1443257461885334
c04,raw,2,32,5_percent,2,46800,44564,0,7308,118,118,16,0.9522222222222222,0.04777777777777781,1.196156323813614
c04,raw,2,32,10_percent,0,46800,35448,0,0,73,2,0,0.7574358974358975,0.24256410256410255,1.0
c04,raw,2,32,10_percent,1,46800,42202,0,6754,118,79,0,0.9017521367521367,0.09824786324786328,1.1905326111487249
c04,raw,2,32,10_percent,2,46800,44394,0,8946,118,117,13,0.9485897435897436,0.05141025641025643,1.2523696682464456
c04,raw,2,64,any,0,12480,11947,1560,0,118,118,21,0.9572916666666667,0.04270833333333335,1.0
c04,raw,2,64,any,1,12480,12271,1560,324,118,118,117,0.9832532051282051,0.016746794871794868,1.0271197790240227
c04,raw,2,64,any,2,12480,12272,1560,325,118,118,118,0.9833333333333333,0.01666666666666672,1.0272034820457019
c04,raw,2,64,1_percent,0,12480,10836,1560,0,118,42,4,0.8682692307692308,0.1317307692307692,1.0
c04,raw,2,64,1_percent,1,12480,11892,1560,1056,118,118,26,0.9528846153846153,0.04711538461538467,1.097452934662237
c04,raw,2,64,1_percent,2,12480,12272,1560,1436,118,118,118,0.9833333333333333,0.01666666666666672,1.1325212255444814
c04,raw,2,64,5_percent,0,12480,10370,1560,0,114,24,0,0.8309294871794872,0.16907051282051277,1.0
c04,raw,2,64,5_percent,1,12480,11714,1560,1344,118,116,18,0.9386217948717949,0.06137820512820513,1.1296046287367405
c04,raw,2,64,5_percent,2,12480,12271,1560,1901,118,118,117,0.9832532051282051,0.016746794871794868,1.1833172613307619
c04,raw,2,64,10_percent,0,12480,9879,1560,0,93,9,0,0.7915865384615385,0.20841346153846152,1.0
c04,raw,2,64,10_percent,1,12480,11648,1560,1769,118,114,15,0.9333333333333333,0.06666666666666665,1.1790667071565948
c04,raw,2,64,10_percent,2,12480,12260,1560,2381,118,118,115,0.9823717948717948,0.017628205128205177,1.2410162971960725
c04,raw,4,8,any,0,748800,461938,0,0,8,0,0,0.6169043803418803,0.38309561965811967,1.0
c04,raw,4,8,any,1,748800,570956,0,109018,74,2,0,0.7624946581196581,0.2375053418803419,1.2360013681489723
c04,raw,4,8,any,2,748800,624493,0,162555,118,23,0,0.8339917200854701,0.16600827991452993,1.3518978737406318
c04,raw,4,8,1_percent,0,748800,461938,0,0,8,0,0,0.6169043803418803,0.38309561965811967,1.0
c04,raw,4,8,1_percent,1,748800,570956,0,109018,74,2,0,0.7624946581196581,0.2375053418803419,1.2360013681489723
c04,raw,4,8,1_percent,2,748800,624493,0,162555,118,23,0,0.8339917200854701,0.16600827991452993,1.3518978737406318
c04,raw,4,8,5_percent,0,748800,434773,0,0,4,0,0,0.5806263354700855,0.41937366452991454,1.0
c04,raw,4,8,5_percent,1,748800,543719,0,108946,46,0,0,0.7261204594017094,0.27387954059829056,1.2505813378475665
c04,raw,4,8,5_percent,2,748800,599226,0,164453,108,4,0,0.8002483974358975,0.19975160256410252,1.3782502593307313
c04,raw,4,8,10_percent,0,748800,420083,0,0,2,0,0,0.56100827991453,0.43899172008547005,1.0
c04,raw,4,8,10_percent,1,748800,532916,0,112833,41,0,0,0.711693376068376,0.288306623931624,1.26859692013245
c04,raw,4,8,10_percent,2,748800,589407,0,169324,95,4,0,0.7871354166666666,0.21286458333333336,1.4030727261041271
c04,raw,4,16,any,0,187200,132582,0,0,39,0,0,0.7082371794871795,0.29176282051282054,1.0
c04,raw,4,16,any,1,187200,160834,0,28252,118,34,0,0.8591559829059829,0.14084401709401706,1.2130907664690531
c04,raw,4,16,any,2,187200,171641,0,39059,118,106,1,0.9168856837606838,0.0831143162393162,1.2946025855696852
c04,raw,4,16,1_percent,0,187200,127976,0,0,24,0,0,0.6836324786324787,0.31636752136752133,1.0
c04,raw,4,16,1_percent,1,187200,156623,0,28647,118,21,0,0.8366613247863248,0.16333867521367518,1.2238466587485153
c04,raw,4,16,1_percent,2,187200,168519,0,40543,118,74,0,0.9002083333333334,0.09979166666666661,1.3168015877977122
c04,raw,4,16,5_percent,0,187200,121140,0,0,15,0,0,0.6471153846153846,0.35288461538461535,1.0
c04,raw,4,16,5_percent,1,187200,151539,0,30399,113,6,0,0.8095032051282052,0.19049679487179483,1.2509410599306587
c04,raw,4,16,5_percent,2,187200,164827,0,43687,118,56,0,0.8804861111111111,0.11951388888888892,1.3606323262341093
c04,raw,4,16,10_percent,0,187200,115915,0,0,8,0,0,0.6192040598290598,0.3807959401709402,1.0
c04,raw,4,16,10_percent,1,187200,148505,0,32590,100,4,0,0.7932959401709402,0.20670405982905982,1.2811542940948109
c04,raw,4,16,10_percent,2,187200,163346,0,47431,118,46,0,0.8725747863247864,0.12742521367521364,1.409187766898158
c04,raw,4,32,any,0,46800,37609,0,0,108,12,0,0.8036111111111112,0.19638888888888884,1.0
c04,raw,4,32,any,1,46800,43686,0,6077,118,112,3,0.9334615384615385,0.06653846153846155,1.1615836634848042
c04,raw,4,32,any,2,46800,45346,0,7737,118,118,25,0.9689316239316239,0.03106837606837609,1.205722034619373
c04,raw,4,32,1_percent,0,46800,35378,0,0,72,2,0,0.755940170940171,0.24405982905982904,1.0
c04,raw,4,32,1_percent,1,46800,42284,0,6906,118,78,0,0.9035042735042735,0.09649572649572646,1.1952060602634405
c04,raw,4,32,1_percent,2,46800,44504,0,9126,118,118,16,0.9509401709401709,0.049059829059829085,1.2579569223811409
c04,raw,4,32,5_percent,0,46800,33421,0,0,39,0,0,0.7141239316239316,0.2858760683760684,1.0
c04,raw,4,32,5_percent,1,46800,41676,0,8255,118,68,0,0.8905128205128205,0.10948717948717945,1.2470003889769905
c04,raw,4,32,5_percent,2,46800,44233,0,10812,118,115,11,0.9451495726495727,0.05485042735042733,1.3235091708805842
c04,raw,4,32,10_percent,0,46800,31804,0,0,27,0,0,0.6795726495726496,0.3204273504273504,1.0
c04,raw,4,32,10_percent,1,46800,41181,0,9377,117,58,0,0.8799358974358974,0.1200641025641026,1.2948371274053578
c04,raw,4,32,10_percent,2,46800,44035,0,12231,118,114,10,0.9409188034188034,0.05908119658119659,1.38457426738775
c04,raw,4,64,any,0,12480,10823,1560,0,118,36,1,0.8672275641025641,0.13277243589743593,1.0
c04,raw,4,64,any,1,12480,12045,1560,1222,118,118,38,0.9651442307692307,0.034855769230769273,1.112907696572115
c04,raw,4,64,any,2,12480,12272,1560,1449,118,118,118,0.9833333333333333,0.01666666666666672,1.1338815485540055
c04,raw,4,64,1_percent,0,12480,10155,1560,0,115,9,0,0.8137019230769231,0.18629807692307687,1.0
c04,raw,4,64,1_percent,1,12480,11708,1560,1553,118,116,17,0.9381410256410256,0.06185897435897436,1.152929591334318
c04,raw,4,64,1_percent,2,12480,12272,1560,2117,118,118,118,0.9833333333333333,0.01666666666666672,1.2084687346134908
c04,raw,4,64,5_percent,0,12480,9614,1560,0,89,2,0,0.7703525641025641,0.22964743589743586,1.0
c04,raw,4,64,5_percent,1,12480,11626,1560,2012,118,113,13,0.9315705128205128,0.06842948717948716,1.2092781360515914
c04,raw,4,64,5_percent,2,12480,12256,1560,2642,118,118,115,0.982051282051282,0.017948717948717996,1.2748075722904098
c04,raw,4,64,10_percent,0,12480,9031,1560,0,54,1,0,0.7236378205128206,0.27636217948717945,1.0
c04,raw,4,64,10_percent,1,12480,11493,1560,2462,118,107,9,0.9209134615384615,0.07908653846153846,1.272616543018492
c04,raw,4,64,10_percent,2,12480,12238,1560,3207,118,117,111,0.9806089743589743,0.019391025641025683,1.3551101760602369
c04,raw,8,8,any,0,748800,395035,0,0,0,0,0,0.5275574252136752,0.4724425747863248,1.0
c04,raw,8,8,any,1,748800,510182,0,115147,20,0,0,0.6813327991452991,0.3186672008547009,1.291485564570228
c04,raw,8,8,any,2,748800,572245,0,177210,82,0,0,0.764216079059829,0.23578392094017098,1.4485931626311592
c04,raw,8,8,1_percent,0,748800,395035,0,0,0,0,0,0.5275574252136752,0.4724425747863248,1.0
c04,raw,8,8,1_percent,1,748800,510182,0,115147,20,0,0,0.6813327991452991,0.3186672008547009,1.291485564570228
c04,raw,8,8,1_percent,2,748800,572245,0,177210,82,0,0,0.764216079059829,0.23578392094017098,1.4485931626311592
c04,raw,8,8,5_percent,0,748800,374545,0,0,0,0,0,0.5001936431623931,0.4998063568376069,1.0
c04,raw,8,8,5_percent,1,748800,496607,0,122062,16,0,0,0.6632037927350427,0.3367962072649573,1.3258940848229184
c04,raw,8,8,5_percent,2,748800,560953,0,186408,74,0,0,0.7491359508547009,0.25086404914529914,1.4976918661309055
c04,raw,8,8,10_percent,0,748800,360023,0,0,0,0,0,0.48079994658119657,0.5192000534188035,1.0
c04,raw,8,8,10_percent,1,748800,488387,0,128364,15,0,0,0.6522262286324786,0.3477737713675214,1.3565438874738558
c04,raw,8,8,10_percent,2,748800,554228,0,194205,63,0,0,0.7401549145299146,0.25984508547008545,1.5394238701416298
c04,raw,8,16,any,0,187200,116667,0,0,4,0,0,0.6232211538461538,0.37677884615384616,1.0
c04,raw,8,16,any,1,187200,148947,0,32280,108,2,0,0.7956570512820513,0.20434294871794867,1.2766849237573608
c04,raw,8,16,any,2,187200,164096,0,47429,118,45,0,0.8765811965811966,0.1234188034188034,1.4065331241910737
c04,raw,8,16,1_percent,0,187200,114092,0,0,3,0,0,0.609465811965812,0.39053418803418805,1.0
c04,raw,8,16,1_percent,1,187200,147211,0,33119,100,2,0,0.786383547008547,0.21361645299145304,1.290283280159871
c04,raw,8,16,1_percent,2,187200,162746,0,48654,118,42,0,0.8693696581196582,0.13063034188034184,1.4264453248255793
c04,raw,8,16,5_percent,0,187200,108174,0,0,1,0,0,0.5778525641025641,0.42214743589743586,1.0
c04,raw,8,16,5_percent,1,187200,143578,0,35404,84,0,0,0.7669764957264957,0.23302350427350427,1.327287518257622
c04,raw,8,16,5_percent,2,187200,160588,0,52414,115,29,0,0.8578418803418804,0.14215811965811964,1.4845341764194724
c04,raw,8,16,10_percent,0,187200,102337,0,0,0,0,0,0.5466720085470086,0.4533279914529914,1.0
c04,raw,8,16,10_percent,1,187200,139943,0,37606,71,0,0,0.7475587606837607,0.2524412393162393,1.3674721752640784
c04,raw,8,16,10_percent,2,187200,158583,0,56246,114,24,0,0.8471314102564103,0.15286858974358974,1.549615486090075
c04,raw,8,32,any,0,46800,33933,0,0,49,0,0,0.7250641025641026,0.2749358974358974,1.0
c04,raw,8,32,any,1,46800,42112,0,8179,118,76,0,0.8998290598290598,0.10017094017094019,1.2410338019037515
c04,raw,8,32,any,2,46800,44601,0,10668,118,118,16,0.9530128205128205,0.046987179487179453,1.3143842277429052
c04,raw,8,32,1_percent,0,46800,32629,0,0,32,0,0,0.6972008547008547,0.3027991452991453,1.0
c04,raw,8,32,1_percent,1,46800,41445,0,8816,118,63,0,0.885576923076923,0.11442307692307696,1.2701890955898127
c04,raw,8,32,1_percent,2,46800,44100,0,11471,118,115,11,0.9423076923076923,0.05769230769230771,1.3515584296178247
c04,raw,8,32,5_percent,0,46800,30620,0,0,14,0,0,0.6542735042735043,0.3457264957264957,1.0
c04,raw,8,32,5_percent,1,46800,40667,0,10047,115,44,0,0.8689529914529914,0.13104700854700857,1.3281188765512737
c04,raw,8,32,5_percent,2,46800,43763,0,13143,118,111,4,0.9351068376068377,0.06489316239316234,1.4292292619203135
c04,raw,8,32,10_percent,0,46800,28566,0,0,5,0,0,0.6103846153846154,0.3896153846153846,1.0
c04,raw,8,32,10_percent,1,46800,39808,0,11242,113,32,0,0.8505982905982906,0.14940170940170938,1.3935447735069664
c04,raw,8,32,10_percent,2,46800,43393,0,14827,117,103,2,0.9272008547008547,0.07279914529914533,1.5190436182874747
c04,raw,8,64,any,0,12480,10131,1560,0,116,7,0,0.8117788461538461,0.1882211538461539,1.0
c04,raw,8,64,any,1,12480,11802,1560,1671,118,118,17,0.9456730769230769,0.054326923076923106,1.1649392952324549
c04,raw,8,64,any,2,12480,12272,1560,2141,118,118,118,0.9833333333333333,0.01666666666666672,1.2113315566084295
c04,raw,8,64,1_percent,0,12480,9685,1560,0,95,1,0,0.7760416666666666,0.22395833333333337,1.0
c04,raw,8,64,1_percent,1,12480,11631,1560,1946,118,113,13,0.9319711538461538,0.06802884615384619,1.2009292720702116
c04,raw,8,64,1_percent,2,12480,12252,1560,2567,118,118,113,0.9817307692307692,0.018269230769230815,1.2650490449148166
c04,raw,8,64,5_percent,0,12480,8939,1560,0,51,0,0,0.7162660256410256,0.2837339743589744,1.0
c04,raw,8,64,5_percent,1,12480,11454,1560,2515,117,104,8,0.9177884615384615,0.0822115384615385,1.2813513815863071
c04,raw,8,64,5_percent,2,12480,12211,1560,3272,118,116,104,0.9784455128205128,0.02155448717948716,1.3660364694037364
c04,raw,8,64,10_percent,0,12480,8190,1560,0,27,0,0,0.65625,0.34375,1.0
c04,raw,8,64,10_percent,1,12480,11191,1560,3001,115,83,3,0.8967147435897436,0.10328525641025643,1.3664224664224665
c04,raw,8,64,10_percent,2,12480,12117,1560,3927,118,114,84,0.9709134615384616,0.029086538461538414,1.4794871794871796
c04,raw,16,8,any,0,748800,335760,0,0,0,0,0,0.4483974358974359,0.5516025641025641,1.0
c04,raw,16,8,any,1,748800,461986,0,126226,3,0,0,0.6169684829059829,0.38303151709401706,1.3759411484393615
c04,raw,16,8,any,2,748800,530748,0,194988,36,0,0,0.708798076923077,0.29120192307692305,1.580736240171551
c04,raw,16,8,1_percent,0,748800,335760,0,0,0,0,0,0.4483974358974359,0.5516025641025641,1.0
c04,raw,16,8,1_percent,1,748800,461986,0,126226,3,0,0,0.6169684829059829,0.38303151709401706,1.3759411484393615
c04,raw,16,8,1_percent,2,748800,530748,0,194988,36,0,0,0.708798076923077,0.29120192307692305,1.580736240171551
c04,raw,16,8,5_percent,0,748800,315642,0,0,0,0,0,0.4215304487179487,0.5784695512820512,1.0
c04,raw,16,8,5_percent,1,748800,449548,0,133906,1,0,0,0.600357905982906,0.39964209401709405,1.4242337838437218
c04,raw,16,8,5_percent,2,748800,519546,0,203904,29,0,0,0.693838141025641,0.306161858974359,1.6459976809169883
c04,raw,16,8,10_percent,0,748800,300600,0,0,0,0,0,0.4014423076923077,0.5985576923076923,1.0
c04,raw,16,8,10_percent,1,748800,440619,0,140019,0,0,0,0.5884334935897436,0.4115665064102564,1.4657984031936129
c04,raw,16,8,10_percent,2,748800,511955,0,211355,22,0,0,0.6837005876068376,0.3162994123931624,1.7031104457751165
c04,raw,16,16,any,0,187200,103558,0,0,0,0,0,0.5531944444444444,0.44680555555555557,1.0
c04,raw,16,16,any,1,187200,139429,0,35871,67,0,0,0.7448130341880342,0.25518696581196576,1.3463856003399062
c04,raw,16,16,any,2,187200,157780,0,54222,114,22,0,0.8428418803418803,0.15715811965811965,1.5235906448560228
c04,raw,16,16,1_percent,0,187200,101198,0,0,0,0,0,0.5405876068376069,0.45941239316239313,1.0
c04,raw,16,16,1_percent,1,187200,137685,0,36487,59,0,0,0.7354967948717949,0.26450320512820513,1.3605506037668729
c04,raw,16,16,1_percent,2,187200,156588,0,55390,114,19,0,0.836474358974359,0.16352564102564104,1.5473428328623096
c04,raw,16,16,5_percent,0,187200,94915,0,0,0,0,0,0.5070245726495727,0.4929754273504273,1.0
c04,raw,16,16,5_percent,1,187200,133510,0,38595,40,0,0,0.7131944444444445,0.28680555555555554,1.4066269820365591
c04,raw,16,16,5_percent,2,187200,153653,0,58738,108,16,0,0.8207959401709402,0.17920405982905985,1.6188484433440447
c04,raw,16,16,10_percent,0,187200,87492,0,0,0,0,0,0.46737179487179487,0.5326282051282052,1.0
c04,raw,16,16,10_percent,1,187200,128776,0,41284,29,0,0,0.6879059829059829,0.3120940170940171,1.4718602843688566
c04,raw,16,16,10_percent,2,187200,150512,0,63020,99,9,0,0.804017094017094,0.19598290598290602,1.7202944269190326
c04,raw,16,32,any,0,46800,31207,0,0,18,0,0,0.6668162393162393,0.33318376068376065,1.0
c04,raw,16,32,any,1,46800,40803,0,9596,117,46,0,0.8718589743589743,0.1281410256410257,1.3074951132758676
c04,raw,16,32,any,2,46800,43750,0,12543,118,112,9,0.9348290598290598,0.06517094017094016,1.4019290543788252
c04,raw,16,32,1_percent,0,46800,29879,0,0,9,0,0,0.6384401709401709,0.3615598290598291,1.0
c04,raw,16,32,1_percent,1,46800,40080,0,10201,115,36,0,0.8564102564102564,0.14358974358974363,1.341410355098899
c04,raw,16,32,1_percent,2,46800,43320,0,13441,118,102,2,0.9256410256410257,0.07435897435897432,1.44984771913384
c04,raw,16,32,5_percent,0,46800,27496,0,0,2,0,0,0.5875213675213675,0.4124786324786325,1.0
c04,raw,16,32,5_percent,1,46800,38925,0,11429,108,24,0,0.8317307692307693,0.16826923076923073,1.4156604597032296
c04,raw,16,32,5_percent,2,46800,42684,0,15188,117,90,1,0.912051282051282,0.08794871794871795,1.5523712540005818
c04,raw,16,32,10_percent,0,46800,24824,0,0,0,0,0,0.5304273504273505,0.46957264957264955,1.0
c04,raw,16,32,10_percent,1,46800,37597,0,12773,97,17,0,0.8033547008547008,0.19664529914529916,1.5145423783435386
c04,raw,16,32,10_percent,2,46800,42019,0,17195,115,81,1,0.8978418803418804,0.1021581196581196,1.6926764421527554
c04,raw,16,64,any,0,12480,9591,1560,0,91,1,0,0.7685096153846154,0.23149038461538463,1.0
c04,raw,16,64,any,1,12480,11605,1560,2014,118,112,13,0.9298878205128205,0.07011217948717952,1.209988530914399
c04,raw,16,64,any,2,12480,12250,1560,2659,118,118,110,0.9815705128205128,0.018429487179487225,1.2772390783025753
c04,raw,16,64,1_percent,0,12480,9026,1560,0,50,0,0,0.7232371794871795,0.27676282051282053,1.0
c04,raw,16,64,1_percent,1,12480,11419,1560,2393,117,95,10,0.9149839743589744,0.08501602564102562,1.2651229780633724
c04,raw,16,64,1_percent,2,12480,12177,1560,3151,118,117,91,0.9757211538461539,0.024278846153846123,1.3491025925105251
c04,raw,16,64,5_percent,0,12480,8095,1560,0,24,0,0,0.6486378205128205,0.3513621794871795,1.0
c04,raw,16,64,5_percent,1,12480,11071,1560,2976,116,72,5,0.887099358974359,0.11290064102564101,1.367634342186535
c04,raw,16,64,5_percent,2,12480,12039,1560,3944,118,116,66,0.9646634615384615,0.0353365384615385,1.4872143298332303
c04,raw,16,64,10_percent,0,12480,7095,1560,0,4,0,0,0.5685096153846154,0.4314903846153846,1.0
c04,raw,16,64,10_percent,1,12480,10651,1560,3556,110,47,1,0.8534455128205128,0.14655448717948716,1.501198026779422
c04,raw,16,64,10_percent,2,12480,11853,1560,4758,118,111,39,0.9497596153846154,0.0502403846153846,1.6706131078224102
c04,translation_compensated,0,8,any,0,748800,734474,0,0,118,118,3,0.9808680555555556,0.019131944444444438,1.0
c04,translation_compensated,0,8,any,1,748800,736311,0,1837,118,118,112,0.9833213141025641,0.01667868589743593,1.0025011096376455
c04,translation_compensated,0,8,any,2,748800,736320,0,1846,118,118,118,0.9833333333333333,0.01666666666666672,1.0025133633048957
c04,translation_compensated,0,8,1_percent,0,748800,734474,0,0,118,118,3,0.9808680555555556,0.019131944444444438,1.0
c04,translation_compensated,0,8,1_percent,1,748800,736311,0,1837,118,118,112,0.9833213141025641,0.01667868589743593,1.0025011096376455
c04,translation_compensated,0,8,1_percent,2,748800,736320,0,1846,118,118,118,0.9833333333333333,0.01666666666666672,1.0025133633048957
c04,translation_compensated,0,8,5_percent,0,748800,729311,0,0,118,118,0,0.9739730235042735,0.026026976495726495,1.0
c04,translation_compensated,0,8,5_percent,1,748800,736289,0,6978,118,118,110,0.9832919337606838,0.0167080662393162,1.0095679346671036
c04,translation_compensated,0,8,5_percent,2,748800,736320,0,7009,118,118,118,0.9833333333333333,0.01666666666666672,1.0096104405390842
c04,translation_compensated,0,8,10_percent,0,748800,720732,0,0,118,118,0,0.9625160256410257,0.037483974358974326,1.0
c04,translation_compensated,0,8,10_percent,1,748800,736220,0,15488,118,118,105,0.9831997863247863,0.01680021367521367,1.0214892636930233
c04,translation_compensated,0,8,10_percent,2,748800,736320,0,15588,118,118,118,0.9833333333333333,0.01666666666666672,1.0216280115216196
c04,translation_compensated,0,16,any,0,187200,184061,0,0,118,118,112,0.9832318376068376,0.016768162393162367,1.0
c04,translation_compensated,0,16,any,1,187200,184080,0,19,118,118,118,0.9833333333333333,0.01666666666666672,1.0001032266476875
c04,translation_compensated,0,16,any,2,187200,184080,0,19,118,118,118,0.9833333333333333,0.01666666666666672,1.0001032266476875
c04,translation_compensated,0,16,1_percent,0,187200,184041,0,0,118,118,105,0.983125,0.016874999999999973,1.0
c04,translation_compensated,0,16,1_percent,1,187200,184080,0,39,118,118,118,0.9833333333333333,0.01666666666666672,1.0002119093028183
c04,translation_compensated,0,16,1_percent,2,187200,184080,0,39,118,118,118,0.9833333333333333,0.01666666666666672,1.0002119093028183
c04,translation_compensated,0,16,5_percent,0,187200,183891,0,0,118,118,81,0.982323717948718,0.017676282051282022,1.0
c04,translation_compensated,0,16,5_percent,1,187200,184080,0,189,118,118,118,0.9833333333333333,0.01666666666666672,1.0010277827626148
c04,translation_compensated,0,16,5_percent,2,187200,184080,0,189,118,118,118,0.9833333333333333,0.01666666666666672,1.0010277827626148
c04,translation_compensated,0,16,10_percent,0,187200,183366,0,0,118,118,20,0.9795192307692308,0.020480769230769247,1.0
c04,translation_compensated,0,16,10_percent,1,187200,184063,0,697,118,118,114,0.9832425213675213,0.016757478632478673,1.0038011408876237
c04,translation_compensated,0,16,10_percent,2,187200,184080,0,714,118,118,118,0.9833333333333333,0.01666666666666672,1.0038938516409803
c04,translation_compensated,0,32,any,0,46800,46020,0,0,118,118,118,0.9833333333333333,0.01666666666666672,1.0
c04,translation_compensated,0,32,any,1,46800,46020,0,0,118,118,118,0.9833333333333333,0.01666666666666672,1.0
c04,translation_compensated,0,32,any,2,46800,46020,0,0,118,118,118,0.9833333333333333,0.01666666666666672,1.0
c04,translation_compensated,0,32,1_percent,0,46800,46019,0,0,118,118,117,0.9833119658119658,0.016688034188034218,1.0
c04,translation_compensated,0,32,1_percent,1,46800,46020,0,1,118,118,118,0.9833333333333333,0.01666666666666672,1.000021730154936
c04,translation_compensated,0,32,1_percent,2,46800,46020,0,1,118,118,118,0.9833333333333333,0.01666666666666672,1.000021730154936
c04,translation_compensated,0,32,5_percent,0,46800,46006,0,0,118,118,113,0.9830341880341881,0.016965811965811928,1.0
c04,translation_compensated,0,32,5_percent,1,46800,46020,0,14,118,118,118,0.9833333333333333,0.01666666666666672,1.0003043081337217
c04,translation_compensated,0,32,5_percent,2,46800,46020,0,14,118,118,118,0.9833333333333333,0.01666666666666672,1.0003043081337217
c04,translation_compensated,0,32,10_percent,0,46800,45971,0,0,118,118,105,0.9822863247863248,0.017713675213675173,1.0
c04,translation_compensated,0,32,10_percent,1,46800,46020,0,49,118,118,118,0.9833333333333333,0.01666666666666672,1.0010658893650344
c04,translation_compensated,0,32,10_percent,2,46800,46020,0,49,118,118,118,0.9833333333333333,0.01666666666666672,1.0010658893650344
c04,translation_compensated,0,64,any,0,12480,12272,1560,0,118,118,118,0.9833333333333333,0.01666666666666672,1.0
c04,translation_compensated,0,64,any,1,12480,12272,1560,0,118,118,118,0.9833333333333333,0.01666666666666672,1.0
c04,translation_compensated,0,64,any,2,12480,12272,1560,0,118,118,118,0.9833333333333333,0.01666666666666672,1.0
c04,translation_compensated,0,64,1_percent,0,12480,12272,1560,0,118,118,118,0.9833333333333333,0.01666666666666672,1.0
c04,translation_compensated,0,64,1_percent,1,12480,12272,1560,0,118,118,118,0.9833333333333333,0.01666666666666672,1.0
c04,translation_compensated,0,64,1_percent,2,12480,12272,1560,0,118,118,118,0.9833333333333333,0.01666666666666672,1.0
c04,translation_compensated,0,64,5_percent,0,12480,12272,1560,0,118,118,118,0.9833333333333333,0.01666666666666672,1.0
c04,translation_compensated,0,64,5_percent,1,12480,12272,1560,0,118,118,118,0.9833333333333333,0.01666666666666672,1.0
c04,translation_compensated,0,64,5_percent,2,12480,12272,1560,0,118,118,118,0.9833333333333333,0.01666666666666672,1.0
c04,translation_compensated,0,64,10_percent,0,12480,12270,1560,0,118,118,116,0.9831730769230769,0.016826923076923128,1.0
c04,translation_compensated,0,64,10_percent,1,12480,12272,1560,2,118,118,118,0.9833333333333333,0.01666666666666672,1.000162999185004
c04,translation_compensated,0,64,10_percent,2,12480,12272,1560,2,118,118,118,0.9833333333333333,0.01666666666666672,1.000162999185004
c04,translation_compensated,1,8,any,0,748800,645683,0,0,118,39,0,0.8622903311965812,0.13770966880341884,1.0
c04,translation_compensated,1,8,any,1,748800,726874,0,81191,118,118,1,0.970718482905983,0.02928151709401705,1.125744366817773
c04,translation_compensated,1,8,any,2,748800,735635,0,89952,118,118,43,0.9824185363247864,0.017581463675213627,1.1393129445873593
c04,translation_compensated,1,8,1_percent,0,748800,645683,0,0,118,39,0,0.8622903311965812,0.13770966880341884,1.0
c04,translation_compensated,1,8,1_percent,1,748800,726874,0,81191,118,118,1,0.970718482905983,0.02928151709401705,1.125744366817773
c04,translation_compensated,1,8,1_percent,2,748800,735635,0,89952,118,118,43,0.9824185363247864,0.017581463675213627,1.1393129445873593
c04,translation_compensated,1,8,5_percent,0,748800,591285,0,0,88,11,0,0.7896434294871795,0.21035657051282053,1.0
c04,translation_compensated,1,8,5_percent,1,748800,686540,0,95255,118,93,0,0.9168536324786325,0.0831463675213675,1.161098285936562
c04,translation_compensated,1,8,5_percent,2,748800,714911,0,123626,118,118,1,0.9547422542735042,0.04525774572649577,1.209080223580845
c04,translation_compensated,1,8,10_percent,0,748800,559451,0,0,62,2,0,0.7471300747863248,0.25286992521367524,1.0
c04,translation_compensated,1,8,10_percent,1,748800,668134,0,108683,118,65,0,0.8922729700854701,0.10772702991452987,1.1942672369876897
c04,translation_compensated,1,8,10_percent,2,748800,699615,0,140164,118,111,0,0.9343149038461539,0.0656850961538461,1.2505384743257228
c04,translation_compensated,1,16,any,0,187200,176808,0,0,118,118,0,0.9444871794871795,0.05551282051282047,1.0
c04,translation_compensated,1,16,any,1,187200,184044,0,7236,118,118,95,0.9831410256410257,0.01685897435897432,1.040925749966065
c04,translation_compensated,1,16,any,2,187200,184080,0,7272,118,118,118,0.9833333333333333,0.01666666666666672,1.0411293606624135
c04,translation_compensated,1,16,1_percent,0,187200,169715,0,0,118,85,0,0.9065972222222223,0.09340277777777772,1.0
c04,translation_compensated,1,16,1_percent,1,187200,182922,0,13207,118,118,23,0.9771474358974359,0.022852564102564088,1.077818696049259
c04,translation_compensated,1,16,1_percent,2,187200,184007,0,14292,118,118,97,0.9829433760683761,0.017056623931623882,1.0842117667854934
c04,translation_compensated,1,16,5_percent,0,187200,158291,0,0,115,36,0,0.8455715811965812,0.15442841880341884,1.0
c04,translation_compensated,1,16,5_percent,1,187200,175863,0,17572,118,115,2,0.9394391025641026,0.06056089743589743,1.111010733396087
c04,translation_compensated,1,16,5_percent,2,187200,181068,0,22777,118,118,28,0.9672435897435897,0.032756410256410295,1.1438932093422873
c04,translation_compensated,1,16,10_percent,0,187200,149398,0,0,92,15,0,0.7980662393162393,0.20193376068376068,1.0
c04,translation_compensated,1,16,10_percent,1,187200,171848,0,22450,118,85,1,0.917991452991453,0.08200854700854698,1.1502697492603648
c04,translation_compensated,1,16,10_percent,2,187200,178329,0,28931,118,118,21,0.9526121794871795,0.04738782051282053,1.1936505174098717
c04,translation_compensated,1,32,any,0,46800,45860,0,0,118,118,51,0.9799145299145299,0.020085470085470125,1.0
c04,translation_compensated,1,32,any,1,46800,46020,0,160,118,118,118,0.9833333333333333,0.01666666666666672,1.0034888791975578
c04,translation_compensated,1,32,any,2,46800,46020,0,160,118,118,118,0.9833333333333333,0.01666666666666672,1.0034888791975578
c04,translation_compensated,1,32,1_percent,0,46800,43875,0,0,118,113,2,0.9375,0.0625,1.0
c04,translation_compensated,1,32,1_percent,1,46800,45910,0,2035,118,118,87,0.9809829059829059,0.01901709401709406,1.0463817663817663
c04,translation_compensated,1,32,1_percent,2,46800,46017,0,2142,118,118,115,0.9832692307692308,0.016730769230769216,1.0488205128205128
c04,translation_compensated,1,32,5_percent,0,46800,41252,0,0,118,59,0,0.8814529914529915,0.1185470085470085,1.0
c04,translation_compensated,1,32,5_percent,1,46800,44975,0,3723,118,118,38,0.9610042735042735,0.03899572649572647,1.0902501696887423
c04,translation_compensated,1,32,5_percent,2,46800,45750,0,4498,118,118,72,0.9775641025641025,0.022435897435897467,1.1090371375933288
c04,translation_compensated,1,32,10_percent,0,46800,39140,0,0,113,33,0,0.8363247863247864,0.16367521367521365,1.0
c04,translation_compensated,1,32,10_percent,1,46800,44034,0,4894,118,111,19,0.9408974358974359,0.05910256410256409,1.1250383239652528
c04,translation_compensated,1,32,10_percent,2,46800,45269,0,6129,118,118,41,0.9672863247863248,0.032713675213675186,1.1565917220235054
c04,translation_compensated,1,64,any,0,12480,12272,1560,0,118,118,118,0.9833333333333333,0.01666666666666672,1.0
c04,translation_compensated,1,64,any,1,12480,12272,1560,0,118,118,118,0.9833333333333333,0.01666666666666672,1.0
c04,translation_compensated,1,64,any,2,12480,12272,1560,0,118,118,118,0.9833333333333333,0.01666666666666672,1.0
c04,translation_compensated,1,64,1_percent,0,12480,11923,1560,0,118,117,34,0.9553685897435897,0.044631410256410264,1.0
c04,translation_compensated,1,64,1_percent,1,12480,12268,1560,345,118,118,115,0.9830128205128205,0.016987179487179538,1.0289356705527133
c04,translation_compensated,1,64,1_percent,2,12480,12272,1560,349,118,118,118,0.9833333333333333,0.01666666666666672,1.029271156588107
c04,translation_compensated,1,64,5_percent,0,12480,11285,1560,0,118,76,6,0.9042467948717948,0.09575320512820518,1.0
c04,translation_compensated,1,64,5_percent,1,12480,12155,1560,870,118,118,78,0.9739583333333334,0.02604166666666663,1.0770934869295525
c04,translation_compensated,1,64,5_percent,2,12480,12272,1560,987,118,118,118,0.9833333333333333,0.01666666666666672,1.0874612317235268
c04,translation_compensated,1,64,10_percent,0,12480,10763,1560,0,115,47,2,0.8624198717948718,0.13758012820512822,1.0
c04,translation_compensated,1,64,10_percent,1,12480,11977,1560,1214,118,117,41,0.9596955128205128,0.0403044871794872,1.112793830716343
c04,translation_compensated,1,64,10_percent,2,12480,12271,1560,1508,118,118,117,0.9832532051282051,0.016746794871794868,1.1401096348601691
c04,translation_compensated,2,8,any,0,748800,543285,0,0,55,1,0,0.7255408653846154,0.2744591346153846,1.0
c04,translation_compensated,2,8,any,1,748800,660294,0,117009,118,49,0,0.8818028846153846,0.11819711538461541,1.2153731466909634
c04,translation_compensated,2,8,any,2,748800,699650,0,156365,118,115,0,0.9343616452991453,0.06563835470085466,1.287813946639425
c04,translation_compensated,2,8,1_percent,0,748800,543285,0,0,55,1,0,0.7255408653846154,0.2744591346153846,1.0
c04,translation_compensated,2,8,1_percent,1,748800,660294,0,117009,118,49,0,0.8818028846153846,0.11819711538461541,1.2153731466909634
c04,translation_compensated,2,8,1_percent,2,748800,699650,0,156365,118,115,0,0.9343616452991453,0.06563835470085466,1.287813946639425
c04,translation_compensated,2,8,5_percent,0,748800,483754,0,0,18,0,0,0.6460389957264957,0.3539610042735043,1.0
c04,translation_compensated,2,8,5_percent,1,748800,608126,0,124372,102,21,0,0.8121340811965811,0.18786591880341885,1.2570976157303093
c04,translation_compensated,2,8,5_percent,2,748800,655338,0,171584,117,49,0,0.8751842948717948,0.12481570512820517,1.3546926743758192
c04,translation_compensated,2,8,10_percent,0,748800,453449,0,0,9,0,0,0.6055675747863248,0.39443242521367516,1.0
c04,translation_compensated,2,8,10_percent,1,748800,582813,0,129364,82,9,0,0.7783293269230769,0.22167067307692312,1.2852889740632354
c04,translation_compensated,2,8,10_percent,2,748800,633750,0,180301,116,30,0,0.8463541666666666,0.15364583333333337,1.3976213422016588
c04,translation_compensated,2,16,any,0,187200,155915,0,0,116,27,0,0.8328792735042735,0.1671207264957265,1.0
c04,translation_compensated,2,16,any,1,187200,177754,0,21839,118,118,1,0.9495405982905983,0.05045940170940166,1.1400699098867972
c04,translation_compensated,2,16,any,2,187200,182460,0,26545,118,118,34,0.9746794871794872,0.02532051282051284,1.1702530224801975
c04,translation_compensated,2,16,1_percent,0,187200,147616,0,0,87,11,0,0.7885470085470085,0.21145299145299146,1.0
c04,translation_compensated,2,16,1_percent,1,187200,171824,0,24208,118,95,0,0.9178632478632479,0.08213675213675209,1.1639930630825928
c04,translation_compensated,2,16,1_percent,2,187200,179523,0,31907,118,117,16,0.9589903846153847,0.04100961538461534,1.2161486559722523
c04,translation_compensated,2,16,5_percent,0,187200,133586,0,0,48,1,0,0.7136004273504274,0.2863995726495726,1.0
c04,translation_compensated,2,16,5_percent,1,187200,161065,0,27479,117,40,0,0.8603899572649573,0.13961004273504274,1.2057026933960147
c04,translation_compensated,2,16,5_percent,2,187200,170891,0,37305,118,78,3,0.9128792735042736,0.08712072649572644,1.2792583055110565
c04,translation_compensated,2,16,10_percent,0,187200,124612,0,0,22,0,0,0.6656623931623932,0.3343376068376068,1.0
c04,translation_compensated,2,16,10_percent,1,187200,155599,0,30987,114,24,0,0.8311912393162393,0.16880876068376072,1.2486678650531249
c04,translation_compensated,2,16,10_percent,2,187200,167517,0,42905,118,67,0,0.8948557692307693,0.10514423076923074,1.3443087343113023
c04,translation_compensated,2,32,any,0,46800,42847,0,0,118,95,0,0.9155341880341881,0.08446581196581193,1.0
c04,translation_compensated,2,32,any,1,46800,45803,0,2956,118,118,70,0.9786965811965812,0.021303418803418794,1.0689896608864098
c04,translation_compensated,2,32,any,2,46800,45993,0,3146,118,118,109,0.9827564102564103,0.01724358974358975,1.07342404369034
c04,translation_compensated,2,32,1_percent,0,46800,39182,0,0,114,31,0,0.8372222222222222,0.1627777777777778,1.0
c04,translation_compensated,2,32,1_percent,1,46800,44095,0,4913,118,113,20,0.9422008547008547,0.057799145299145316,1.125389209330815
c04,translation_compensated,2,32,1_percent,2,46800,45429,0,6247,118,118,43,0.9707051282051282,0.02929487179487178,1.159435455055893
c04,translation_compensated,2,32,5_percent,0,46800,36041,0,0,75,8,0,0.7701068376068376,0.22989316239316238,1.0
c04,translation_compensated,2,32,5_percent,1,46800,42595,0,6554,118,81,2,0.9101495726495726,0.08985042735042736,1.1818484503759608
c04,translation_compensated,2,32,5_percent,2,46800,44582,0,8541,118,118,27,0.9526068376068376,0.04739316239316238,1.2369801059903998
c04,translation_compensated,2,32,10_percent,0,46800,33910,0,0,51,1,0,0.7245726495726496,0.27542735042735045,1.0
c04,translation_compensated,2,32,10_percent,1,46800,41995,0,8085,118,71,1,0.8973290598290599,0.10267094017094014,1.2384252432910645
c04,translation_compensated,2,32,10_percent,2,46800,44321,0,10411,118,116,21,0.9470299145299146,0.052970085470085415,1.3070185785903863
c04,translation_compensated,2,64,any,0,12480,11949,1560,0,118,118,25,0.9574519230769231,0.04254807692307694,1.0
c04,translation_compensated,2,64,any,1,12480,12267,1560,318,118,118,113,0.9829326923076923,0.017067307692307687,1.0266131056992216
c04,translation_compensated,2,64,any,2,12480,12272,1560,323,118,118,118,0.9833333333333333,0.01666666666666672,1.0270315507573855
c04,translation_compensated,2,64,1_percent,0,12480,10851,1560,0,117,46,2,0.8694711538461538,0.1305288461538462,1.0
c04,translation_compensated,2,64,1_percent,1,12480,11943,1560,1092,118,118,42,0.9569711538461538,0.04302884615384617,1.1006358860934475
c04,translation_compensated,2,64,1_percent,2,12480,12272,1560,1421,118,118,118,0.9833333333333333,0.01666666666666672,1.1309556722882683
c04,translation_compensated,2,64,5_percent,0,12480,10144,1560,0,107,19,0,0.8128205128205128,0.18717948717948718,1.0
c04,translation_compensated,2,64,5_percent,1,12480,11728,1560,1584,118,115,28,0.9397435897435897,0.060256410256410264,1.1561514195583595
c04,translation_compensated,2,64,5_percent,2,12480,12270,1560,2126,118,118,116,0.9831730769230769,0.016826923076923128,1.2095820189274449
c04,translation_compensated,2,64,10_percent,0,12480,9529,1560,0,77,8,0,0.7635416666666667,0.23645833333333333,1.0
c04,translation_compensated,2,64,10_percent,1,12480,11625,1560,2096,118,108,23,0.9314903846153846,0.06850961538461542,1.219960121733655
c04,translation_compensated,2,64,10_percent,2,12480,12261,1560,2732,118,118,115,0.9824519230769231,0.017548076923076916,1.2867037464581803
c04,translation_compensated,4,8,any,0,748800,421767,0,0,1,0,0,0.5632572115384615,0.43674278846153847,1.0
c04,translation_compensated,4,8,any,1,748800,549032,0,127265,57,1,0,0.733215811965812,0.266784188034188,1.3017424312475845
c04,translation_compensated,4,8,any,2,748800,609594,0,187827,111,18,0,0.8140945512820513,0.18590544871794867,1.445333560947158
c04,translation_compensated,4,8,1_percent,0,748800,421767,0,0,1,0,0,0.5632572115384615,0.43674278846153847,1.0
c04,translation_compensated,4,8,1_percent,1,748800,549032,0,127265,57,1,0,0.733215811965812,0.266784188034188,1.3017424312475845
c04,translation_compensated,4,8,1_percent,2,748800,609594,0,187827,111,18,0,0.8140945512820513,0.18590544871794867,1.445333560947158
c04,translation_compensated,4,8,5_percent,0,748800,388644,0,0,0,0,0,0.5190224358974359,0.4809775641025641,1.0
c04,translation_compensated,4,8,5_percent,1,748800,519368,0,130724,29,0,0,0.6936004273504274,0.3063995726495726,1.336359238789226
c04,translation_compensated,4,8,5_percent,2,748800,582558,0,193914,88,1,0,0.7779887820512821,0.22201121794871792,1.498950196066323
c04,translation_compensated,4,8,10_percent,0,748800,370071,0,0,0,0,0,0.49421875,0.5057812500000001,1.0
c04,translation_compensated,4,8,10_percent,1,748800,507356,0,137285,24,0,0,0.6775587606837606,0.32244123931623936,1.370969354529266
c04,translation_compensated,4,8,10_percent,2,748800,572279,0,202208,79,1,0,0.7642614850427351,0.23573851495726494,1.546403257753242
c04,translation_compensated,4,16,any,0,187200,125706,0,0,25,0,0,0.6715064102564102,0.3284935897435898,1.0
c04,translation_compensated,4,16,any,1,187200,157745,0,32039,117,29,0,0.8426549145299145,0.15734508547008552,1.2548724802316515
c04,translation_compensated,4,16,any,2,187200,170561,0,44855,118,93,1,0.9111164529914529,0.08888354700854706,1.3568246543522187
c04,translation_compensated,4,16,1_percent,0,187200,120707,0,0,13,0,0,0.6448023504273505,0.35519764957264954,1.0
c04,translation_compensated,4,16,1_percent,1,187200,153301,0,32594,115,13,0,0.8189155982905983,0.18108440170940165,1.2700257648686488
c04,translation_compensated,4,16,1_percent,2,187200,167233,0,46526,118,63,0,0.8933386752136752,0.10666132478632484,1.385445748796673
c04,translation_compensated,4,16,5_percent,0,187200,112653,0,0,6,0,0,0.6017788461538461,0.39822115384615386,1.0
c04,translation_compensated,4,16,5_percent,1,187200,147799,0,35146,97,5,0,0.7895245726495727,0.21047542735042735,1.3119845898466973
c04,translation_compensated,4,16,5_percent,2,187200,163385,0,50732,118,45,0,0.8727831196581196,0.1272168803418804,1.450338650546368
c04,translation_compensated,4,16,10_percent,0,187200,106070,0,0,1,0,0,0.5666132478632478,0.43338675213675215,1.0
c04,translation_compensated,4,16,10_percent,1,187200,144158,0,38088,83,1,0,0.7700747863247863,0.22992521367521368,1.3590836240218724
c04,translation_compensated,4,16,10_percent,2,187200,161461,0,55391,117,36,0,0.8625053418803419,0.1374946581196581,1.522211746959555
c04,translation_compensated,4,32,any,0,46800,36507,0,0,86,4,0,0.7800641025641025,0.21993589743589748,1.0
c04,translation_compensated,4,32,any,1,46800,43549,0,7042,118,110,2,0.9305341880341881,0.06946581196581192,1.1928945133809954
c04,translation_compensated,4,32,any,2,46800,45327,0,8820,118,118,30,0.968525641025641,0.03147435897435902,1.2415975018489604
c04,translation_compensated,4,32,1_percent,0,46800,34165,0,0,50,1,0,0.7300213675213675,0.2699786324786325,1.0
c04,translation_compensated,4,32,1_percent,1,46800,42124,0,7959,118,75,1,0.9000854700854701,0.09991452991452987,1.232957705253915
c04,translation_compensated,4,32,1_percent,2,46800,44447,0,10282,118,118,22,0.9497222222222222,0.050277777777777755,1.3009512659154105
c04,translation_compensated,4,32,5_percent,0,46800,31973,0,0,24,0,0,0.6831837606837606,0.31681623931623937,1.0
c04,translation_compensated,4,32,5_percent,1,46800,41416,0,9443,118,62,0,0.884957264957265,0.11504273504273499,1.2953429456103587
c04,translation_compensated,4,32,5_percent,2,46800,44105,0,12132,118,113,13,0.9424145299145299,0.0575854700854701,1.379445156851093
c04,translation_compensated,4,32,10_percent,0,46800,29843,0,0,16,0,0,0.6376709401709402,0.36232905982905983,1.0
c04,translation_compensated,4,32,10_percent,1,46800,40695,0,10852,116,47,0,0.8695512820512821,0.13044871794871793,1.3636363636363635
c04,translation_compensated,4,32,10_percent,2,46800,43833,0,13990,118,111,10,0.9366025641025642,0.06339743589743585,1.4687866501357103
c04,translation_compensated,4,64,any,0,12480,10701,1560,0,117,33,1,0.8574519230769231,0.14254807692307692,1.0
c04,translation_compensated,4,64,any,1,12480,12049,1560,1348,118,118,44,0.9654647435897435,0.034535256410256454,1.1259695355574246
c04,translation_compensated,4,64,any,2,12480,12272,1560,1571,118,118,118,0.9833333333333333,0.01666666666666672,1.146808709466405
c04,translation_compensated,4,64,1_percent,0,12480,10008,1560,0,107,11,0,0.801923076923077,0.19807692307692304,1.0
c04,translation_compensated,4,64,1_percent,1,12480,11715,1560,1707,118,114,24,0.9387019230769231,0.06129807692307687,1.1705635491606714
c04,translation_compensated,4,64,1_percent,2,12480,12272,1560,2264,118,118,118,0.9833333333333333,0.01666666666666672,1.2262190247801759
c04,translation_compensated,4,64,5_percent,0,12480,9357,1560,0,72,7,0,0.7497596153846153,0.25024038461538467,1.0
c04,translation_compensated,4,64,5_percent,1,12480,11609,1560,2252,118,105,19,0.9302083333333333,0.0697916666666667,1.240675430159239
c04,translation_compensated,4,64,5_percent,2,12480,12253,1560,2896,118,118,113,0.9818108974358974,0.018189102564102555,1.3095009084108153
c04,translation_compensated,4,64,10_percent,0,12480,8601,1560,0,30,1,0,0.6891826923076924,0.31081730769230764,1.0
c04,translation_compensated,4,64,10_percent,1,12480,11418,1560,2817,118,89,12,0.9149038461538461,0.08509615384615388,1.3275200558074642
c04,translation_compensated,4,64,10_percent,2,12480,12216,1560,3615,118,117,100,0.9788461538461538,0.02115384615384619,1.4202999651203347
c04,translation_compensated,8,8,any,0,748800,350151,0,0,0,0,0,0.4676161858974359,0.5323838141025641,1.0
c04,translation_compensated,8,8,any,1,748800,487113,0,136962,11,0,0,0.6505248397435898,0.34947516025641023,1.3911512461766495
c04,translation_compensated,8,8,any,2,748800,556992,0,206841,59,0,0,0.7438461538461538,0.2561538461538462,1.5907194324734186
c04,translation_compensated,8,8,1_percent,0,748800,350151,0,0,0,0,0,0.4676161858974359,0.5323838141025641,1.0
c04,translation_compensated,8,8,1_percent,1,748800,487113,0,136962,11,0,0,0.6505248397435898,0.34947516025641023,1.3911512461766495
c04,translation_compensated,8,8,1_percent,2,748800,556992,0,206841,59,0,0,0.7438461538461538,0.2561538461538462,1.5907194324734186
c04,translation_compensated,8,8,5_percent,0,748800,324213,0,0,0,0,0,0.43297676282051284,0.5670232371794872,1.0
c04,translation_compensated,8,8,5_percent,1,748800,470211,0,145998,8,0,0,0.6279527243589743,0.3720472756410257,1.450315070648
c04,translation_compensated,8,8,5_percent,2,748800,543058,0,218845,51,0,0,0.7252377136752137,0.2747622863247863,1.6750037783802623
c04,translation_compensated,8,8,10_percent,0,748800,305942,0,0,0,0,0,0.40857638888888886,0.5914236111111111,1.0
c04,translation_compensated,8,8,10_percent,1,748800,459716,0,153774,4,0,0,0.6139369658119658,0.3860630341880342,1.5026246804949959
c04,translation_compensated,8,8,10_percent,2,748800,534710,0,228768,45,0,0,0.7140892094017094,0.2859107905982906,1.7477495734485622
c04,translation_compensated,8,16,any,0,187200,109060,0,0,1,0,0,0.5825854700854701,0.4174145299145299,1.0
c04,translation_compensated,8,16,any,1,187200,145842,0,36782,95,1,0,0.7790705128205129,0.22092948717948713,1.3372638914359067
c04,translation_compensated,8,16,any,2,187200,162843,0,53783,118,40,0,0.8698878205128205,0.13011217948717946,1.4931505593251422
c04,translation_compensated,8,16,1_percent,0,187200,105909,0,0,0,0,0,0.5657532051282051,0.43424679487179485,1.0
c04,translation_compensated,8,16,1_percent,1,187200,143681,0,37772,81,1,0,0.7675267094017094,0.23247329059829058,1.3566457996959653
c04,translation_compensated,8,16,1_percent,2,187200,161039,0,55130,118,38,0,0.8602510683760684,0.13974893162393165,1.5205412193486862
c04,translation_compensated,8,16,5_percent,0,187200,98538,0,0,0,0,0,0.5263782051282051,0.4736217948717949,1.0
c04,translation_compensated,8,16,5_percent,1,187200,139315,0,40777,62,0,0,0.7442040598290598,0.2557959401709402,1.4138200491181068
c04,translation_compensated,8,16,5_percent,2,187200,158317,0,59779,114,29,0,0.8457104700854701,0.15428952991452993,1.6066593598408736
c04,translation_compensated,8,16,10_percent,0,187200,90700,0,0,0,0,0,0.484508547008547,0.5154914529914529,1.0
c04,translation_compensated,8,16,10_percent,1,187200,134459,0,43759,47,0,0,0.7182638888888889,0.2817361111111111,1.4824586549062844
c04,translation_compensated,8,16,10_percent,2,187200,155400,0,64700,111,22,0,0.8301282051282052,0.16987179487179482,1.713340683572216
c04,translation_compensated,8,32,any,0,46800,32932,0,0,38,0,0,0.7036752136752137,0.2963247863247863,1.0
c04,translation_compensated,8,32,any,1,46800,41970,0,9038,118,71,0,0.8967948717948718,0.10320512820512817,1.2744443094862141
c04,translation_compensated,8,32,any,2,46800,44504,0,11572,118,118,22,0.9509401709401709,0.049059829059829085,1.3513907445645572
c04,translation_compensated,8,32,1_percent,0,46800,31372,0,0,20,0,0,0.6703418803418804,0.32965811965811964,1.0
c04,translation_compensated,8,32,1_percent,1,46800,41188,0,9816,118,53,0,0.8800854700854701,0.11991452991452989,1.3128904755833226
c04,translation_compensated,8,32,1_percent,2,46800,43993,0,12621,118,113,17,0.9400213675213676,0.05997863247863244,1.4023014152747673
c04,translation_compensated,8,32,5_percent,0,46800,28808,0,0,7,0,0,0.6155555555555555,0.3844444444444445,1.0
c04,translation_compensated,8,32,5_percent,1,46800,40155,0,11347,114,37,0,0.8580128205128205,0.14198717948717954,1.3938836434323798
c04,translation_compensated,8,32,5_percent,2,46800,43494,0,14686,118,99,10,0.9293589743589744,0.07064102564102559,1.5097889475145794
c04,translation_compensated,8,32,10_percent,0,46800,25851,0,0,3,0,0,0.5523717948717949,0.4476282051282051,1.0
c04,translation_compensated,8,32,10_percent,1,46800,38754,0,12903,109,25,0,0.828076923076923,0.17192307692307696,1.4991296274805617
c04,translation_compensated,8,32,10_percent,2,46800,42877,0,17026,117,90,8,0.9161752136752137,0.0838247863247863,1.658620556264748
c04,translation_compensated,8,64,any,0,12480,10044,1560,0,108,12,0,0.8048076923076923,0.19519230769230766,1.0
c04,translation_compensated,8,64,any,1,12480,11804,1560,1760,118,118,25,0.9458333333333333,0.054166666666666696,1.1752289924332935
c04,translation_compensated,8,64,any,2,12480,12272,1560,2228,118,118,118,0.9833333333333333,0.01666666666666672,1.2218239745121466
c04,translation_compensated,8,64,1_percent,0,12480,9517,1560,0,82,7,0,0.7625801282051282,0.23741987179487178,1.0
c04,translation_compensated,8,64,1_percent,1,12480,11628,1560,2111,118,106,22,0.9317307692307693,0.06826923076923075,1.221813596721656
c04,translation_compensated,8,64,1_percent,2,12480,12251,1560,2734,118,118,111,0.981650641025641,0.018349358974358965,1.2872754019123673
c04,translation_compensated,8,64,5_percent,0,12480,8579,1560,0,32,1,0,0.6874198717948717,0.31258012820512826,1.0
c04,translation_compensated,8,64,5_percent,1,12480,11366,1560,2787,117,84,15,0.9107371794871795,0.08926282051282053,1.3248630376500758
c04,translation_compensated,8,64,5_percent,2,12480,12174,1560,3595,118,116,92,0.9754807692307692,0.024519230769230793,1.4190465089171231
c04,translation_compensated,8,64,10_percent,0,12480,7532,1560,0,13,0,0,0.603525641025641,0.396474358974359,1.0
c04,translation_compensated,8,64,10_percent,1,12480,10997,1560,3465,113,62,8,0.8811698717948718,0.11883012820512817,1.4600371747211895
c04,translation_compensated,8,64,10_percent,2,12480,12037,1560,4505,118,114,65,0.9645032051282051,0.03549679487179491,1.598114710568242
c04,translation_compensated,16,8,any,0,748800,290447,0,0,0,0,0,0.3878832799145299,0.61211672008547,1.0
c04,translation_compensated,16,8,any,1,748800,438611,0,148164,0,0,0,0.5857518696581197,0.41424813034188035,1.5101240501709434
c04,translation_compensated,16,8,any,2,748800,515964,0,225517,32,0,0,0.6890544871794871,0.31094551282051286,1.7764480266623515
c04,translation_compensated,16,8,1_percent,0,748800,290447,0,0,0,0,0,0.3878832799145299,0.61211672008547,1.0
c04,translation_compensated,16,8,1_percent,1,748800,438611,0,148164,0,0,0,0.5857518696581197,0.41424813034188035,1.5101240501709434
c04,translation_compensated,16,8,1_percent,2,748800,515964,0,225517,32,0,0,0.6890544871794871,0.31094551282051286,1.7764480266623515
c04,translation_compensated,16,8,5_percent,0,748800,264282,0,0,0,0,0,0.35294070512820513,0.6470592948717948,1.0
c04,translation_compensated,16,8,5_percent,1,748800,422648,0,158366,0,0,0,0.5644337606837607,0.4355662393162393,1.599231124329315
c04,translation_compensated,16,8,5_percent,2,748800,502704,0,238422,29,0,0,0.6713461538461538,0.3286538461538462,1.9021499761618272
c04,translation_compensated,16,8,10_percent,0,748800,244017,0,0,0,0,0,0.3258774038461538,0.6741225961538462,1.0
c04,translation_compensated,16,8,10_percent,1,748800,409943,0,165926,0,0,0,0.5474666132478633,0.4525333867521367,1.6799772147022543
c04,translation_compensated,16,8,10_percent,2,748800,492668,0,248651,22,0,0,0.657943376068376,0.34205662393162395,2.0189904801714635
c04,translation_compensated,16,16,any,0,187200,95818,0,0,0,0,0,0.5118482905982906,0.4881517094017094,1.0
c04,translation_compensated,16,16,any,1,187200,136390,0,40572,51,0,0,0.7285790598290598,0.2714209401709402,1.4234277484397504
c04,translation_compensated,16,16,any,2,187200,155789,0,59971,111,25,0,0.8322061965811965,0.16779380341880346,1.625884489344382
c04,translation_compensated,16,16,1_percent,0,187200,92842,0,0,0,0,0,0.4959508547008547,0.5040491452991454,1.0
c04,translation_compensated,16,16,1_percent,1,187200,134541,0,41699,47,0,0,0.718701923076923,0.28129807692307696,1.4491393981172314
c04,translation_compensated,16,16,1_percent,2,187200,154636,0,61794,108,24,0,0.8260470085470085,0.17395299145299148,1.6655823872816182
c04,translation_compensated,16,16,5_percent,0,187200,84303,0,0,0,0,0,0.4503365384615385,0.5496634615384615,1.0
c04,translation_compensated,16,16,5_percent,1,187200,129214,0,44911,36,0,0,0.6902457264957265,0.30975427350427354,1.5327331174454053
c04,translation_compensated,16,16,5_percent,2,187200,151187,0,66884,102,20,0,0.8076228632478633,0.19237713675213675,1.7933762736794658
c04,translation_compensated,16,16,10_percent,0,187200,74040,0,0,0,0,0,0.3955128205128205,0.6044871794871796,1.0
c04,translation_compensated,16,16,10_percent,1,187200,121736,0,47696,22,0,0,0.6502991452991453,0.34970085470085466,1.6441923284710966
c04,translation_compensated,16,16,10_percent,2,187200,146033,0,71993,86,12,0,0.780090811965812,0.21990918803418802,1.9723527822798488
c04,translation_compensated,16,32,any,0,46800,30177,0,0,12,0,0,0.6448076923076923,0.3551923076923077,1.0
c04,translation_compensated,16,32,any,1,46800,40460,0,10283,116,43,0,0.8645299145299146,0.13547008547008543,1.3407562050568314
c04,translation_compensated,16,32,any,2,46800,43529,0,13352,118,100,18,0.9301068376068377,0.06989316239316234,1.4424561752327931
c04,translation_compensated,16,32,1_percent,0,46800,28537,0,0,5,0,0,0.6097649572649573,0.3902350427350427,1.0
c04,translation_compensated,16,32,1_percent,1,46800,39720,0,11183,113,37,0,0.8487179487179487,0.1512820512820513,1.3918772120405087
c04,translation_compensated,16,32,1_percent,2,46800,43034,0,14497,118,90,10,0.9195299145299145,0.0804700854700855,1.50800714861408
c04,translation_compensated,16,32,5_percent,0,46800,25099,0,0,2,0,0,0.5363034188034188,0.4636965811965812,1.0
c04,translation_compensated,16,32,5_percent,1,46800,38097,0,12998,99,24,0,0.8140384615384615,0.1859615384615385,1.5178692378182397
c04,translation_compensated,16,32,5_percent,2,46800,42261,0,17162,117,74,7,0.9030128205128205,0.0969871794871795,1.6837722618431012
c04,translation_compensated,16,32,10_percent,0,46800,21101,0,0,0,0,0,0.45087606837606836,0.5491239316239316,1.0
c04,translation_compensated,16,32,10_percent,1,46800,35570,0,14469,76,13,0,0.760042735042735,0.239957264957265,1.6857020994265675
c04,translation_compensated,16,32,10_percent,2,46800,41012,0,19911,112,57,6,0.8763247863247863,0.12367521367521372,1.9436045685038623
c04,translation_compensated,16,64,any,0,12480,9477,1560,0,71,5,0,0.759375,0.24062499999999998,1.0
c04,translation_compensated,16,64,any,1,12480,11575,1560,2098,118,102,23,0.9274839743589743,0.07251602564102566,1.221378073229925
c04,translation_compensated,16,64,any,2,12480,12224,1560,2747,118,118,100,0.9794871794871794,0.02051282051282055,1.2898596602300305
c04,translation_compensated,16,64,1_percent,0,12480,8902,1560,0,44,1,0,0.7133012820512821,0.28669871794871793,1.0
c04,translation_compensated,16,64,1_percent,1,12480,11365,1560,2463,117,82,20,0.9106570512820513,0.08934294871794868,1.276679397888115
c04,translation_compensated,16,64,1_percent,2,12480,12135,1560,3233,118,117,84,0.9723557692307693,0.027644230769230727,1.3631768141990563
c04,translation_compensated,16,64,5_percent,0,12480,7520,1560,0,15,0,0,0.6025641025641025,0.39743589743589747,1.0
c04,translation_compensated,16,64,5_percent,1,12480,10862,1560,3342,113,57,8,0.8703525641025641,0.12964743589743588,1.4444148936170214
c04,translation_compensated,16,64,5_percent,2,12480,11911,1560,4391,118,111,53,0.9544070512820513,0.04559294871794872,1.5839095744680851
c04,translation_compensated,16,64,10_percent,0,12480,6104,1560,0,3,0,0,0.4891025641025641,0.5108974358974359,1.0
c04,translation_compensated,16,64,10_percent,1,12480,10172,1560,4068,99,26,7,0.8150641025641026,0.18493589743589745,1.666448230668414
c04,translation_compensated,16,64,10_percent,2,12480,11625,1560,5521,118,101,30,0.9314903846153846,0.06850961538461542,1.9044888597640892
c05,raw,0,8,any,0,954720,858324,0,0,142,133,3,0.8990321769733535,0.10096782302664653,1.0
c05,raw,0,8,any,1,954720,887384,0,29060,143,142,62,0.9294704206468912,0.07052957935310877,1.0338566788299057
c05,raw,0,8,any,2,954720,890826,0,32502,143,142,115,0.9330756661639015,0.06692433383609853,1.0378668195226977
c05,raw,0,8,1_percent,0,954720,858324,0,0,142,133,3,0.8990321769733535,0.10096782302664653,1.0
c05,raw,0,8,1_percent,1,954720,887384,0,29060,143,142,62,0.9294704206468912,0.07052957935310877,1.0338566788299057
c05,raw,0,8,1_percent,2,954720,890826,0,32502,143,142,115,0.9330756661639015,0.06692433383609853,1.0378668195226977
c05,raw,0,8,5_percent,0,954720,838131,0,0,142,121,2,0.8778814731020613,0.12211852689793867,1.0
c05,raw,0,8,5_percent,1,954720,885557,0,47426,142,142,42,0.9275567705714765,0.07244322942852355,1.0565854263832264
c05,raw,0,8,5_percent,2,954720,890362,0,52231,143,142,102,0.9325896597955422,0.0674103402044578,1.06231842039013
c05,raw,0,8,10_percent,0,954720,816364,0,0,139,99,0,0.8550821183174124,0.14491788168258757,1.0
c05,raw,0,8,10_percent,1,954720,882931,0,66567,142,142,24,0.9248062259091671,0.07519377409083294,1.0815408322757984
c05,raw,0,8,10_percent,2,954720,889717,0,73353,143,142,85,0.9319140690464219,0.06808593095357807,1.0898533007334963
c05,raw,0,16,any,0,238680,220341,0,0,142,141,33,0.9231649069884365,0.07683509301156355,1.0
c05,raw,0,16,any,1,238680,222867,0,2526,143,143,129,0.9337481146304676,0.06625188536953242,1.0114640489060138
c05,raw,0,16,any,2,238680,223030,0,2689,143,143,141,0.9344310373722139,0.06556896262778611,1.0122038113651113
c05,raw,0,16,1_percent,0,238680,219726,0,0,142,141,27,0.9205882352941176,0.0794117647058824,1.0
c05,raw,0,16,1_percent,1,238680,222826,0,3100,143,142,128,0.933576336517513,0.06642366348248696,1.0141084805621547
c05,raw,0,16,1_percent,2,238680,223017,0,3291,143,143,141,0.934376571141277,0.06562342885872297,1.014977745009694
c05,raw,0,16,5_percent,0,238680,216605,0,0,142,136,12,0.9075121501592089,0.09248784984079106,1.0
c05,raw,0,16,5_percent,1,238680,222591,0,5986,143,142,116,0.9325917546505782,0.0674082453494218,1.0276355578126082
c05,raw,0,16,5_percent,2,238680,222979,0,6374,143,143,140,0.9342173621585387,0.06578263784146132,1.029426836868955
c05,raw,0,16,10_percent,0,238680,211795,0,0,142,123,4,0.8873596447125859,0.11264035528741412,1.0
c05,raw,0,16,10_percent,1,238680,221854,0,10059,142,142,82,0.9295039383274677,0.0704960616725323,1.0474940390471918
c05,raw,0,16,10_percent,2,238680,222836,0,11041,143,142,130,0.9336182336182336,0.0663817663817664,1.0521305979838995
c05,raw,0,32,any,0,59670,55623,0,0,143,142,119,0.932176973353444,0.06782302664655604,1.0
c05,raw,0,32,any,1,59670,55764,0,141,143,143,142,0.9345399698340875,0.06546003016591251,1.0025349226039588
c05,raw,0,32,any,2,59670,55770,0,147,143,143,143,0.934640522875817,0.065359477124183,1.0026427916509357
c05,raw,0,32,1_percent,0,59670,55507,0,0,142,142,103,0.9302329478800067,0.06976705211999334,1.0
c05,raw,0,32,1_percent,1,59670,55761,0,254,143,143,142,0.9344896933132227,0.06551030668677726,1.0045759994234962
c05,raw,0,32,1_percent,2,59670,55770,0,263,143,143,143,0.934640522875817,0.065359477124183,1.0047381411353522
c05,raw,0,32,5_percent,0,59670,54945,0,0,142,140,61,0.920814479638009,0.079185520361991,1.0
c05,raw,0,32,5_percent,1,59670,55713,0,768,143,142,140,0.9336852689793866,0.06631473102061336,1.013977613977614
c05,raw,0,32,5_percent,2,59670,55757,0,812,143,143,142,0.9344226579520697,0.06557734204793031,1.0147784147784147
c05,raw,0,32,10_percent,0,59670,54035,0,0,142,134,33,0.9055639349756996,0.09443606502430035,1.0
c05,raw,0,32,10_percent,1,59670,55659,0,1624,143,142,128,0.932780291603821,0.06721970839617897,1.0300545942444712
c05,raw,0,32,10_percent,2,59670,55754,0,1719,143,143,142,0.9343723814312049,0.06562761856879507,1.0318127139816786
c05,raw,0,64,any,0,15912,14868,1989,0,143,143,142,0.9343891402714932,0.06561085972850678,1.0
c05,raw,0,64,any,1,15912,14872,1989,4,143,143,143,0.934640522875817,0.065359477124183,1.0002690341673393
c05,raw,0,64,any,2,15912,14872,1989,4,143,143,143,0.934640522875817,0.065359477124183,1.0002690341673393
c05,raw,0,64,1_percent,0,15912,14851,1989,0,143,142,135,0.9333207642031172,0.06667923579688284,1.0
c05,raw,0,64,1_percent,1,15912,14872,1989,21,143,143,143,0.934640522875817,0.065359477124183,1.0014140461921757
c05,raw,0,64,1_percent,2,15912,14872,1989,21,143,143,143,0.934640522875817,0.065359477124183,1.0014140461921757
c05,raw,0,64,5_percent,0,15912,14763,1989,0,142,142,110,0.927790346907994,0.072209653092006,1.0
c05,raw,0,64,5_percent,1,15912,14866,1989,103,143,143,142,0.9342634489693313,0.06573655103066867,1.0069769017137438
c05,raw,0,64,5_percent,2,15912,14872,1989,109,143,143,143,0.934640522875817,0.065359477124183,1.0073833231727969
c05,raw,0,64,10_percent,0,15912,14598,1989,0,142,141,79,0.917420814479638,0.08257918552036203,1.0
c05,raw,0,64,10_percent,1,15912,14860,1989,262,143,143,140,0.9338863750628457,0.06611362493715434,1.0179476640635703
c05,raw,0,64,10_percent,2,15912,14872,1989,274,143,143,143,0.934640522875817,0.065359477124183,1.0187696944786957
c05,raw,1,8,any,0,954720,717085,0,0,115,13,0,0.7510945617563265,0.2489054382436735,1.0
c05,raw,1,8,any,1,954720,859837,0,142752,142,141,3,0.9006169348081112,0.09938306519188878,1.199072634345998
c05,raw,1,8,any,2,954720,882883,0,165798,143,142,15,0.9247559493883023,0.0752440506116977,1.231211083762734
c05,raw,1,8,1_percent,0,954720,717085,0,0,115,13,0,0.7510945617563265,0.2489054382436735,1.0
c05,raw,1,8,1_percent,1,954720,859837,0,142752,142,141,3,0.9006169348081112,0.09938306519188878,1.199072634345998
c05,raw,1,8,1_percent,2,954720,882883,0,165798,143,142,15,0.9247559493883023,0.0752440506116977,1.231211083762734
c05,raw,1,8,5_percent,0,954720,629498,0,0,41,5,0,0.6593535277358806,0.34064647226411937,1.0
c05,raw,1,8,5_percent,1,954720,825689,0,196191,142,114,2,0.8648493799229093,0.13515062007709067,1.3116626264102507
c05,raw,1,8,5_percent,2,954720,869031,0,239533,142,142,4,0.9102469834087481,0.0897530165912519,1.3805143145808247
c05,raw,1,8,10_percent,0,954720,577369,0,0,20,4,0,0.6047521786492375,0.39524782135076253,1.0
c05,raw,1,8,10_percent,1,954720,801850,0,224481,142,71,0,0.8398797553209318,0.16012024467906816,1.3887998836099618
c05,raw,1,8,10_percent,2,954720,859941,0,282572,142,139,3,0.9007258672699849,0.09927413273001506,1.4894131829038275
c05,raw,1,16,any,0,238680,206145,0,0,142,108,1,0.8636877828054299,0.1363122171945701,1.0
c05,raw,1,16,any,1,238680,221715,0,15570,143,142,50,0.928921568627451,0.07107843137254899,1.075529360401659
c05,raw,1,16,any,2,238680,222908,0,16763,143,143,123,0.9339198927434221,0.06608010725657787,1.081316549031022
c05,raw,1,16,1_percent,0,238680,198315,0,0,142,68,1,0.8308823529411765,0.16911764705882348,1.0
c05,raw,1,16,1_percent,1,238680,220323,0,22008,143,142,18,0.9230894922071393,0.07691050779286068,1.1109749640723092
c05,raw,1,16,1_percent,2,238680,222732,0,24417,143,143,110,0.9331825037707391,0.06681749622926092,1.1231223054231905
c05,raw,1,16,5_percent,0,238680,179526,0,0,112,15,0,0.7521618903971845,0.2478381096028155,1.0
c05,raw,1,16,5_percent,1,238680,216877,0,37351,142,142,5,0.9086517512988102,0.09134824870118985,1.2080534295868008
c05,raw,1,16,5_percent,2,238680,221916,0,42390,143,142,73,0.9297637003519357,0.07023629964806433,1.2361217873734167
c05,raw,1,16,10_percent,0,238680,160847,0,0,58,8,0,0.6739022959611195,0.3260977040388805,1.0
c05,raw,1,16,10_percent,1,238680,209849,0,49002,142,123,3,0.8792064689123512,0.12079353108764879,1.3046497603312464
c05,raw,1,16,10_percent,2,238680,219494,0,58647,143,141,38,0.919616222557399,0.08038377744260095,1.3646135768774053
c05,raw,1,32,any,0,59670,54771,0,0,143,142,19,0.9178984414278532,0.08210155857214685,1.0
c05,raw,1,32,any,1,59670,55757,0,986,143,143,141,0.9344226579520697,0.06557734204793031,1.0180022274561356
c05,raw,1,32,any,2,59670,55770,0,999,143,143,143,0.934640522875817,0.065359477124183,1.0182395793394314
c05,raw,1,32,1_percent,0,59670,53133,0,0,142,135,5,0.8904474610356963,0.10955253896430373,1.0
c05,raw,1,32,1_percent,1,59670,55694,0,2561,143,143,123,0.9333668510139098,0.06663314898609018,1.0481998005006306
c05,raw,1,32,1_percent,2,59670,55765,0,2632,143,143,142,0.9345567286743758,0.06544327132562422,1.0495360698624208
c05,raw,1,32,5_percent,0,59670,49090,0,0,137,65,3,0.8226914697502933,0.17730853024970672,1.0
c05,raw,1,32,5_percent,1,59670,55172,0,6082,143,142,72,0.9246187363834423,0.07538126361655773,1.1238948869423508
c05,raw,1,32,5_percent,2,59670,55690,0,6600,143,143,127,0.9332998156527569,0.06670018434724312,1.1344469342024852
c05,raw,1,32,10_percent,0,59670,43661,0,0,93,15,2,0.7317077258253729,0.2682922741746271,1.0
c05,raw,1,32,10_percent,1,59670,53553,0,9892,143,132,30,0.8974861739567622,0.10251382604323778,1.2265637525480406
c05,raw,1,32,10_percent,2,59670,55259,0,11598,143,143,92,0.9260767554885202,0.0739232445114798,1.2656375254804058
c05,raw,1,64,any,0,15912,14836,1989,0,143,143,122,0.932378079436903,0.06762192056309702,1.0
c05,raw,1,64,any,1,15912,14872,1989,36,143,143,143,0.934640522875817,0.065359477124183,1.0024265300620114
c05,raw,1,64,any,2,15912,14872,1989,36,143,143,143,0.934640522875817,0.065359477124183,1.0024265300620114
c05,raw,1,64,1_percent,0,15912,14592,1989,0,142,142,66,0.9170437405731523,0.0829562594268477,1.0
c05,raw,1,64,1_percent,1,15912,14870,1989,278,143,143,141,0.9345148315736551,0.06548516842634489,1.0190515350877194
c05,raw,1,64,1_percent,2,15912,14872,1989,280,143,143,143,0.934640522875817,0.065359477124183,1.0191885964912282
c05,raw,1,64,5_percent,0,15912,13616,1989,0,139,96,16,0.8557063851181498,0.14429361488185022,1.0
c05,raw,1,64,5_percent,1,15912,14796,1989,1180,143,143,119,0.9298642533936652,0.07013574660633481,1.086662749706228
c05,raw,1,64,5_percent,2,15912,14872,1989,1256,143,143,143,0.934640522875817,0.065359477124183,1.0922444183313749
c05,raw,1,64,10_percent,0,15912,12221,1989,0,109,35,5,0.7680367018602313,0.23196329813976868,1.0
c05,raw,1,64,10_percent,1,15912,14485,1989,2264,143,135,79,0.9103192559074912,0.08968074409250881,1.185254889125276
c05,raw,1,64,10_percent,2,15912,14842,1989,2621,143,143,131,0.9327551533433887,0.06724484665661135,1.2144669012355782
c05,raw,2,8,any,0,954720,548341,0,0,14,0,0,0.5743474526562762,0.4256525473437238,1.0
c05,raw,2,8,any,1,954720,779202,0,230861,140,51,0,0.816157616892911,0.183842383107089,1.4210172137410844
c05,raw,2,8,any,2,954720,844879,0,296538,142,128,0,0.8849495139936316,0.11505048600636836,1.540791222979861
c05,raw,2,8,1_percent,0,954720,548341,0,0,14,0,0,0.5743474526562762,0.4256525473437238,1.0
c05,raw,2,8,1_percent,1,954720,779202,0,230861,140,51,0,0.816157616892911,0.183842383107089,1.4210172137410844
c05,raw,2,8,1_percent,2,954720,844879,0,296538,142,128,0,0.8849495139936316,0.11505048600636836,1.540791222979861
c05,raw,2,8,5_percent,0,954720,459922,0,0,6,0,0,0.4817349589408413,0.5182650410591587,1.0
c05,raw,2,8,5_percent,1,954720,679279,0,219357,78,11,0,0.7114955170102228,0.28850448298977716,1.4769439165771587
c05,raw,2,8,5_percent,2,954720,769893,0,309971,134,46,0,0.8064071141277024,0.19359288587229762,1.6739642808998048
c05,raw,2,8,10_percent,0,954720,420710,0,0,5,0,0,0.4406632311044076,0.5593367688955924,1.0
c05,raw,2,8,10_percent,1,954720,632175,0,211465,48,5,0,0.6621574912016088,0.3378425087983912,1.5026383969955552
c05,raw,2,8,10_percent,2,954720,726785,0,306075,112,22,0,0.7612546086810793,0.2387453913189207,1.7275201445176012
c05,raw,2,16,any,0,238680,175520,0,0,99,10,0,0.7353779118485001,0.2646220881514999,1.0
c05,raw,2,16,any,1,238680,214968,0,39448,143,138,0,0.9006535947712418,0.09934640522875815,1.2247493163172287
c05,raw,2,16,any,2,238680,221129,0,45609,143,143,49,0.9264663985252221,0.07353360147477794,1.2598507292616226
c05,raw,2,16,1_percent,0,238680,159394,0,0,50,5,0,0.6678146472264119,0.33218535277358807,1.0
c05,raw,2,16,1_percent,1,238680,206099,0,46705,142,106,0,0.863495056142115,0.13650494385788503,1.2930160482828714
c05,raw,2,16,1_percent,2,238680,217313,0,57919,143,139,17,0.9104784648902295,0.08952153510977046,1.3633700139277514
c05,raw,2,16,5_percent,0,238680,134761,0,0,16,1,0,0.5646095190212838,0.43539048097871624,1.0
c05,raw,2,16,5_percent,1,238680,185220,0,50459,123,33,0,0.7760180995475113,0.22398190045248867,1.374433255912319
c05,raw,2,16,5_percent,2,238680,204578,0,69817,143,94,6,0.8571225071225071,0.14287749287749285,1.5180801567219002
c05,raw,2,16,10_percent,0,238680,121073,0,0,12,0,0,0.5072607675548853,0.49273923244511475,1.0
c05,raw,2,16,10_percent,1,238680,173167,0,52094,82,18,0,0.7255195240489358,0.2744804759510642,1.4302693416368637
c05,raw,2,16,10_percent,2,238680,195136,0,74063,136,48,2,0.8175632646220882,0.18243673537791183,1.6117218537576503
c05,raw,2,32,any,0,59670,51467,0,0,142,105,0,0.8625272331154684,0.13747276688453158,1.0
c05,raw,2,32,any,1,59670,55539,0,4072,143,143,98,0.9307692307692308,0.0692307692307692,1.079118658557911
c05,raw,2,32,any,2,59670,55753,0,4286,143,143,137,0.9343556225909168,0.06564437740908324,1.0832766627159152
c05,raw,2,32,1_percent,0,59670,44757,0,0,107,17,0,0.7500754147812971,0.24992458521870287,1.0
c05,raw,2,32,1_percent,1,59670,53789,0,9032,143,132,28,0.9014412602647897,0.09855873973521034,1.201800835623478
c05,raw,2,32,1_percent,2,59670,55256,0,10499,143,143,105,0.9260264789676554,0.07397352103234456,1.2345778314006748
c05,raw,2,32,5_percent,0,59670,38375,0,0,38,5,0,0.6431204960616725,0.35687950393832746,1.0
c05,raw,2,32,5_percent,1,59670,50289,0,11914,141,75,13,0.8427853192559075,0.1572146807440925,1.3104625407166124
c05,raw,2,32,5_percent,2,59670,53754,0,15379,143,133,46,0.9008547008547009,0.09914529914529913,1.400755700325733
c05,raw,2,32,10_percent,0,59670,34571,0,0,21,2,0,0.5793698676051617,0.42063013239483826,1.0
c05,raw,2,32,10_percent,1,59670,48294,0,13723,134,45,8,0.8093514328808447,0.19064856711915534,1.3969512018744035
c05,raw,2,32,10_percent,2,59670,52842,0,18271,143,117,37,0.885570638511815,0.11442936148818506,1.5285065517341123
c05,raw,2,64,any,0,15912,14528,1989,0,143,139,49,0.9130216189039718,0.08697838109602818,1.0
c05,raw,2,64,any,1,15912,14868,1989,340,143,143,141,0.9343891402714932,0.06561085972850678,1.0234030837004404
c05,raw,2,64,any,2,15912,14872,1989,344,143,143,143,0.934640522875817,0.065359477124183,1.0236784140969164
c05,raw,2,64,1_percent,0,15912,12836,1989,0,130,52,5,0.8066867772750126,0.1933132227249874,1.0
c05,raw,2,64,1_percent,1,15912,14569,1989,1733,143,137,93,0.9155982905982906,0.08440170940170943,1.135010906824556
c05,raw,2,64,1_percent,2,15912,14835,1989,1999,143,143,130,0.932315233785822,0.06768476621417796,1.1557338734808351
c05,raw,2,64,5_percent,0,15912,11189,1989,0,69,23,0,0.7031799899446959,0.2968200100553041,1.0
c05,raw,2,64,5_percent,1,15912,14052,1989,2863,143,114,50,0.8831070889894419,0.1168929110105581,1.255876307087318
c05,raw,2,64,5_percent,2,15912,14756,1989,3567,143,143,110,0.9273504273504274,0.07264957264957261,1.318795245330235
c05,raw,2,64,10_percent,0,15912,9896,1989,0,40,4,0,0.6219205630970337,0.3780794369029663,1.0
c05,raw,2,64,10_percent,1,15912,13727,1989,3831,142,92,44,0.8626822523881348,0.13731774761186522,1.3871261115602262
c05,raw,2,64,10_percent,2,15912,14679,1989,4783,143,143,84,0.9225113122171946,0.07748868778280538,1.4833265966046887
c05,raw,4,8,any,0,954720,390072,0,0,0,0,0,0.4085721468074409,0.5914278531925591,1.0
c05,raw,4,8,any,1,954720,597448,0,207376,29,0,0,0.6257834757834758,0.3742165242165242,1.5316351852991243
c05,raw,4,8,any,2,954720,700971,0,310899,102,6,0,0.7342163147310206,0.26578368526897944,1.7970297791177015
c05,raw,4,8,1_percent,0,954720,390072,0,0,0,0,0,0.4085721468074409,0.5914278531925591,1.0
c05,raw,4,8,1_percent,1,954720,597448,0,207376,29,0,0,0.6257834757834758,0.3742165242165242,1.5316351852991243
c05,raw,4,8,1_percent,2,954720,700971,0,310899,102,6,0,0.7342163147310206,0.26578368526897944,1.7970297791177015
c05,raw,4,8,5_percent,0,954720,349089,0,0,0,0,0,0.3656454248366013,0.6343545751633988,1.0
c05,raw,4,8,5_percent,1,954720,545308,0,196219,9,0,0,0.5711706049941344,0.4288293950058656,1.5620887510061905
c05,raw,4,8,5_percent,2,954720,644147,0,295058,45,1,0,0.6746972934472935,0.32530270655270654,1.8452228514791358
c05,raw,4,8,10_percent,0,954720,326070,0,0,0,0,0,0.3415346907993967,0.6584653092006033,1.0
c05,raw,4,8,10_percent,1,954720,523510,0,197440,8,0,0,0.548338779956427,0.451661220043573,1.6055141534026436
c05,raw,4,8,10_percent,2,954720,619222,0,293152,31,0,0,0.6485901625607507,0.35140983743924925,1.8990462170699542
c05,raw,4,16,any,0,238680,128870,0,0,5,0,0,0.5399279369867606,0.46007206301323944,1.0
c05,raw,4,16,any,1,238680,184135,0,55265,128,15,0,0.7714722641193229,0.2285277358806771,1.4288430200977729
c05,raw,4,16,any,2,238680,205393,0,76523,143,102,1,0.8605371208312385,0.13946287916876154,1.5937999534414526
c05,raw,4,16,1_percent,0,238680,120902,0,0,4,0,0,0.5065443271325625,0.4934556728674375,1.0
c05,raw,4,16,1_percent,1,238680,174448,0,53546,99,8,0,0.7308865426512485,0.2691134573487515,1.4428876279962284
c05,raw,4,16,1_percent,2,238680,197581,0,76679,140,61,0,0.8278071057482822,0.1721928942517178,1.6342244131610726
c05,raw,4,16,5_percent,0,238680,108763,0,0,0,0,0,0.4556854365677895,0.5443145634322105,1.0
c05,raw,4,16,5_percent,1,238680,160469,0,51706,44,2,0,0.6723185855538797,0.3276814144461203,1.475400641762364
c05,raw,4,16,5_percent,2,238680,184832,0,76069,126,25,0,0.7743924920395509,0.22560750796044915,1.6994014508610464
c05,raw,4,16,10_percent,0,238680,98577,0,0,0,0,0,0.41300904977375563,0.5869909502262444,1.0
c05,raw,4,16,10_percent,1,238680,153839,0,55262,31,1,0,0.6445408077761019,0.3554591922238981,1.5605972995729227
c05,raw,4,16,10_percent,2,238680,179629,0,81052,111,21,0,0.752593430534607,0.24740656946539297,1.8222201933513902
c05,raw,4,32,any,0,59670,41221,0,0,53,0,0,0.6908161555220379,0.3091838444779621,1.0
c05,raw,4,32,any,1,59670,52810,0,11589,143,127,10,0.8850343556225909,0.11496564437740908,1.281143106668931
c05,raw,4,32,any,2,59670,55028,0,13807,143,142,73,0.922205463381934,0.07779453661806601,1.3349506319594382
c05,raw,4,32,1_percent,0,59670,36410,0,0,22,0,0,0.6101893748952573,0.38981062510474274,1.0
c05,raw,4,32,1_percent,1,59670,49092,0,12682,139,55,6,0.8227249874308697,0.17727501256913025,1.3483109035979126
c05,raw,4,32,1_percent,2,59670,53005,0,16595,143,122,22,0.8883023294788001,0.11169767052119994,1.455781378742104
c05,raw,4,32,5_percent,0,59670,32745,0,0,9,0,0,0.5487682252388135,0.4512317747611865,1.0
c05,raw,4,32,5_percent,1,59670,46747,0,14002,129,28,4,0.7834255069549187,0.21657449304508125,1.4276072682852343
c05,raw,4,32,5_percent,2,59670,51953,0,19208,143,112,18,0.8706720294955589,0.12932797050444111,1.586593373034051
c05,raw,4,32,10_percent,0,59670,28880,0,0,5,0,0,0.4839953075247193,0.5160046924752807,1.0
c05,raw,4,32,10_percent,1,59670,44700,0,15820,105,20,2,0.7491201608848668,0.25087983911513323,1.5477839335180055
c05,raw,4,32,10_percent,2,59670,51000,0,22120,142,98,14,0.8547008547008547,0.14529914529914534,1.765927977839335
c05,raw,4,64,any,0,15912,12750,1989,0,133,39,0,0.8012820512820513,0.19871794871794868,1.0
c05,raw,4,64,any,1,15912,14702,1989,1952,143,143,101,0.9239567621920564,0.07604323780794364,1.1530980392156862
c05,raw,4,64,any,2,15912,14845,1989,2095,143,143,129,0.9329436902966315,0.06705630970336851,1.164313725490196
c05,raw,4,64,1_percent,0,15912,11029,1989,0,58,14,0,0.6931246857717446,0.3068753142282554,1.0
c05,raw,4,64,1_percent,1,15912,13915,1989,2886,143,113,38,0.8744972347913524,0.12550276520864756,1.2616737691540485
c05,raw,4,64,1_percent,2,15912,14719,1989,3690,143,143,97,0.9250251382604324,0.07497486173956758,1.3345724907063197
c05,raw,4,64,5_percent,0,15912,9794,1989,0,31,6,0,0.6155103066867773,0.3844896933132227,1.0
c05,raw,4,64,5_percent,1,15912,13623,1989,3829,143,84,37,0.8561463046757164,0.1438536953242836,1.3909536450888298
c05,raw,4,64,5_percent,2,15912,14669,1989,4875,143,143,82,0.9218828557063852,0.07811714429361483,1.4977537267714927
c05,raw,4,64,10_percent,0,15912,8317,1989,0,8,1,0,0.5226872800402212,0.47731271995977875,1.0
c05,raw,4,64,10_percent,1,15912,13118,1989,4801,135,56,30,0.8244092508798391,0.17559074912016093,1.5772514127690274
c05,raw,4,64,10_percent,2,15912,14431,1989,6114,143,137,55,0.9069255907491202,0.09307440925087984,1.735120836840207
c05,raw,8,8,any,0,954720,315627,0,0,0,0,0,0.33059640522875816,0.6694035947712418,1.0
c05,raw,8,8,any,1,954720,509711,0,194084,1,0,0,0.5338853276353276,0.4661146723646724,1.614915707464824
c05,raw,8,8,any,2,954720,611156,0,295529,26,0,0,0.6401416122004358,0.35985838779956425,1.93632357181103
c05,raw,8,8,1_percent,0,954720,315627,0,0,0,0,0,0.33059640522875816,0.6694035947712418,1.0
c05,raw,8,8,1_percent,1,954720,509711,0,194084,1,0,0,0.5338853276353276,0.4661146723646724,1.614915707464824
c05,raw,8,8,1_percent,2,954720,611156,0,295529,26,0,0,0.6401416122004358,0.35985838779956425,1.93632357181103
c05,raw,8,8,5_percent,0,954720,284648,0,0,0,0,0,0.29814814814814816,0.7018518518518518,1.0
c05,raw,8,8,5_percent,1,954720,481932,0,197284,0,0,0,0.504788838612368,0.495211161387632,1.6930805767122903
c05,raw,8,8,5_percent,2,954720,580464,0,295816,19,0,0,0.6079939668174962,0.3920060331825038,2.0392344228661363
c05,raw,8,8,10_percent,0,954720,263990,0,0,0,0,0,0.2765103904809787,0.7234896095190213,1.0
c05,raw,8,8,10_percent,1,954720,466482,0,202492,0,0,0,0.4886060834590246,0.5113939165409753,1.7670442062199325
c05,raw,8,8,10_percent,2,954720,567377,0,303387,18,0,0,0.594286282889224,0.405713717110776,2.1492367135118755
c05,raw,8,16,any,0,238680,108027,0,0,0,0,0,0.45260180995475113,0.5473981900452489,1.0
c05,raw,8,16,any,1,238680,162135,0,54108,46,0,0,0.6792986425339367,0.3207013574660633,1.5008747813046739
c05,raw,8,16,any,2,238680,187764,0,79737,131,25,0,0.7866767219708396,0.2133232780291604,1.7381210252992307
c05,raw,8,16,1_percent,0,238680,103439,0,0,0,0,0,0.433379420144126,0.566620579855874,1.0
c05,raw,8,16,1_percent,1,238680,156324,0,52885,28,0,0,0.6549522373051785,0.3450477626948215,1.511267510320092
c05,raw,8,16,1_percent,2,238680,182448,0,79009,120,22,0,0.7644042232277526,0.2355957767722474,1.763822156053326
c05,raw,8,16,5_percent,0,238680,93400,0,0,0,0,0,0.3913189207306854,0.6086810792693146,1.0
c05,raw,8,16,5_percent,1,238680,149071,0,55671,23,0,0,0.6245642701525055,0.3754357298474945,1.5960492505353319
c05,raw,8,16,5_percent,2,238680,176048,0,82648,100,17,0,0.7375900787665494,0.26240992123345064,1.8848822269807282
c05,raw,8,16,10_percent,0,238680,81413,0,0,0,0,0,0.34109686609686607,0.6589031339031339,1.0
c05,raw,8,16,10_percent,1,238680,140313,0,58900,18,0,0,0.5878707893413776,0.4121292106586224,1.7234716814267992
c05,raw,8,16,10_percent,2,238680,169661,0,88248,80,15,0,0.7108304005362829,0.2891695994637171,2.0839546509771165
c05,raw,8,32,any,0,59670,35531,0,0,15,0,0,0.5954583542818837,0.40454164571811635,1.0
c05,raw,8,32,any,1,59670,49016,0,13485,138,57,0,0.8214513155689627,0.17854868443103733,1.379527736342912
c05,raw,8,32,any,2,59670,53020,0,17489,143,120,16,0.8885537120831238,0.11144628791687616,1.4922180630998283
c05,raw,8,32,1_percent,0,59670,32872,0,0,8,0,0,0.5508965979554215,0.44910340204457855,1.0
c05,raw,8,32,1_percent,1,59670,46686,0,13814,133,28,0,0.7824032176973353,0.21759678230266466,1.4202360671696277
c05,raw,8,32,1_percent,2,59670,51827,0,18955,143,114,16,0.8685604156192391,0.13143958438076087,1.5766305670479435
c05,raw,8,32,5_percent,0,59670,28714,0,0,1,0,0,0.48121334003686944,0.5187866599631306,1.0
c05,raw,8,32,5_percent,1,59670,44508,0,15794,106,20,0,0.7459024635495224,0.2540975364504776,1.5500452740823292
c05,raw,8,32,5_percent,2,59670,50901,0,22187,142,94,15,0.8530417295123177,0.14695827048768229,1.7726892804903531
c05,raw,8,32,10_percent,0,59670,23734,0,0,0,0,0,0.39775431540137424,0.6022456845986257,1.0
c05,raw,8,32,10_percent,1,59670,41341,0,17607,68,10,0,0.6928272163566281,0.30717278364337186,1.7418471391253054
c05,raw,8,32,10_percent,2,59670,49173,0,25439,134,66,10,0.8240824534942182,0.17591754650578184,2.0718378697227604
c05,raw,8,64,any,0,15912,11408,1989,0,79,14,0,0.7169431875314228,0.28305681246857717,1.0
c05,raw,8,64,any,1,15912,14192,1989,2784,143,119,50,0.8919054801407743,0.10809451985922569,1.244039270687237
c05,raw,8,64,any,2,15912,14713,1989,3305,143,143,93,0.9246480643539468,0.07535193564605325,1.2897089761570828
c05,raw,8,64,1_percent,0,15912,10358,1989,0,37,9,0,0.6509552538964304,0.3490447461035696,1.0
c05,raw,8,64,1_percent,1,15912,13730,1989,3372,143,90,36,0.8628707893413776,0.13712921065862238,1.3255454720988609
c05,raw,8,64,1_percent,2,15912,14659,1989,4301,143,143,86,0.9212543991955756,0.07874560080442439,1.4152346012743773
c05,raw,8,64,5_percent,0,15912,8697,1989,0,13,1,0,0.5465686274509803,0.45343137254901966,1.0
c05,raw,8,64,5_percent,1,15912,13243,1989,4546,136,61,31,0.8322649572649573,0.1677350427350427,1.5227089801080833
c05,raw,8,64,5_percent,2,15912,14505,1989,5808,143,140,64,0.9115761689291101,0.08842383107088991,1.6678164884442912
c05,raw,8,64,10_percent,0,15912,6833,1989,0,1,0,0,0.4294243338360985,0.5705756661639014,1.0
c05,raw,8,64,10_percent,1,15912,12376,1989,5543,114,37,21,0.7777777777777778,0.2222222222222222,1.811210302941607
c05,raw,8,64,10_percent,2,15912,14148,1989,7315,141,128,42,0.8891402714932126,0.11085972850678738,2.0705400263427483
c05,raw,16,8,any,0,954720,255021,0,0,0,0,0,0.2671160130718954,0.7328839869281045,1.0
c05,raw,16,8,any,1,954720,445761,0,190740,0,0,0,0.4669023378582202,0.5330976621417798,1.7479384050725235
c05,raw,16,8,any,2,954720,548863,0,293842,15,0,0,0.5748942098206804,0.4251057901793196,2.152226679371503
c05,raw,16,8,1_percent,0,954720,255021,0,0,0,0,0,0.2671160130718954,0.7328839869281045,1.0
c05,raw,16,8,1_percent,1,954720,445761,0,190740,0,0,0,0.4669023378582202,0.5330976621417798,1.7479384050725235
c05,raw,16,8,1_percent,2,954720,548863,0,293842,15,0,0,0.5748942098206804,0.4251057901793196,2.152226679371503
c05,raw,16,8,5_percent,0,954720,227023,0,0,0,0,0,0.23779013742249036,0.7622098625775097,1.0
c05,raw,16,8,5_percent,1,954720,422479,0,195456,0,0,0,0.44251613038377746,0.5574838696162225,1.860952414513067
c05,raw,16,8,5_percent,2,954720,529026,0,302003,10,0,0,0.5541163901458019,0.44588360985419806,2.3302749060667862
c05,raw,16,8,10_percent,0,954720,207498,0,0,0,0,0,0.21733911513323279,0.7826608848667672,1.0
c05,raw,16,8,10_percent,1,954720,405640,0,198142,0,0,0,0.4248784984079102,0.5751215015920899,1.9549104087750244
c05,raw,16,8,10_percent,2,954720,514955,0,307457,7,0,0,0.5393780375398023,0.4606219624601977,2.481734763708566
c05,raw,16,16,any,0,238680,92074,0,0,0,0,0,0.3857633651751299,0.6142366348248701,1.0
c05,raw,16,16,any,1,238680,146893,0,54819,22,0,0,0.6154390816155522,0.38456091838444784,1.5953798032017725
c05,raw,16,16,any,2,238680,174747,0,82673,95,18,0,0.7321392659627953,0.2678607340372047,1.8978973434411452
c05,raw,16,16,1_percent,0,238680,88001,0,0,0,0,0,0.3686986760516172,0.6313013239483828,1.0
c05,raw,16,16,1_percent,1,238680,143884,0,55883,20,0,0,0.6028322440087146,0.3971677559912854,1.6350268746946057
c05,raw,16,16,1_percent,2,238680,172456,0,84455,84,15,0,0.722540640187699,0.27745935981230097,1.9597050033522347
c05,raw,16,16,5_percent,0,238680,77508,0,0,0,0,0,0.32473604826546004,0.67526395173454,1.0
c05,raw,16,16,5_percent,1,238680,136392,0,58884,16,0,0,0.5714429361488185,0.42855706385118153,1.7597151261805233
c05,raw,16,16,5_percent,2,238680,167056,0,89548,66,12,0,0.6999162057985587,0.30008379420144127,2.1553388037363885
c05,raw,16,16,10_percent,0,238680,64216,0,0,0,0,0,0.2690464219875985,0.7309535780124015,1.0
c05,raw,16,16,10_percent,1,238680,124205,0,59989,6,0,0,0.5203829395005866,0.47961706049941344,1.9341752834184627
c05,raw,16,16,10_percent,2,238680,157208,0,92992,48,7,0,0.6586559410088821,0.34134405899111786,2.448112619907811
c05,raw,16,32,any,0,59670,31572,0,0,3,0,0,0.5291101055806938,0.4708898944193062,1.0
c05,raw,16,32,any,1,59670,46113,0,14541,126,27,0,0.772800402212167,0.22719959778783305,1.46056632459141
c05,raw,16,32,any,2,59670,51647,0,20075,143,109,16,0.8655438243673538,0.13445617563264622,1.6358482199417206
c05,raw,16,32,1_percent,0,59670,29352,0,0,0,0,0,0.49190548014077423,0.5080945198592257,1.0
c05,raw,16,32,1_percent,1,59670,45007,0,15655,113,23,0,0.7542651248533602,0.24573487514663983,1.533353774870537
c05,raw,16,32,1_percent,2,59670,51162,0,21810,143,99,15,0.8574157868275515,0.14258421317244852,1.7430498773507768
c05,raw,16,32,5_percent,0,59670,24237,0,0,0,0,0,0.406184012066365,0.593815987933635,1.0
c05,raw,16,32,5_percent,1,59670,41627,0,17390,70,16,0,0.6976202446790682,0.30237975532093175,1.7174980401864917
c05,raw,16,32,5_percent,2,59670,49229,0,24992,133,66,12,0.8250209485503603,0.17497905144963966,2.0311507199735943
c05,raw,16,32,10_percent,0,59670,18653,0,0,0,0,0,0.31260264789676556,0.6873973521032344,1.0
c05,raw,16,32,10_percent,1,59670,36892,0,18239,48,2,0,0.6182671359141947,0.3817328640858053,1.9778051787916153
c05,raw,16,32,10_percent,2,59670,46322,0,27669,114,42,2,0.7763029998324116,0.22369700016758842,2.4833538840937113
c05,raw,16,64,any,0,15912,10439,1989,0,38,6,0,0.6560457516339869,0.34395424836601307,1.0
c05,raw,16,64,any,1,15912,13759,1989,3320,143,90,36,0.864693313222725,0.13530668677727498,1.3180381262573044
c05,raw,16,64,any,2,15912,14667,1989,4228,143,143,86,0.9217571644042232,0.07824283559577683,1.4050196378963502
c05,raw,16,64,1_percent,0,15912,9564,1989,0,26,1,0,0.6010558069381599,0.39894419306184015,1.0
c05,raw,16,64,1_percent,1,15912,13519,1989,3955,142,74,35,0.8496103569632981,0.15038964303670188,1.413529903805939
c05,raw,16,64,1_percent,2,15912,14605,1989,5041,143,142,77,0.9178607340372046,0.08213926596279542,1.5270807193642828
c05,raw,16,64,5_percent,0,15912,7351,1989,0,2,0,0,0.4619783810960282,0.5380216189039718,1.0
c05,raw,16,64,5_percent,1,15912,12647,1989,5296,122,43,25,0.7948089492207139,0.20519105077928612,1.7204461977962182
c05,raw,16,64,5_percent,2,15912,14291,1989,6940,143,131,50,0.8981271995977879,0.10187280040221214,1.9440892395592437
c05,raw,16,64,10_percent,0,15912,5232,1989,0,0,0,0,0.3288084464555053,0.6711915535444948,1.0
c05,raw,16,64,10_percent,1,15912,11169,1989,5937,76,29,6,0.7019230769230769,0.29807692307692313,2.134747706422018
c05,raw,16,64,10_percent,2,15912,13484,1989,8252,135,89,29,0.847410759175465,0.15258924082453496,2.577217125382263
c05,translation_compensated,0,8,any,0,954720,858955,0,0,142,133,3,0.8996931037372213,0.10030689626277867,1.0
c05,translation_compensated,0,8,any,1,954720,887455,0,28500,143,142,65,0.9295447880006703,0.07045521199932969,1.033179852262342
c05,translation_compensated,0,8,any,2,954720,890834,0,31879,143,142,117,0.9330840455840456,0.06691595441595444,1.037113702114779
c05,translation_compensated,0,8,1_percent,0,954720,858955,0,0,142,133,3,0.8996931037372213,0.10030689626277867,1.0
c05,translation_compensated,0,8,1_percent,1,954720,887455,0,28500,143,142,65,0.9295447880006703,0.07045521199932969,1.033179852262342
c05,translation_compensated,0,8,1_percent,2,954720,890834,0,31879,143,142,117,0.9330840455840456,0.06691595441595444,1.037113702114779
c05,translation_compensated,0,8,5_percent,0,954720,839021,0,0,142,121,2,0.8788136835930953,0.12118631640690469,1.0
c05,translation_compensated,0,8,5_percent,1,954720,885660,0,46639,142,142,45,0.9276646556058321,0.07233534439416789,1.0555874048444556
c05,translation_compensated,0,8,5_percent,2,954720,890374,0,51353,143,142,104,0.9326022289257584,0.06739777107424161,1.0612058577794834
c05,translation_compensated,0,8,10_percent,0,954720,817364,0,0,139,99,0,0.8561295458354282,0.14387045416457178,1.0
c05,translation_compensated,0,8,10_percent,1,954720,883060,0,65696,142,142,31,0.9249413440589911,0.07505865594100891,1.080375450839528
c05,translation_compensated,0,8,10_percent,2,954720,889733,0,72369,143,142,87,0.9319308278867102,0.06806917211328978,1.0885395001492604
c05,translation_compensated,0,16,any,0,238680,220392,0,0,142,141,37,0.9233785822021117,0.07662141779788834,1.0
c05,translation_compensated,0,16,any,1,238680,222867,0,2475,143,143,129,0.9337481146304676,0.06625188536953242,1.0112299901992812
c05,translation_compensated,0,16,any,2,238680,223030,0,2638,143,143,141,0.9344310373722139,0.06556896262778611,1.0119695814730116
c05,translation_compensated,0,16,1_percent,0,238680,219792,0,0,142,141,31,0.9208647561588738,0.07913524384112625,1.0
c05,translation_compensated,0,16,1_percent,1,238680,222826,0,3034,143,142,128,0.933576336517513,0.06642366348248696,1.0138039601077382
c05,translation_compensated,0,16,1_percent,2,238680,223017,0,3225,143,143,141,0.934376571141277,0.06562342885872297,1.014672963529155
c05,translation_compensated,0,16,5_percent,0,238680,216721,0,0,142,136,15,0.9079981565275683,0.09200184347243168,1.0
c05,translation_compensated,0,16,5_percent,1,238680,222593,0,5872,143,142,117,0.9326001340707223,0.06739986592927771,1.0270947439334444
c05,translation_compensated,0,16,5_percent,2,238680,222979,0,6258,143,143,140,0.9342173621585387,0.06578263784146132,1.0288758357519576
c05,translation_compensated,0,16,10_percent,0,238680,211985,0,0,142,123,4,0.8881556896262779,0.11184431037372211,1.0
c05,translation_compensated,0,16,10_percent,1,238680,221861,0,9876,142,142,84,0.9295332662979722,0.07046673370202783,1.0465882019954242
c05,translation_compensated,0,16,10_percent,2,238680,222836,0,10851,143,142,130,0.9336182336182336,0.0663817663817664,1.0511875840271718
c05,translation_compensated,0,32,any,0,59670,55625,0,0,143,142,120,0.9322104910340204,0.06778950896597957,1.0
c05,translation_compensated,0,32,any,1,59670,55764,0,139,143,143,142,0.9345399698340875,0.06546003016591251,1.0024988764044944
c05,translation_compensated,0,32,any,2,59670,55770,0,145,143,143,143,0.934640522875817,0.065359477124183,1.0026067415730338
c05,translation_compensated,0,32,1_percent,0,59670,55510,0,0,142,142,105,0.9302832244008714,0.06971677559912859,1.0
c05,translation_compensated,0,32,1_percent,1,59670,55761,0,251,143,143,142,0.9344896933132227,0.06551030668677726,1.0045217078003963
c05,translation_compensated,0,32,1_percent,2,59670,55770,0,260,143,143,143,0.934640522875817,0.065359477124183,1.0046838407494145
c05,translation_compensated,0,32,5_percent,0,59670,54954,0,0,142,140,64,0.9209653092006033,0.07903469079939673,1.0
c05,translation_compensated,0,32,5_percent,1,59670,55713,0,759,143,142,140,0.9336852689793866,0.06631473102061336,1.0138115514794193
c05,translation_compensated,0,32,5_percent,2,59670,55757,0,803,143,143,142,0.9344226579520697,0.06557734204793031,1.0146122211304
c05,translation_compensated,0,32,10_percent,0,59670,54057,0,0,142,134,37,0.9059326294620412,0.09406737053795877,1.0
c05,translation_compensated,0,32,10_percent,1,59670,55659,0,1602,143,142,128,0.932780291603821,0.06721970839617897,1.0296353848715245
c05,translation_compensated,0,32,10_percent,2,59670,55754,0,1697,143,143,142,0.9343723814312049,0.06562761856879507,1.0313927890929944
c05,translation_compensated,0,64,any,0,15912,14868,1989,0,143,143,142,0.9343891402714932,0.06561085972850678,1.0
c05,translation_compensated,0,64,any,1,15912,14872,1989,4,143,143,143,0.934640522875817,0.065359477124183,1.0002690341673393
c05,translation_compensated,0,64,any,2,15912,14872,1989,4,143,143,143,0.934640522875817,0.065359477124183,1.0002690341673393
c05,translation_compensated,0,64,1_percent,0,15912,14851,1989,0,143,142,135,0.9333207642031172,0.06667923579688284,1.0
c05,translation_compensated,0,64,1_percent,1,15912,14872,1989,21,143,143,143,0.934640522875817,0.065359477124183,1.0014140461921757
c05,translation_compensated,0,64,1_percent,2,15912,14872,1989,21,143,143,143,0.934640522875817,0.065359477124183,1.0014140461921757
c05,translation_compensated,0,64,5_percent,0,15912,14765,1989,0,142,142,111,0.9279160382101559,0.07208396178984411,1.0
c05,translation_compensated,0,64,5_percent,1,15912,14866,1989,101,143,143,142,0.9342634489693313,0.06573655103066867,1.0068405011852353
c05,translation_compensated,0,64,5_percent,2,15912,14872,1989,107,143,143,143,0.934640522875817,0.065359477124183,1.007246867592279
c05,translation_compensated,0,64,10_percent,0,15912,14601,1989,0,142,141,80,0.9176093514328808,0.0823906485671192,1.0
c05,translation_compensated,0,64,10_percent,1,15912,14860,1989,259,143,143,140,0.9338863750628457,0.06611362493715434,1.0177385110608863
c05,translation_compensated,0,64,10_percent,2,15912,14872,1989,271,143,143,143,0.934640522875817,0.065359477124183,1.0185603725772208
c05,translation_compensated,1,8,any,0,954720,717151,0,0,115,12,0,0.7511636919725155,0.24883630802748447,1.0
c05,translation_compensated,1,8,any,1,954720,860100,0,142949,142,141,3,0.9008924082453494,0.09910759175465056,1.1993290116028563
c05,translation_compensated,1,8,any,2,954720,882969,0,165818,143,142,16,0.9248460281548517,0.07515397184514827,1.2312176933449162
c05,translation_compensated,1,8,1_percent,0,954720,717151,0,0,115,12,0,0.7511636919725155,0.24883630802748447,1.0
c05,translation_compensated,1,8,1_percent,1,954720,860100,0,142949,142,141,3,0.9008924082453494,0.09910759175465056,1.1993290116028563
c05,translation_compensated,1,8,1_percent,2,954720,882969,0,165818,143,142,16,0.9248460281548517,0.07515397184514827,1.2312176933449162
c05,translation_compensated,1,8,5_percent,0,954720,628946,0,0,43,4,0,0.6587753477459359,0.34122465225406406,1.0
c05,translation_compensated,1,8,5_percent,1,954720,825922,0,196976,142,114,1,0.865093430534607,0.13490656946539303,1.3131842797314872
c05,translation_compensated,1,8,5_percent,2,954720,869148,0,240202,142,142,3,0.9103695324283559,0.08963046757164406,1.38191196064527
c05,translation_compensated,1,8,10_percent,0,954720,576304,0,0,19,3,0,0.6036366683425507,0.3963633316574493,1.0
c05,translation_compensated,1,8,10_percent,1,954720,802101,0,225797,142,72,0,0.8401426596279538,0.15985734037204624,1.3918018962214387
c05,translation_compensated,1,8,10_percent,2,954720,860032,0,283728,142,139,3,0.9008211831741243,0.0991788168258757,1.492323495932702
c05,translation_compensated,1,16,any,0,238680,206218,0,0,142,108,2,0.8639936316406904,0.13600636835930957,1.0
c05,translation_compensated,1,16,any,1,238680,221732,0,15514,143,142,52,0.928992793698676,0.07100720630132396,1.075231066153294
c05,translation_compensated,1,16,any,2,238680,222908,0,16690,143,143,123,0.9339198927434221,0.06608010725657787,1.0809337691181178
c05,translation_compensated,1,16,1_percent,0,238680,198365,0,0,142,69,0,0.8310918384447796,0.16890816155522037,1.0
c05,translation_compensated,1,16,1_percent,1,238680,220338,0,21973,143,142,18,0.9231523378582203,0.07684766214177974,1.1107705492400373
c05,translation_compensated,1,16,1_percent,2,238680,222732,0,24367,143,143,110,0.9331825037707391,0.06681749622926092,1.1228392105462153
c05,translation_compensated,1,16,5_percent,0,238680,179561,0,0,112,14,0,0.7523085302497067,0.24769146975029332,1.0
c05,translation_compensated,1,16,5_percent,1,238680,216906,0,37345,142,142,5,0.9087732528908999,0.09122674710910006,1.2079794610188181
c05,translation_compensated,1,16,5_percent,2,238680,221920,0,42359,143,142,74,0.9297804591922239,0.07021954080777615,1.23590311927423
c05,translation_compensated,1,16,10_percent,0,238680,160731,0,0,59,7,0,0.6734162895927602,0.32658371040723977,1.0
c05,translation_compensated,1,16,10_percent,1,238680,209905,0,49174,142,123,3,0.8794410926763868,0.12055890732361318,1.305939737822822
c05,translation_compensated,1,16,10_percent,2,238680,219543,0,58812,143,141,40,0.9198215183509301,0.08017848164906993,1.3659032793922765
c05,translation_compensated,1,32,any,0,59670,54774,0,0,143,142,18,0.9179487179487179,0.08205128205128209,1.0
c05,translation_compensated,1,32,any,1,59670,55757,0,983,143,143,141,0.9344226579520697,0.06557734204793031,1.017946470953372
c05,translation_compensated,1,32,any,2,59670,55770,0,996,143,143,143,0.934640522875817,0.065359477124183,1.018183809836784
c05,translation_compensated,1,32,1_percent,0,59670,53139,0,0,142,135,4,0.8905480140774258,0.10945198592257421,1.0
c05,translation_compensated,1,32,1_percent,1,59670,55694,0,2555,143,143,123,0.9333668510139098,0.06663314898609018,1.0480814467716744
c05,translation_compensated,1,32,1_percent,2,59670,55765,0,2626,143,143,142,0.9345567286743758,0.06544327132562422,1.0494175652533921
c05,translation_compensated,1,32,5_percent,0,59670,49087,0,0,137,66,3,0.8226411932294285,0.17735880677057148,1.0
c05,translation_compensated,1,32,5_percent,1,59670,55176,0,6089,143,142,72,0.9246857717445953,0.07531422825540468,1.124045062847597
c05,translation_compensated,1,32,5_percent,2,59670,55690,0,6603,143,143,127,0.9332998156527569,0.06670018434724312,1.1345162670360789
c05,translation_compensated,1,32,10_percent,0,59670,43657,0,0,94,14,3,0.7316406904642199,0.26835930953578013,1.0
c05,translation_compensated,1,32,10_percent,1,59670,53544,0,9887,143,132,28,0.897335344394168,0.10266465560583204,1.226469981904391
c05,translation_compensated,1,32,10_percent,2,59670,55259,0,11602,143,143,92,0.9260767554885202,0.0739232445114798,1.2657534874132441
c05,translation_compensated,1,64,any,0,15912,14837,1989,0,143,143,123,0.9324409250879839,0.06755907491201607,1.0
c05,translation_compensated,1,64,any,1,15912,14872,1989,35,143,143,143,0.934640522875817,0.065359477124183,1.0023589674462492
c05,translation_compensated,1,64,any,2,15912,14872,1989,35,143,143,143,0.934640522875817,0.065359477124183,1.0023589674462492
c05,translation_compensated,1,64,1_percent,0,15912,14593,1989,0,142,142,67,0.9171065862242332,0.08289341377576676,1.0
c05,translation_compensated,1,64,1_percent,1,15912,14870,1989,277,143,143,141,0.9345148315736551,0.06548516842634489,1.0189817035564996
c05,translation_compensated,1,64,1_percent,2,15912,14872,1989,279,143,143,143,0.934640522875817,0.065359477124183,1.019118755567738
c05,translation_compensated,1,64,5_percent,0,15912,13625,1989,0,139,97,14,0.8562719959778783,0.1437280040221217,1.0
c05,translation_compensated,1,64,5_percent,1,15912,14798,1989,1173,143,143,120,0.9299899446958271,0.07001005530417292,1.086091743119266
c05,translation_compensated,1,64,5_percent,2,15912,14872,1989,1247,143,143,143,0.934640522875817,0.065359477124183,1.0915229357798164
c05,translation_compensated,1,64,10_percent,0,15912,12232,1989,0,110,35,6,0.7687280040221217,0.2312719959778783,1.0
c05,translation_compensated,1,64,10_percent,1,15912,14491,1989,2259,143,135,79,0.9106963298139769,0.08930367018602314,1.1846795291039895
c05,translation_compensated,1,64,10_percent,2,15912,14845,1989,2613,143,143,132,0.9329436902966315,0.06705630970336851,1.2136200130804446
c05,translation_compensated,2,8,any,0,954720,546878,0,0,12,1,0,0.5728150661974192,0.4271849338025808,1.0
c05,translation_compensated,2,8,any,1,954720,779118,0,232240,140,50,0,0.8160696329813977,0.18393036701860233,1.4246650989800285
c05,translation_compensated,2,8,any,2,954720,844815,0,297937,142,128,0,0.8848824786324786,0.1151175213675214,1.544796097118553
c05,translation_compensated,2,8,1_percent,0,954720,546878,0,0,12,1,0,0.5728150661974192,0.4271849338025808,1.0
c05,translation_compensated,2,8,1_percent,1,954720,779118,0,232240,140,50,0,0.8160696329813977,0.18393036701860233,1.4246650989800285
c05,translation_compensated,2,8,1_percent,2,954720,844815,0,297937,142,128,0,0.8848824786324786,0.1151175213675214,1.544796097118553
c05,translation_compensated,2,8,5_percent,0,954720,457452,0,0,5,0,0,0.4791478129713424,0.5208521870286575,1.0
c05,translation_compensated,2,8,5_percent,1,954720,678842,0,221390,79,9,0,0.71103779118485,0.28896220881515,1.4839633447880871
c05,translation_compensated,2,8,5_percent,2,954720,769832,0,312380,134,45,0,0.8063432210491034,0.1936567789508966,1.6828694595279943
c05,translation_compensated,2,8,10_percent,0,954720,417880,0,0,4,0,0,0.437699011228423,0.5623009887715771,1.0
c05,translation_compensated,2,8,10_percent,1,954720,631310,0,213430,48,5,0,0.6612514663985252,0.33874853360147483,1.510744711400402
c05,translation_compensated,2,8,10_percent,2,954720,726563,0,308683,112,22,0,0.7610220797720798,0.2389779202279202,1.7386881401359242
c05,translation_compensated,2,16,any,0,238680,175412,0,0,99,8,0,0.7349254231607173,0.2650745768392827,1.0
c05,translation_compensated,2,16,any,1,238680,214937,0,39525,143,138,0,0.9005237137590079,0.09947628624099214,1.2253266595215835
c05,translation_compensated,2,16,any,2,238680,221114,0,45702,143,143,48,0.9264035528741411,0.07359644712585889,1.260540898000137
c05,translation_compensated,2,16,1_percent,0,238680,159210,0,0,49,4,0,0.6670437405731523,0.3329562594268477,1.0
c05,translation_compensated,2,16,1_percent,1,238680,206068,0,46858,142,107,0,0.863365175129881,0.13663482487011902,1.2943156836882106
c05,translation_compensated,2,16,1_percent,2,238680,217319,0,58109,143,139,16,0.9105036031506619,0.08949639684933808,1.364983355316877
c05,translation_compensated,2,16,5_percent,0,238680,134363,0,0,14,2,0,0.5629420144126026,0.4370579855873974,1.0
c05,translation_compensated,2,16,5_percent,1,238680,185186,0,50823,123,31,0,0.7758756494050612,0.22412435059493885,1.3782514531530257
c05,translation_compensated,2,16,5_percent,2,238680,204611,0,70248,143,94,7,0.8572607675548852,0.14273923244511477,1.522822503218892
c05,translation_compensated,2,16,10_percent,0,238680,120407,0,0,10,0,0,0.5044704206468912,0.4955295793531088,1.0
c05,translation_compensated,2,16,10_percent,1,238680,172998,0,52591,83,16,0,0.7248114630467571,0.27518853695324286,1.4367769315737458
c05,translation_compensated,2,16,10_percent,2,238680,195176,0,74769,136,49,3,0.8177308530249707,0.18226914697502927,1.620968880546812
c05,translation_compensated,2,32,any,0,59670,51464,0,0,142,106,0,0.8624769565946037,0.13752304340539634,1.0
c05,translation_compensated,2,32,any,1,59670,55538,0,4074,143,143,98,0.9307524719289425,0.0692475280710575,1.0791621327529923
c05,translation_compensated,2,32,any,2,59670,55753,0,4289,143,143,137,0.9343556225909168,0.06564437740908324,1.083339810352868
c05,translation_compensated,2,32,1_percent,0,59670,44754,0,0,108,17,0,0.7500251382604324,0.24997486173956762,1.0
c05,translation_compensated,2,32,1_percent,1,59670,53798,0,9044,143,133,28,0.9015920898273839,0.09840791017261608,1.2020824954194038
c05,translation_compensated,2,32,1_percent,2,59670,55271,0,10517,143,143,105,0.9262778615719792,0.07372213842802078,1.234995754569424
c05,translation_compensated,2,32,5_percent,0,59670,38309,0,0,37,5,0,0.6420144126026479,0.3579855873973521,1.0
c05,translation_compensated,2,32,5_percent,1,59670,50301,0,11992,141,75,13,0.8429864253393665,0.15701357466063348,1.3130334908246104
c05,translation_compensated,2,32,5_percent,2,59670,53775,0,15466,143,134,46,0.9012066365007542,0.09879336349924583,1.4037171421859094
c05,translation_compensated,2,32,10_percent,0,59670,34484,0,0,18,3,0,0.5779118485000838,0.4220881514999162,1.0
c05,translation_compensated,2,32,10_percent,1,59670,48302,0,13818,134,45,9,0.8094855036031506,0.19051449639684936,1.400707574527317
c05,translation_compensated,2,32,10_percent,2,59670,52878,0,18394,143,118,38,0.886173956762192,0.11382604323780798,1.5334067973552952
c05,translation_compensated,2,64,any,0,15912,14524,1989,0,143,139,47,0.912770236299648,0.08722976370035196,1.0
c05,translation_compensated,2,64,any,1,15912,14868,1989,344,143,143,141,0.9343891402714932,0.06561085972850678,1.0236849352795374
c05,translation_compensated,2,64,any,2,15912,14872,1989,348,143,143,143,0.934640522875817,0.065359477124183,1.023960341503718
c05,translation_compensated,2,64,1_percent,0,15912,12849,1989,0,131,52,6,0.8075037707390649,0.19249622926093513,1.0
c05,translation_compensated,2,64,1_percent,1,15912,14575,1989,1726,143,137,93,0.9159753645047762,0.08402463549522377,1.134329519806989
c05,translation_compensated,2,64,1_percent,2,15912,14838,1989,1989,143,143,131,0.9325037707390649,0.06749622926093513,1.15479803875788
c05,translation_compensated,2,64,5_percent,0,15912,11176,1989,0,70,21,0,0.7023629964806435,0.2976370035193565,1.0
c05,translation_compensated,2,64,5_percent,1,15912,14066,1989,2890,143,115,51,0.8839869281045751,0.11601307189542487,1.2585898353614888
c05,translation_compensated,2,64,5_percent,2,15912,14762,1989,3586,143,143,112,0.9277275012569131,0.07227249874308694,1.3208661417322836
c05,translation_compensated,2,64,10_percent,0,15912,9889,1989,0,38,6,0,0.6214806435394671,0.3785193564605329,1.0
c05,translation_compensated,2,64,10_percent,1,15912,13750,1989,3861,142,94,46,0.8641277023629965,0.13587229763700348,1.3904338153503892
c05,translation_compensated,2,64,10_percent,2,15912,14685,1989,4796,143,143,86,0.9228883861236803,0.0771116138763197,1.4849833147942157
c05,translation_compensated,4,8,any,0,954720,387426,0,0,0,0,0,0.40580065359477124,0.5941993464052288,1.0
c05,translation_compensated,4,8,any,1,954720,595523,0,208097,26,0,0,0.6237671778112954,0.3762328221887046,1.5371270900765566
c05,translation_compensated,4,8,any,2,954720,699897,0,312471,102,6,0,0.7330913775766716,0.26690862242332836,1.8065307955583776
c05,translation_compensated,4,8,1_percent,0,954720,387426,0,0,0,0,0,0.40580065359477124,0.5941993464052288,1.0
c05,translation_compensated,4,8,1_percent,1,954720,595523,0,208097,26,0,0,0.6237671778112954,0.3762328221887046,1.5371270900765566
c05,translation_compensated,4,8,1_percent,2,954720,699897,0,312471,102,6,0,0.7330913775766716,0.26690862242332836,1.8065307955583776
c05,translation_compensated,4,8,5_percent,0,954720,346496,0,0,0,0,0,0.36292944528238646,0.6370705547176135,1.0
c05,translation_compensated,4,8,5_percent,1,954720,543456,0,196960,8,0,0,0.5692307692307692,0.4307692307692308,1.5684336904322127
c05,translation_compensated,4,8,5_percent,2,954720,642921,0,296425,44,1,0,0.6734131473102062,0.3265868526897938,1.8554932813077207
c05,translation_compensated,4,8,10_percent,0,954720,323481,0,0,0,0,0,0.3388229009552539,0.6611770990447461,1.0
c05,translation_compensated,4,8,10_percent,1,954720,521777,0,198296,7,0,0,0.5465235880677057,0.45347641193229427,1.613006637174981
c05,translation_compensated,4,8,10_percent,2,954720,618187,0,294706,30,0,0,0.6475060750796044,0.35249392492039555,1.9110457801230984
c05,translation_compensated,4,16,any,0,238680,128294,0,0,4,0,0,0.5375146639852523,0.4624853360147477,1.0
c05,translation_compensated,4,16,any,1,238680,183952,0,55658,128,14,0,0.7707055471761354,0.22929445282386463,1.4338316678878202
c05,translation_compensated,4,16,any,2,238680,205456,0,77162,143,102,1,0.8608010725657784,0.13919892743422158,1.6014466771633904
c05,translation_compensated,4,16,1_percent,0,238680,120359,0,0,2,0,0,0.5042693145634322,0.49573068543656784,1.0
c05,translation_compensated,4,16,1_percent,1,238680,174200,0,53841,99,8,0,0.7298474945533769,0.27015250544662306,1.4473367176530214
c05,translation_compensated,4,16,1_percent,2,238680,197559,0,77200,140,60,0,0.8277149321266968,0.17228506787330322,1.6414144351481816
c05,translation_compensated,4,16,5_percent,0,238680,108223,0,0,1,0,0,0.45342299312887546,0.5465770068711245,1.0
c05,translation_compensated,4,16,5_percent,1,238680,160291,0,52068,43,3,0,0.6715728171610524,0.32842718283894756,1.4811176921726434
c05,translation_compensated,4,16,5_percent,2,238680,184872,0,76649,126,24,0,0.7745600804424334,0.2254399195575666,1.708250556720845
c05,translation_compensated,4,16,10_percent,0,238680,97988,0,0,0,0,0,0.41054131054131054,0.5894586894586895,1.0
c05,translation_compensated,4,16,10_percent,1,238680,153649,0,55661,29,1,0,0.6437447628624099,0.3562552371375901,1.5680389435441073
c05,translation_compensated,4,16,10_percent,2,238680,179653,0,81665,111,20,0,0.7526939835763365,0.24730601642366346,1.8334183777605422
c05,translation_compensated,4,32,any,0,59670,41144,0,0,52,0,0,0.6895257248198424,0.3104742751801576,1.0
c05,translation_compensated,4,32,any,1,59670,52844,0,11700,143,127,10,0.8856041561923915,0.11439584380760848,1.2843671009138635
c05,translation_compensated,4,32,any,2,59670,55065,0,13921,143,142,75,0.9228255404725993,0.07717445952740065,1.3383482403266576
c05,translation_compensated,4,32,1_percent,0,59670,36332,0,0,20,0,0,0.6088821853527736,0.3911178146472264,1.0
c05,translation_compensated,4,32,1_percent,1,59670,49103,0,12771,139,53,6,0.8229093346740406,0.1770906653259594,1.3515083122316416
c05,translation_compensated,4,32,1_percent,2,59670,53062,0,16730,143,123,22,0.8892575833752304,0.11074241662476958,1.460475613783992
c05,translation_compensated,4,32,5_percent,0,59670,32663,0,0,7,0,0,0.5473940003351768,0.4526059996648232,1.0
c05,translation_compensated,4,32,5_percent,1,59670,46783,0,14120,129,27,4,0.7840288252052958,0.21597117479470418,1.4322934206900775
c05,translation_compensated,4,32,5_percent,2,59670,52030,0,19367,143,113,18,0.8719624601977544,0.12803753980224564,1.5929339007439611
c05,translation_compensated,4,32,10_percent,0,59670,28775,0,0,4,0,0,0.48223562929445285,0.5177643707055472,1.0
c05,translation_compensated,4,32,10_percent,1,59670,44736,0,15961,106,19,2,0.7497234791352438,0.25027652086475616,1.5546828844483058
c05,translation_compensated,4,32,10_percent,2,59670,51078,0,22303,142,98,14,0.8560080442433383,0.14399195575666168,1.7750825369244136
c05,translation_compensated,4,64,any,0,15912,12766,1989,0,133,39,0,0.8022875816993464,0.19771241830065356,1.0
c05,translation_compensated,4,64,any,1,15912,14712,1989,1946,143,143,103,0.9245852187028658,0.07541478129713419,1.1524361585461382
c05,translation_compensated,4,64,any,2,15912,14845,1989,2079,143,143,129,0.9329436902966315,0.06705630970336851,1.1628544571518096
c05,translation_compensated,4,64,1_percent,0,15912,11027,1989,0,58,14,0,0.6929989944695827,0.3070010055304173,1.0
c05,translation_compensated,4,64,1_percent,1,15912,13946,1989,2919,143,114,38,0.8764454499748617,0.12355455002513827,1.264713884102657
c05,translation_compensated,4,64,1_percent,2,15912,14725,1989,3698,143,143,99,0.9254022121669181,0.07459778783308191,1.3353586650947673
c05,translation_compensated,4,64,5_percent,0,15912,9795,1989,0,30,5,0,0.6155731523378583,0.38442684766214175,1.0
c05,translation_compensated,4,64,5_percent,1,15912,13657,1989,3862,143,85,37,0.8582830568124685,0.14171694318753147,1.3942827973455845
c05,translation_compensated,4,64,5_percent,2,15912,14676,1989,4881,143,143,84,0.9223227752639518,0.07767722473604821,1.4983154670750383
c05,translation_compensated,4,64,10_percent,0,15912,8313,1989,0,6,1,0,0.5224358974358975,0.47756410256410253,1.0
c05,translation_compensated,4,64,10_percent,1,15912,13155,1989,4842,135,57,29,0.826734539969834,0.17326546003016596,1.582461205341032
c05,translation_compensated,4,64,10_percent,2,15912,14450,1989,6137,143,137,56,0.9081196581196581,0.09188034188034189,1.738241308793456
c05,translation_compensated,8,8,any,0,954720,314167,0,0,0,0,0,0.32906716105245515,0.6709328389475449,1.0
c05,translation_compensated,8,8,any,1,954720,509171,0,195004,1,0,0,0.5333197167755991,0.4666802832244009,1.620701728698431
c05,translation_compensated,8,8,any,2,954720,611193,0,297026,26,0,0,0.6401803670186023,0.35981963298139774,1.9454398456871664
c05,translation_compensated,8,8,1_percent,0,954720,314167,0,0,0,0,0,0.32906716105245515,0.6709328389475449,1.0
c05,translation_compensated,8,8,1_percent,1,954720,509171,0,195004,1,0,0,0.5333197167755991,0.4666802832244009,1.620701728698431
c05,translation_compensated,8,8,1_percent,2,954720,611193,0,297026,26,0,0,0.6401803670186023,0.35981963298139774,1.9454398456871664
c05,translation_compensated,8,8,5_percent,0,954720,282990,0,0,0,0,0,0.29641151332327803,0.7035884866767219,1.0
c05,translation_compensated,8,8,5_percent,1,954720,481244,0,198254,0,0,0,0.5040682084799731,0.49593179152002687,1.7005689246969857
c05,translation_compensated,8,8,5_percent,2,954720,580432,0,297442,19,0,0,0.6079604491369197,0.3920395508630803,2.0510689423654545
c05,translation_compensated,8,8,10_percent,0,954720,262302,0,0,0,0,0,0.27474233283056815,0.7252576671694319,1.0
c05,translation_compensated,8,8,10_percent,1,954720,465814,0,203512,0,0,0,0.48790640187699014,0.5120935981230099,1.7758690364541636
c05,translation_compensated,8,8,10_percent,2,954720,567365,0,305063,18,0,0,0.5942737137590078,0.40572628624099216,2.1630220127944124
c05,translation_compensated,8,16,any,0,238680,107787,0,0,0,0,0,0.451596279537456,0.548403720462544,1.0
c05,translation_compensated,8,16,any,1,238680,162179,0,54392,46,0,0,0.6794829897771074,0.3205170102228926,1.5046248619963447
c05,translation_compensated,8,16,any,2,238680,187958,0,80171,132,25,0,0.7874895257248199,0.2125104742751801,1.7437909952035031
c05,translation_compensated,8,16,1_percent,0,238680,103211,0,0,0,0,0,0.43242416624769564,0.5675758337523044,1.0
c05,translation_compensated,8,16,1_percent,1,238680,156409,0,53198,28,0,0,0.6553083626613039,0.3446916373386961,1.5154295569270717
c05,translation_compensated,8,16,1_percent,2,238680,182685,0,79474,121,23,0,0.7653971845148315,0.23460281548516848,1.7700148240013176
c05,translation_compensated,8,16,5_percent,0,238680,93093,0,0,0,0,0,0.3900326797385621,0.609967320261438,1.0
c05,translation_compensated,8,16,5_percent,1,238680,149147,0,56054,23,0,0,0.6248826881179822,0.3751173118820178,1.602129053741957
c05,translation_compensated,8,16,5_percent,2,238680,176354,0,83261,100,17,0,0.7388721300486006,0.26112786995139936,1.8943851847077653
c05,translation_compensated,8,16,10_percent,0,238680,80985,0,0,0,0,0,0.33930367018602314,0.6606963298139769,1.0
c05,translation_compensated,8,16,10_percent,1,238680,140327,0,59342,18,0,0,0.5879294452823864,0.41207055471761356,1.7327529789467184
c05,translation_compensated,8,16,10_percent,2,238680,169935,0,88950,81,15,0,0.7119783810960282,0.2880216189039718,2.0983515465827005
c05,translation_compensated,8,32,any,0,59670,35539,0,0,15,0,0,0.5955924250041897,0.40440757499581026,1.0
c05,translation_compensated,8,32,any,1,59670,49095,0,13556,138,59,0,0.8227752639517345,0.1772247360482655,1.381440108050311
c05,translation_compensated,8,32,any,2,59670,53135,0,17596,143,123,17,0.8904809787162729,0.10951902128372715,1.4951180393370662
c05,translation_compensated,8,32,1_percent,0,59670,32871,0,0,7,0,0,0.5508798391151333,0.4491201608848667,1.0
c05,translation_compensated,8,32,1_percent,1,59670,46775,0,13904,134,28,0,0.7838947544829897,0.21610524551701027,1.4229868272945758
c05,translation_compensated,8,32,1_percent,2,59670,51949,0,19078,143,115,16,0.870604994134406,0.12939500586559405,1.5803900094308052
c05,translation_compensated,8,32,5_percent,0,59670,28712,0,0,1,0,0,0.4811798223562929,0.5188201776437071,1.0
c05,translation_compensated,8,32,5_percent,1,59670,44635,0,15923,106,21,0,0.7480308362661304,0.25196916373386957,1.554576483700195
c05,translation_compensated,8,32,5_percent,2,59670,51033,0,22321,142,97,15,0.855253896430367,0.14474610356963302,1.7774101421008637
c05,translation_compensated,8,32,10_percent,0,59670,23649,0,0,0,0,0,0.3963298139768728,0.6036701860231273,1.0
c05,translation_compensated,8,32,10_percent,1,59670,41454,0,17805,69,10,0,0.6947209653092006,0.3052790346907994,1.7528859571229227
c05,translation_compensated,8,32,10_percent,2,59670,49332,0,25683,134,69,10,0.8267471091000502,0.17325289089994977,2.0860078650260054
c05,translation_compensated,8,64,any,0,15912,11427,1989,0,80,14,0,0.7181372549019608,0.2818627450980392,1.0
c05,translation_compensated,8,64,any,1,15912,14228,1989,2801,143,121,52,0.8941679235796883,0.10583207642031167,1.2451212041655728
c05,translation_compensated,8,64,any,2,15912,14725,1989,3298,143,143,96,0.9254022121669181,0.07459778783308191,1.2886146845191213
c05,translation_compensated,8,64,1_percent,0,15912,10393,1989,0,38,9,0,0.6531548516842635,0.34684514831573654,1.0
c05,translation_compensated,8,64,1_percent,1,15912,13776,1989,3383,143,93,36,0.8657616892911011,0.1342383107088989,1.3255075531607814
c05,translation_compensated,8,64,1_percent,2,15912,14676,1989,4283,143,143,88,0.9223227752639518,0.07767722473604821,1.412104300971808
c05,translation_compensated,8,64,5_percent,0,15912,8718,1989,0,13,0,0,0.5478883861236803,0.4521116138763197,1.0
c05,translation_compensated,8,64,5_percent,1,15912,13303,1989,4585,136,64,31,0.836035696329814,0.163964303670186,1.5259233769213123
c05,translation_compensated,8,64,5_percent,2,15912,14531,1989,5813,143,140,67,0.9132101558572147,0.08678984414278534,1.666781371874283
c05,translation_compensated,8,64,10_percent,0,15912,6830,1989,0,0,0,0,0.4292357968828557,0.5707642031171443,1.0
c05,translation_compensated,8,64,10_percent,1,15912,12435,1989,5605,115,40,21,0.7814856711915535,0.21851432880844646,1.8206442166910688
c05,translation_compensated,8,64,10_percent,2,15912,14182,1989,7352,141,129,44,0.8912770236299649,0.10872297637003514,2.076427525622255
c05,translation_compensated,16,8,any,0,954720,253622,0,0,0,0,0,0.2656506619741914,0.7343493380258086,1.0
c05,translation_compensated,16,8,any,1,954720,445190,0,191568,0,0,0,0.46630425674543324,0.5336957432545668,1.7553287963977888
c05,translation_compensated,16,8,any,2,954720,549017,0,295395,15,0,0,0.5750555136584549,0.42494448634154514,2.1647057431926253
c05,translation_compensated,16,8,1_percent,0,954720,253622,0,0,0,0,0,0.2656506619741914,0.7343493380258086,1.0
c05,translation_compensated,16,8,1_percent,1,954720,445190,0,191568,0,0,0,0.46630425674543324,0.5336957432545668,1.7553287963977888
c05,translation_compensated,16,8,1_percent,2,954720,549017,0,295395,15,0,0,0.5750555136584549,0.42494448634154514,2.1647057431926253
c05,translation_compensated,16,8,5_percent,0,954720,225545,0,0,0,0,0,0.2362420395508631,0.7637579604491369,1.0
c05,translation_compensated,16,8,5_percent,1,954720,421692,0,196147,0,0,0,0.44169180492709903,0.558308195072901,1.8696579396572746
c05,translation_compensated,16,8,5_percent,2,954720,529057,0,303512,9,0,0,0.5541488603988604,0.44585113960113965,2.3456826797313175
c05,translation_compensated,16,8,10_percent,0,954720,205959,0,0,0,0,0,0.21572712418300655,0.7842728758169935,1.0
c05,translation_compensated,16,8,10_percent,1,954720,404686,0,198727,0,0,0,0.4238792525557231,0.5761207474442769,1.9648862152175919
c05,translation_compensated,16,8,10_percent,2,954720,514750,0,308791,7,0,0,0.539163314898609,0.460836685101391,2.4992838380454363
c05,translation_compensated,16,16,any,0,238680,91827,0,0,0,0,0,0.38472850678733034,0.6152714932126697,1.0
c05,translation_compensated,16,16,any,1,238680,146976,0,55149,22,0,0,0.6157868275515335,0.38421317244846653,1.6005749942827272
c05,translation_compensated,16,16,any,2,238680,175108,0,83281,96,18,0,0.7336517512988101,0.2663482487011899,1.9069336905267513
c05,translation_compensated,16,16,1_percent,0,238680,87741,0,0,0,0,0,0.36760935143288087,0.6323906485671191,1.0
c05,translation_compensated,16,16,1_percent,1,238680,143946,0,56205,20,0,0,0.6030920060331825,0.39690799396681753,1.6405785208739359
c05,translation_compensated,16,16,1_percent,2,238680,172799,0,85058,85,15,0,0.7239777107424167,0.2760222892575833,1.969421365154261
c05,translation_compensated,16,16,5_percent,0,238680,77198,0,0,0,0,0,0.3234372381431205,0.6765627618568795,1.0
c05,translation_compensated,16,16,5_percent,1,238680,136405,0,59207,16,0,0,0.5714974023797553,0.4285025976202447,1.7669499209824089
c05,translation_compensated,16,16,5_percent,2,238680,167397,0,90199,68,12,0,0.7013448969331322,0.2986551030668678,2.1684110987331278
c05,translation_compensated,16,16,10_percent,0,238680,63768,0,0,0,0,0,0.2671694318753142,0.7328305681246858,1.0
c05,translation_compensated,16,16,10_percent,1,238680,123996,0,60228,6,0,0,0.5195072900955254,0.48049270990447457,1.9444862627022959
c05,translation_compensated,16,16,10_percent,2,238680,157437,0,93669,51,7,0,0.6596153846153846,0.3403846153846154,2.468902898005269
c05,translation_compensated,16,32,any,0,59670,31586,0,0,3,0,0,0.5293447293447293,0.4706552706552707,1.0
c05,translation_compensated,16,32,any,1,59670,46244,0,14658,127,27,0,0.7749958102899279,0.22500418971007208,1.4640663585132654
c05,translation_compensated,16,32,any,2,59670,51808,0,20222,143,112,16,0.8682419976537623,0.1317580023462377,1.640220350788324
c05,translation_compensated,16,32,1_percent,0,59670,29343,0,0,0,0,0,0.49175465057817996,0.50824534942182,1.0
c05,translation_compensated,16,32,1_percent,1,59670,45133,0,15790,114,23,0,0.7563767387296799,0.24362326127032008,1.5381181201649456
c05,translation_compensated,16,32,1_percent,2,59670,51323,0,21980,143,101,15,0.8601139601139601,0.13988603988603987,1.7490713287666564
c05,translation_compensated,16,32,5_percent,0,59670,24166,0,0,0,0,0,0.4049941344058991,0.5950058655941008,1.0
c05,translation_compensated,16,32,5_percent,1,59670,41763,0,17597,73,16,0,0.6998994469582704,0.30010055304172956,1.728171811636183
c05,translation_compensated,16,32,5_percent,2,59670,49411,0,25245,133,70,12,0.8280710574828222,0.17192894251717783,2.0446495075726228
c05,translation_compensated,16,32,10_percent,0,59670,18523,0,0,0,0,0,0.31042399865929277,0.6895760013407073,1.0
c05,translation_compensated,16,32,10_percent,1,59670,36930,0,18407,50,2,0,0.6189039718451483,0.38109602815485166,1.9937375155212438
c05,translation_compensated,16,32,10_percent,2,59670,46456,0,27933,114,45,2,0.7785486844310374,0.22145131556896258,2.508017059871511
c05,translation_compensated,16,64,any,0,15912,10477,1989,0,40,5,0,0.6584338863750628,0.34156611362493716,1.0
c05,translation_compensated,16,64,any,1,15912,13821,1989,3344,143,94,36,0.8685897435897436,0.1314102564102564,1.3191753364512742
c05,translation_compensated,16,64,any,2,15912,14690,1989,4213,143,143,91,0.923202614379085,0.07679738562091498,1.4021189271738093
c05,translation_compensated,16,64,1_percent,0,15912,9596,1989,0,27,0,0,0.6030668677727501,0.3969331322272499,1.0
c05,translation_compensated,16,64,1_percent,1,15912,13580,1989,3984,142,78,35,0.8534439416792358,0.14655605832076424,1.4151729887453106
c05,translation_compensated,16,64,1_percent,2,15912,14628,1989,5032,143,142,81,0.9193061840120663,0.08069381598793368,1.5243851604835348
c05,translation_compensated,16,64,5_percent,0,15912,7349,1989,0,2,0,0,0.4618526897938663,0.5381473102061337,1.0
c05,translation_compensated,16,64,5_percent,1,15912,12713,1989,5364,122,47,24,0.7989567621920564,0.20104323780794364,1.7298952238399783
c05,translation_compensated,16,64,5_percent,2,15912,14330,1989,6981,143,131,55,0.9005781799899447,0.09942182001005528,1.9499251598856988
c05,translation_compensated,16,64,10_percent,0,15912,5214,1989,0,0,0,0,0.32767722473604827,0.6723227752639518,1.0
c05,translation_compensated,16,64,10_percent,1,15912,11223,1989,6009,79,31,6,0.705316742081448,0.294683257918552,2.1524741081703107
c05,translation_compensated,16,64,10_percent,2,15912,13533,1989,8319,135,92,32,0.8504901960784313,0.14950980392156865,2.595512082853855
c06,raw,0,8,any,0,936000,821588,0,0,133,132,3,0.8777649572649573,0.12223504273504271,1.0
c06,raw,0,8,any,1,936000,828954,0,7366,133,133,100,0.8856346153846154,0.11436538461538459,1.0089655642487476
c06,raw,0,8,any,2,936000,829598,0,8010,133,133,124,0.8863226495726496,0.11367735042735039,1.009749412114101
c06,raw,0,8,1_percent,0,936000,821588,0,0,133,132,3,0.8777649572649573,0.12223504273504271,1.0
c06,raw,0,8,1_percent,1,936000,828954,0,7366,133,133,100,0.8856346153846154,0.11436538461538459,1.0089655642487476
c06,raw,0,8,1_percent,2,936000,829598,0,8010,133,133,124,0.8863226495726496,0.11367735042735039,1.009749412114101
c06,raw,0,8,5_percent,0,936000,814890,0,0,133,129,0,0.8706089743589743,0.12939102564102567,1.0
c06,raw,0,8,5_percent,1,936000,828527,0,13637,133,133,81,0.8851784188034189,0.11482158119658115,1.0167347740185793
c06,raw,0,8,5_percent,2,936000,829562,0,14672,133,133,123,0.8862841880341881,0.11371581196581193,1.0180048840947857
c06,raw,0,8,10_percent,0,936000,805303,0,0,133,123,0,0.860366452991453,0.13963354700854702,1.0
c06,raw,0,8,10_percent,1,936000,827672,0,22369,133,133,71,0.8842649572649572,0.11573504273504276,1.0277771223998917
c06,raw,0,8,10_percent,2,936000,829358,0,24055,133,133,114,0.8860662393162393,0.11393376068376071,1.029870744303697
c06,raw,0,16,any,0,234000,206905,0,0,133,133,93,0.8842094017094017,0.11579059829059835,1.0
c06,raw,0,16,any,1,234000,207418,0,513,133,133,128,0.8864017094017094,0.11359829059829063,1.002479398757884
c06,raw,0,16,any,2,234000,207461,0,556,133,133,131,0.8865854700854701,0.11341452991452994,1.0026872236050361
c06,raw,0,16,1_percent,0,234000,206740,0,0,133,133,82,0.8835042735042735,0.11649572649572648,1.0
c06,raw,0,16,1_percent,1,234000,207414,0,674,133,133,128,0.8863846153846154,0.11361538461538456,1.0032601335010158
c06,raw,0,16,1_percent,2,234000,207459,0,719,133,133,131,0.886576923076923,0.11342307692307696,1.0034777982006384
c06,raw,0,16,5_percent,0,234000,205901,0,0,133,133,56,0.8799188034188035,0.12008119658119654,1.0
c06,raw,0,16,5_percent,1,234000,207367,0,1466,133,133,119,0.8861837606837607,0.1138162393162393,1.007119926566651
c06,raw,0,16,5_percent,2,234000,207451,0,1550,133,133,131,0.8865427350427351,0.11345726495726494,1.0075278896168547
c06,raw,0,16,10_percent,0,234000,204531,0,0,133,129,29,0.8740641025641026,0.1259358974358974,1.0
c06,raw,0,16,10_percent,1,234000,207123,0,2592,133,133,107,0.8851410256410256,0.11485897435897441,1.0126728955512856
c06,raw,0,16,10_percent,2,234000,207375,0,2844,133,133,124,0.8862179487179487,0.11378205128205132,1.0139049826187718
c06,raw,0,32,any,0,58500,51842,0,0,133,133,127,0.8861880341880342,0.11381196581196584,1.0
c06,raw,0,32,any,1,58500,51867,0,25,133,133,131,0.8866153846153846,0.11338461538461542,1.0004822344816944
c06,raw,0,32,any,2,58500,51870,0,28,133,133,133,0.8866666666666667,0.11333333333333329,1.0005401026194978
c06,raw,0,32,1_percent,0,58500,51828,0,0,133,133,124,0.885948717948718,0.11405128205128201,1.0
c06,raw,0,32,1_percent,1,58500,51867,0,39,133,133,131,0.8866153846153846,0.11338461538461542,1.0007524890020838
c06,raw,0,32,1_percent,2,58500,51870,0,42,133,133,133,0.8866666666666667,0.11333333333333329,1.0008103727714748
c06,raw,0,32,5_percent,0,58500,51683,0,0,133,133,105,0.8834700854700854,0.11652991452991457,1.0
c06,raw,0,32,5_percent,1,58500,51843,0,160,133,133,127,0.8862051282051282,0.1137948717948718,1.0030957955227058
c06,raw,0,32,5_percent,2,58500,51863,0,180,133,133,129,0.8865470085470085,0.11345299145299148,1.003482769963044
c06,raw,0,32,10_percent,0,58500,51416,0,0,133,132,88,0.8789059829059829,0.12109401709401713,1.0
c06,raw,0,32,10_percent,1,58500,51798,0,382,133,133,118,0.8854358974358975,0.11456410256410254,1.0074295939007314
c06,raw,0,32,10_percent,2,58500,51852,0,436,133,133,125,0.8863589743589744,0.11364102564102563,1.008479850630154
c06,raw,0,64,any,0,15600,13829,1950,0,133,133,131,0.886474358974359,0.113525641025641,1.0
c06,raw,0,64,any,1,15600,13832,1950,3,133,133,133,0.8866666666666667,0.11333333333333329,1.000216935425555
c06,raw,0,64,any,2,15600,13832,1950,3,133,133,133,0.8866666666666667,0.11333333333333329,1.000216935425555
c06,raw,0,64,1_percent,0,15600,13829,1950,0,133,133,131,0.886474358974359,0.113525641025641,1.0
c06,raw,0,64,1_percent,1,15600,13832,1950,3,133,133,133,0.8866666666666667,0.11333333333333329,1.000216935425555
c06,raw,0,64,1_percent,2,15600,13832,1950,3,133,133,133,0.8866666666666667,0.11333333333333329,1.000216935425555
c06,raw,0,64,5_percent,0,15600,13796,1950,0,133,133,120,0.8843589743589744,0.11564102564102563,1.0
c06,raw,0,64,5_percent,1,15600,13830,1950,34,133,133,131,0.8865384615384615,0.1134615384615385,1.0024644824586837
c06,raw,0,64,5_percent,2,15600,13832,1950,36,133,133,133,0.8866666666666667,0.11333333333333329,1.0026094520150768
c06,raw,0,64,10_percent,0,15600,13743,1950,0,133,133,108,0.8809615384615385,0.11903846153846154,1.0
c06,raw,0,64,10_percent,1,15600,13825,1950,82,133,133,127,0.8862179487179487,0.11378205128205132,1.0059666739430984
c06,raw,0,64,10_percent,2,15600,13832,1950,89,133,133,133,0.8866666666666667,0.11333333333333329,1.006476024157753
c06,raw,1,8,any,0,936000,767032,0,0,132,102,0,0.8194786324786325,0.1805213675213675,1.0
c06,raw,1,8,any,1,936000,823974,0,56942,133,133,4,0.8803141025641026,0.11968589743589741,1.0742367984647316
c06,raw,1,8,any,2,936000,828810,0,61778,133,133,72,0.8854807692307692,0.11451923076923076,1.0805416201670857
c06,raw,1,8,1_percent,0,936000,767032,0,0,132,102,0,0.8194786324786325,0.1805213675213675,1.0
c06,raw,1,8,1_percent,1,936000,823974,0,56942,133,133,4,0.8803141025641026,0.11968589743589741,1.0742367984647316
c06,raw,1,8,1_percent,2,936000,828810,0,61778,133,133,72,0.8854807692307692,0.11451923076923076,1.0805416201670857
c06,raw,1,8,5_percent,0,936000,700656,0,0,115,32,0,0.7485641025641026,0.25143589743589745,1.0
c06,raw,1,8,5_percent,1,936000,797829,0,97173,133,124,0,0.8523814102564102,0.14761858974358977,1.138688600397342
c06,raw,1,8,5_percent,2,936000,818169,0,117513,133,133,3,0.8741121794871795,0.12588782051282055,1.1677185380557649
c06,raw,1,8,10_percent,0,936000,656954,0,0,102,0,0,0.7018739316239316,0.29812606837606836,1.0
c06,raw,1,8,10_percent,1,936000,773621,0,116667,133,106,0,0.8265181623931624,0.17348183760683755,1.1775877763131057
c06,raw,1,8,10_percent,2,936000,804197,0,147243,133,131,0,0.8591848290598291,0.14081517094017093,1.2241298477518974
c06,raw,1,16,any,0,234000,203531,0,0,133,132,0,0.8697905982905982,0.13020940170940176,1.0
c06,raw,1,16,any,1,234000,207348,0,3817,133,133,113,0.886102564102564,0.11389743589743595,1.018753899897313
c06,raw,1,16,any,2,234000,207458,0,3927,133,133,131,0.8865726495726496,0.11342735042735042,1.0192943581076102
c06,raw,1,16,1_percent,0,234000,199084,0,0,133,122,0,0.8507863247863248,0.14921367521367523,1.0
c06,raw,1,16,1_percent,1,234000,206826,0,7742,133,133,75,0.8838717948717949,0.1161282051282051,1.038888107532499
c06,raw,1,16,1_percent,2,234000,207388,0,8304,133,133,120,0.8862735042735043,0.11372649572649574,1.041711036547387
c06,raw,1,16,5_percent,0,234000,185231,0,0,129,76,0,0.7915854700854701,0.2084145299145299,1.0
c06,raw,1,16,5_percent,1,234000,202284,0,17053,133,132,3,0.8644615384615385,0.1355384615384615,1.0920634235090239
c06,raw,1,16,5_percent,2,234000,206267,0,21036,133,133,44,0.881482905982906,0.11851709401709398,1.1135663036964656
c06,raw,1,16,10_percent,0,234000,173101,0,0,111,24,0,0.7397478632478632,0.26025213675213676,1.0
c06,raw,1,16,10_percent,1,234000,196396,0,23295,133,120,0,0.8392991452991453,0.1607008547008547,1.1345746125094598
c06,raw,1,16,10_percent,2,234000,203669,0,30568,133,133,6,0.8703803418803419,0.12961965811965814,1.1765905454041283
c06,raw,1,32,any,0,58500,51753,0,0,133,133,97,0.8846666666666667,0.11533333333333329,1.0
c06,raw,1,32,any,1,58500,51867,0,114,133,133,131,0.8866153846153846,0.11338461538461542,1.0022027708538634
c06,raw,1,32,any,2,58500,51870,0,117,133,133,133,0.8866666666666667,0.11333333333333329,1.0022607385079125
c06,raw,1,32,1_percent,0,58500,50774,0,0,133,131,12,0.8679316239316239,0.13206837606837607,1.0
c06,raw,1,32,1_percent,1,58500,51837,0,1063,133,133,123,0.886102564102564,0.11389743589743595,1.0209359120809864
c06,raw,1,32,1_percent,2,58500,51864,0,1090,133,133,130,0.8865641025641026,0.11343589743589744,1.0214676803088194
c06,raw,1,32,5_percent,0,58500,47734,0,0,132,102,0,0.815965811965812,0.18403418803418803,1.0
c06,raw,1,32,5_percent,1,58500,51359,0,3625,133,133,61,0.8779316239316239,0.12206837606837606,1.0759416767922236
c06,raw,1,32,5_percent,2,58500,51781,0,4047,133,133,99,0.8851452991452992,0.11485470085470084,1.0847823354422423
c06,raw,1,32,10_percent,0,58500,44861,0,0,125,52,0,0.7668547008547009,0.23314529914529913,1.0
c06,raw,1,32,10_percent,1,58500,50291,0,5430,133,130,8,0.8596752136752137,0.1403247863247863,1.1210405474688483
c06,raw,1,32,10_percent,2,58500,51505,0,6644,133,133,44,0.8804273504273504,0.11957264957264957,1.148101914803504
c06,raw,1,64,any,0,15600,13828,1950,0,133,133,130,0.8864102564102564,0.11358974358974361,1.0
c06,raw,1,64,any,1,15600,13832,1950,4,133,133,133,0.8866666666666667,0.11333333333333329,1.0002892681515765
c06,raw,1,64,any,2,15600,13832,1950,4,133,133,133,0.8866666666666667,0.11333333333333329,1.0002892681515765
c06,raw,1,64,1_percent,0,15600,13675,1950,0,133,133,85,0.8766025641025641,0.1233974358974359,1.0
c06,raw,1,64,1_percent,1,15600,13828,1950,153,133,133,129,0.8864102564102564,0.11358974358974361,1.0111882998171846
c06,raw,1,64,1_percent,2,15600,13832,1950,157,133,133,133,0.8866666666666667,0.11333333333333329,1.0114808043875685
c06,raw,1,64,5_percent,0,15600,12890,1950,0,132,105,6,0.8262820512820512,0.17371794871794877,1.0
c06,raw,1,64,5_percent,1,15600,13764,1950,874,133,133,88,0.8823076923076923,0.11769230769230765,1.0678044996121023
c06,raw,1,64,5_percent,2,15600,13832,1950,942,133,133,133,0.8866666666666667,0.11333333333333329,1.073079906904577
c06,raw,1,64,10_percent,0,15600,12093,1950,0,130,56,0,0.7751923076923077,0.22480769230769226,1.0
c06,raw,1,64,10_percent,1,15600,13595,1950,1502,133,131,32,0.871474358974359,0.128525641025641,1.1242040850078558
c06,raw,1,64,10_percent,2,15600,13826,1950,1733,133,133,131,0.8862820512820513,0.11371794871794871,1.1433060448193169
c06,raw,2,8,any,0,936000,660612,0,0,104,0,0,0.7057820512820513,0.2942179487179487,1.0
c06,raw,2,8,any,1,936000,780979,0,120367,133,115,0,0.8343792735042735,0.16562072649572646,1.1822052884295169
c06,raw,2,8,any,2,936000,811180,0,150568,133,133,0,0.8666452991452992,0.1333547008547008,1.2279219874903877
c06,raw,2,8,1_percent,0,936000,660612,0,0,104,0,0,0.7057820512820513,0.2942179487179487,1.0
c06,raw,2,8,1_percent,1,936000,780979,0,120367,133,115,0,0.8343792735042735,0.16562072649572646,1.1822052884295169
c06,raw,2,8,1_percent,2,936000,811180,0,150568,133,133,0,0.8666452991452992,0.1333547008547008,1.2279219874903877
c06,raw,2,8,5_percent,0,936000,584688,0,0,63,0,0,0.6246666666666667,0.3753333333333333,1.0
c06,raw,2,8,5_percent,1,936000,713982,0,129294,122,43,0,0.7628012820512821,0.23719871794871794,1.2211333223873244
c06,raw,2,8,5_percent,2,936000,762700,0,178012,133,101,0,0.8148504273504273,0.18514957264957266,1.304456393837397
c06,raw,2,8,10_percent,0,936000,549025,0,0,29,0,0,0.5865651709401709,0.4134348290598291,1.0
c06,raw,2,8,10_percent,1,936000,681669,0,132644,109,1,0,0.7282788461538462,0.2717211538461538,1.2415991985792996
c06,raw,2,8,10_percent,2,936000,734676,0,185651,131,69,0,0.7849102564102564,0.21508974358974364,1.3381467146304813
c06,raw,2,16,any,0,234000,186564,0,0,131,83,0,0.7972820512820513,0.20271794871794868,1.0
c06,raw,2,16,any,1,234000,204592,0,18028,133,133,3,0.8743247863247863,0.12567521367521373,1.096631718873952
c06,raw,2,16,any,2,234000,207040,0,20476,133,133,84,0.8847863247863248,0.1152136752136752,1.1097532214146353
c06,raw,2,16,1_percent,0,234000,175768,0,0,117,30,0,0.7511452991452992,0.24885470085470085,1.0
c06,raw,2,16,1_percent,1,234000,199113,0,23345,133,125,0,0.8509102564102564,0.14908974358974358,1.1328171225706614
c06,raw,2,16,1_percent,2,234000,204956,0,29188,133,133,23,0.8758803418803419,0.12411965811965808,1.1660598061080516
c06,raw,2,16,5_percent,0,234000,158170,0,0,89,0,0,0.6759401709401709,0.3240598290598291,1.0
c06,raw,2,16,5_percent,1,234000,186095,0,27925,132,81,0,0.7952777777777778,0.20472222222222225,1.1765505468799393
c06,raw,2,16,5_percent,2,234000,196838,0,38668,133,122,0,0.8411880341880342,0.15881196581196577,1.2444711386482898
c06,raw,2,16,10_percent,0,234000,147971,0,0,65,0,0,0.6323547008547008,0.3676452991452992,1.0
c06,raw,2,16,10_percent,1,234000,178961,0,30990,130,28,0,0.7647905982905983,0.23520940170940174,1.2094329294253603
c06,raw,2,16,10_percent,2,234000,190431,0,42460,133,102,0,0.8138076923076923,0.18619230769230766,1.2869481182123523
c06,raw,2,32,any,0,58500,50136,0,0,133,129,0,0.857025641025641,0.14297435897435895,1.0
c06,raw,2,32,any,1,58500,51819,0,1683,133,133,110,0.8857948717948718,0.11420512820512818,1.0335686931546195
c06,raw,2,32,any,2,58500,51864,0,1728,133,133,130,0.8865641025641026,0.11343589743589744,1.0344662517951173
c06,raw,2,32,1_percent,0,58500,46077,0,0,131,72,0,0.7876410256410257,0.21235897435897433,1.0
c06,raw,2,32,1_percent,1,58500,50838,0,4761,133,133,9,0.8690256410256411,0.13097435897435894,1.1033270395208021
c06,raw,2,32,1_percent,2,58500,51648,0,5571,133,133,59,0.8828717948717949,0.1171282051282051,1.1209063090044924
c06,raw,2,32,5_percent,0,58500,41917,0,0,108,0,0,0.7165299145299145,0.28347008547008545,1.0
c06,raw,2,32,5_percent,1,58500,48534,0,6617,133,126,0,0.8296410256410256,0.1703589743589744,1.1578595796454898
c06,raw,2,32,5_percent,2,58500,50926,0,9009,133,133,0,0.8705299145299146,0.12947008547008543,1.214924732208889
c06,raw,2,32,10_percent,0,58500,39529,0,0,91,0,0,0.6757094017094017,0.32429059829059825,1.0
c06,raw,2,32,10_percent,1,58500,47492,0,7963,131,112,0,0.8118290598290598,0.18817094017094016,1.2014470388828455
c06,raw,2,32,10_percent,2,58500,50371,0,10842,133,130,0,0.8610427350427351,0.1389572649572649,1.274279642793898
c06,raw,2,64,any,0,15600,13692,1950,0,133,133,62,0.8776923076923077,0.12230769230769234,1.0
c06,raw,2,64,any,1,15600,13831,1950,139,133,133,132,0.8866025641025641,0.1133974358974359,1.0101519135261467
c06,raw,2,64,any,2,15600,13832,1950,140,133,133,133,0.8866666666666667,0.11333333333333329,1.0102249488752557
c06,raw,2,64,1_percent,0,15600,12558,1950,0,132,89,0,0.805,0.19499999999999995,1.0
c06,raw,2,64,1_percent,1,15600,13742,1950,1184,133,133,70,0.8808974358974359,0.11910256410256415,1.0942825290651377
c06,raw,2,64,1_percent,2,15600,13832,1950,1274,133,133,133,0.8866666666666667,0.11333333333333329,1.1014492753623188
c06,raw,2,64,5_percent,0,15600,11463,1950,0,126,2,0,0.7348076923076923,0.2651923076923077,1.0
c06,raw,2,64,5_percent,1,15600,13374,1950,1911,133,130,4,0.8573076923076923,0.14269230769230767,1.1667102852656372
c06,raw,2,64,5_percent,2,15600,13823,1950,2360,133,133,130,0.8860897435897436,0.11391025641025643,1.205879787141237
c06,raw,2,64,10_percent,0,15600,10862,1950,0,100,0,0,0.6962820512820512,0.30371794871794877,1.0
c06,raw,2,64,10_percent,1,15600,13157,1950,2295,133,126,0,0.8433974358974359,0.15660256410256412,1.2112870557908304
c06,raw,2,64,10_percent,2,15600,13805,1950,2943,133,133,128,0.8849358974358974,0.1150641025641026,1.2709445774258885
c06,raw,4,8,any,0,936000,535250,0,0,2,0,0,0.5718482905982906,0.42815170940170943,1.0
c06,raw,4,8,any,1,936000,668033,0,132783,111,0,0,0.7137104700854701,0.28628952991452994,1.2480765997197572
c06,raw,4,8,any,2,936000,732539,0,197289,132,63,0,0.7826271367521368,0.2173728632478632,1.368592246613732
c06,raw,4,8,1_percent,0,936000,535250,0,0,2,0,0,0.5718482905982906,0.42815170940170943,1.0
c06,raw,4,8,1_percent,1,936000,668033,0,132783,111,0,0,0.7137104700854701,0.28628952991452994,1.2480765997197572
c06,raw,4,8,1_percent,2,936000,732539,0,197289,132,63,0,0.7826271367521368,0.2173728632478632,1.368592246613732
c06,raw,4,8,5_percent,0,936000,495101,0,0,0,0,0,0.5289540598290599,0.47104594017094015,1.0
c06,raw,4,8,5_percent,1,936000,626629,0,131528,86,0,0,0.6694754273504273,0.3305245726495727,1.265658926158501
c06,raw,4,8,5_percent,2,936000,688469,0,193368,130,0,0,0.7355438034188034,0.26445619658119657,1.3905627336644442
c06,raw,4,8,10_percent,0,936000,472802,0,0,0,0,0,0.5051303418803419,0.4948696581196581,1.0
c06,raw,4,8,10_percent,1,936000,613620,0,140818,73,0,0,0.6555769230769231,0.34442307692307694,1.2978371495890457
c06,raw,4,8,10_percent,2,936000,676342,0,203540,125,0,0,0.7225876068376068,0.2774123931623932,1.4304973329216035
c06,raw,4,16,any,0,234000,154923,0,0,78,0,0,0.6620641025641025,0.33793589743589747,1.0
c06,raw,4,16,any,1,234000,188646,0,33723,133,91,0,0.8061794871794872,0.19382051282051282,1.2176758776940804
c06,raw,4,16,any,2,234000,200151,0,45228,133,130,0,0.8553461538461539,0.14465384615384613,1.291938575937724
c06,raw,4,16,1_percent,0,234000,148175,0,0,53,0,0,0.6332264957264957,0.3667735042735043,1.0
c06,raw,4,16,1_percent,1,234000,181036,0,32861,132,34,0,0.7736581196581197,0.2263418803418803,1.2217715539058545
c06,raw,4,16,1_percent,2,234000,194368,0,46193,133,116,0,0.8306324786324787,0.1693675213675213,1.311746245992914
c06,raw,4,16,5_percent,0,234000,138936,0,0,13,0,0,0.5937435897435898,0.40625641025641024,1.0
c06,raw,4,16,5_percent,1,234000,173540,0,34604,130,0,0,0.7416239316239316,0.2583760683760684,1.2490643173835434
c06,raw,4,16,5_percent,2,234000,186679,0,47743,131,82,0,0.7977735042735042,0.20222649572649576,1.343633039672943
c06,raw,4,16,10_percent,0,234000,131842,0,0,1,0,0,0.5634273504273505,0.4365726495726495,1.0
c06,raw,4,16,10_percent,1,234000,170275,0,38433,124,0,0,0.7276709401709401,0.27232905982905986,1.2915080171720696
c06,raw,4,16,10_percent,2,234000,184867,0,53025,130,65,0,0.7900299145299146,0.20997008547008544,1.4021859498490619
c06,raw,4,32,any,0,58500,44119,0,0,130,16,0,0.7541709401709402,0.24582905982905978,1.0
c06,raw,4,32,any,1,58500,50692,0,6573,133,133,0,0.8665299145299146,0.13347008547008543,1.1489834311747773
c06,raw,4,32,any,2,58500,51649,0,7530,133,133,70,0.8828888888888888,0.11711111111111117,1.1706747659738435
c06,raw,4,32,1_percent,0,58500,40667,0,0,105,0,0,0.6951623931623931,0.30483760683760686,1.0
c06,raw,4,32,1_percent,1,58500,47940,0,7273,133,127,0,0.8194871794871795,0.18051282051282047,1.1788427963705215
c06,raw,4,32,1_percent,2,58500,50697,0,10030,133,132,0,0.8666153846153846,0.13338461538461543,1.2466373226448964
c06,raw,4,32,5_percent,0,58500,38365,0,0,77,0,0,0.6558119658119658,0.34418803418803423,1.0
c06,raw,4,32,5_percent,1,58500,47104,0,8739,130,106,0,0.8051965811965812,0.19480341880341878,1.2277857422129546
c06,raw,4,32,5_percent,2,58500,50191,0,11826,133,129,0,0.857965811965812,0.142034188034188,1.3082497067639776
c06,raw,4,32,10_percent,0,58500,36120,0,0,60,0,0,0.6174358974358974,0.38256410256410256,1.0
c06,raw,4,32,10_percent,1,58500,46247,0,10127,127,86,0,0.7905470085470085,0.20945299145299145,1.2803709856035437
c06,raw,4,32,10_percent,2,58500,49589,0,13469,132,125,0,0.8476752136752137,0.1523247863247863,1.3728959025470653
c06,raw,4,64,any,0,15600,12742,1950,0,133,103,0,0.8167948717948718,0.18320512820512824,1.0
c06,raw,4,64,any,1,15600,13771,1950,1029,133,133,90,0.8827564102564103,0.11724358974358973,1.0807565531313765
c06,raw,4,64,any,2,15600,13832,1950,1090,133,133,133,0.8866666666666667,0.11333333333333329,1.085543870663946
c06,raw,4,64,1_percent,0,15600,11432,1950,0,130,0,0,0.7328205128205129,0.26717948717948714,1.0
c06,raw,4,64,1_percent,1,15600,13404,1950,1972,133,130,4,0.8592307692307692,0.14076923076923076,1.1724982505248425
c06,raw,4,64,1_percent,2,15600,13824,1950,2392,133,133,130,0.8861538461538462,0.11384615384615382,1.2092372288313507
c06,raw,4,64,5_percent,0,15600,10783,1950,0,101,0,0,0.6912179487179487,0.3087820512820513,1.0
c06,raw,4,64,5_percent,1,15600,13148,1950,2365,133,124,0,0.8428205128205128,0.15717948717948715,1.2193267179820086
c06,raw,4,64,5_percent,2,15600,13793,1950,3010,133,133,124,0.8841666666666667,0.11583333333333334,1.2791430956134657
c06,raw,4,64,10_percent,0,15600,10008,1950,0,81,0,0,0.6415384615384615,0.3584615384615385,1.0
c06,raw,4,64,10_percent,1,15600,12761,1950,2753,129,105,0,0.8180128205128205,0.18198717948717946,1.275079936051159
c06,raw,4,64,10_percent,2,15600,13656,1950,3648,133,129,108,0.8753846153846154,0.12461538461538457,1.3645083932853717
c06,raw,8,8,any,0,936000,468166,0,0,0,0,0,0.5001773504273505,0.49982264957264955,1.0
c06,raw,8,8,any,1,936000,608775,0,140609,64,0,0,0.650400641025641,0.349599358974359,1.3003400503240303
c06,raw,8,8,any,2,936000,674909,0,206743,129,0,0,0.721056623931624,0.27894337606837605,1.4416019104334787
c06,raw,8,8,1_percent,0,936000,468166,0,0,0,0,0,0.5001773504273505,0.49982264957264955,1.0
c06,raw,8,8,1_percent,1,936000,608775,0,140609,64,0,0,0.650400641025641,0.349599358974359,1.3003400503240303
c06,raw,8,8,1_percent,2,936000,674909,0,206743,129,0,0,0.721056623931624,0.27894337606837605,1.4416019104334787
c06,raw,8,8,5_percent,0,936000,433396,0,0,0,0,0,0.46302991452991454,0.5369700854700854,1.0
c06,raw,8,8,5_percent,1,936000,589107,0,155711,44,0,0,0.6293878205128205,0.3706121794871795,1.3592811193458176
c06,raw,8,8,5_percent,2,936000,659651,0,226255,113,0,0,0.7047553418803418,0.29524465811965817,1.5220514264091038
c06,raw,8,8,10_percent,0,936000,409149,0,0,0,0,0,0.437125,0.562875,1.0
c06,raw,8,8,10_percent,1,936000,577133,0,167984,31,0,0,0.6165950854700855,0.38340491452991454,1.410569254721385
c06,raw,8,8,10_percent,2,936000,651666,0,242517,105,0,0,0.696224358974359,0.30377564102564103,1.592735164939912
c06,raw,8,16,any,0,234000,139594,0,0,5,0,0,0.5965555555555555,0.4034444444444445,1.0
c06,raw,8,16,any,1,234000,174703,0,35109,130,0,0,0.7465940170940171,0.25340598290598293,1.2515079444675272
c06,raw,8,16,any,2,234000,188440,0,48846,133,97,0,0.8052991452991453,0.19470085470085474,1.3499147527830708
c06,raw,8,16,1_percent,0,234000,135673,0,0,0,0,0,0.5797991452991453,0.42020085470085466,1.0
c06,raw,8,16,1_percent,1,234000,172048,0,36375,129,0,0,0.7352478632478633,0.2647521367521367,1.2681078770278538
c06,raw,8,16,1_percent,2,234000,185873,0,50200,131,72,0,0.7943290598290599,0.20567094017094012,1.370007296956653
c06,raw,8,16,5_percent,0,234000,126554,0,0,0,0,0,0.5408290598290598,0.4591709401709402,1.0
c06,raw,8,16,5_percent,1,234000,168000,0,41446,121,0,0,0.717948717948718,0.28205128205128205,1.3274965627321142
c06,raw,8,16,5_percent,2,234000,183632,0,57078,130,56,0,0.7847521367521367,0.21524786324786327,1.4510169571882359
c06,raw,8,16,10_percent,0,234000,117160,0,0,0,0,0,0.5006837606837606,0.49931623931623936,1.0
c06,raw,8,16,10_percent,1,234000,163054,0,45894,99,0,0,0.6968119658119658,0.3031880341880342,1.3917207237965177
c06,raw,8,16,10_percent,2,234000,180769,0,63609,127,46,0,0.772517094017094,0.227482905982906,1.5429242062137247
c06,raw,8,32,any,0,58500,40391,0,0,100,0,0,0.6904444444444444,0.3095555555555556,1.0
c06,raw,8,32,any,1,58500,48154,0,7763,133,126,0,0.8231452991452991,0.1768547008547009,1.1921962813498057
c06,raw,8,32,any,2,58500,50791,0,10400,133,132,0,0.8682222222222222,0.13177777777777777,1.2574831026713873
c06,raw,8,32,1_percent,0,58500,38671,0,0,76,0,0,0.661042735042735,0.33895726495726497,1.0
c06,raw,8,32,1_percent,1,58500,47218,0,8547,131,114,0,0.8071452991452992,0.1928547008547008,1.2210183341522072
c06,raw,8,32,1_percent,2,58500,50290,0,11619,133,129,0,0.8596581196581197,0.14034188034188033,1.3004577073259032
c06,raw,8,32,5_percent,0,58500,35756,0,0,47,0,0,0.6112136752136752,0.3887863247863248,1.0
c06,raw,8,32,5_percent,1,58500,46217,0,10461,128,86,0,0.790034188034188,0.209965811965812,1.2925662825819444
c06,raw,8,32,5_percent,2,58500,49611,0,13855,132,125,0,0.848051282051282,0.151948717948718,1.3874874146996308
c06,raw,8,32,10_percent,0,58500,32489,0,0,23,0,0,0.5553675213675213,0.4446324786324787,1.0
c06,raw,8,32,10_percent,1,58500,44443,0,11954,116,65,0,0.7597094017094017,0.2402905982905983,1.367939918126135
c06,raw,8,32,10_percent,2,58500,48343,0,15854,130,109,0,0.8263760683760684,0.17362393162393164,1.4879805472621503
c06,raw,8,64,any,0,15600,11602,1950,0,130,0,0,0.7437179487179487,0.2562820512820513,1.0
c06,raw,8,64,any,1,15600,13519,1950,1917,133,132,3,0.8666025641025641,0.1333974358974359,1.1652301327357353
c06,raw,8,64,any,2,15600,13829,1950,2227,133,133,131,0.886474358974359,0.113525641025641,1.1919496638510603
c06,raw,8,64,1_percent,0,15600,11058,1950,0,117,0,0,0.7088461538461538,0.2911538461538462,1.0
c06,raw,8,64,1_percent,1,15600,13257,1950,2199,133,128,0,0.8498076923076923,0.15019230769230774,1.1988605534454693
c06,raw,8,64,1_percent,2,15600,13810,1950,2752,133,133,126,0.8852564102564102,0.11474358974358978,1.2488695966720926
c06,raw,8,64,5_percent,0,15600,10118,1950,0,82,0,0,0.6485897435897436,0.35141025641025636,1.0
c06,raw,8,64,5_percent,1,15600,12814,1950,2696,130,108,0,0.8214102564102564,0.17858974358974355,1.266455821308559
c06,raw,8,64,5_percent,2,15600,13676,1950,3558,133,130,106,0.8766666666666667,0.1233333333333333,1.3516505238189365
c06,raw,8,64,10_percent,0,15600,9048,1950,0,59,0,0,0.58,0.42000000000000004,1.0
c06,raw,8,64,10_percent,1,15600,12160,1950,3112,115,84,0,0.7794871794871795,0.2205128205128205,1.34394341290893
c06,raw,8,64,10_percent,2,15600,13327,1950,4279,131,115,82,0.8542948717948718,0.14570512820512815,1.4729221927497789
c06,raw,16,8,any,0,936000,404987,0,0,0,0,0,0.4326784188034188,0.5673215811965813,1.0
c06,raw,16,8,any,1,936000,569048,0,164061,12,0,0,0.607957264957265,0.392042735042735,1.4051018921595013
c06,raw,16,8,any,2,936000,646495,0,241508,104,0,0,0.6906997863247863,0.30930021367521365,1.596335191006131
c06,raw,16,8,1_percent,0,936000,404987,0,0,0,0,0,0.4326784188034188,0.5673215811965813,1.0
c06,raw,16,8,1_percent,1,936000,569048,0,164061,12,0,0,0.607957264957265,0.392042735042735,1.4051018921595013
c06,raw,16,8,1_percent,2,936000,646495,0,241508,104,0,0,0.6906997863247863,0.30930021367521365,1.596335191006131
c06,raw,16,8,5_percent,0,936000,366121,0,0,0,0,0,0.3911549145299145,0.6088450854700855,1.0
c06,raw,16,8,5_percent,1,936000,547263,0,181142,4,0,0,0.5846826923076923,0.4153173076923077,1.4947599290944797
c06,raw,16,8,5_percent,2,936000,630779,0,264658,88,0,0,0.6739091880341881,0.3260908119658119,1.7228703079036711
c06,raw,16,8,10_percent,0,936000,337013,0,0,0,0,0,0.3600566239316239,0.6399433760683761,1.0
c06,raw,16,8,10_percent,1,936000,529751,0,192738,0,0,0,0.5659732905982906,0.4340267094017094,1.5719007872099888
c06,raw,16,8,10_percent,2,936000,617658,0,280645,80,0,0,0.6598910256410256,0.34010897435897436,1.832742357119755
c06,raw,16,16,any,0,234000,127472,0,0,0,0,0,0.5447521367521367,0.45524786324786326,1.0
c06,raw,16,16,any,1,234000,168299,0,40827,121,0,0,0.7192264957264958,0.2807735042735042,1.3202821011673151
c06,raw,16,16,any,2,234000,184054,0,56582,130,57,0,0.7865555555555556,0.21344444444444444,1.4438778712187774
c06,raw,16,16,1_percent,0,234000,123211,0,0,0,0,0,0.5265427350427351,0.4734572649572649,1.0
c06,raw,16,16,1_percent,1,234000,166169,0,42958,115,0,0,0.7101239316239316,0.2898760683760684,1.3486539351194293
c06,raw,16,16,1_percent,2,234000,182740,0,59529,129,49,0,0.780940170940171,0.21905982905982901,1.4831467969580638
c06,raw,16,16,5_percent,0,234000,111343,0,0,0,0,0,0.4758247863247863,0.5241752136752137,1.0
c06,raw,16,16,5_percent,1,234000,160007,0,48664,97,0,0,0.6837905982905983,0.3162094017094017,1.4370638477497464
c06,raw,16,16,5_percent,2,234000,179106,0,67763,127,27,0,0.7654102564102564,0.2345897435897436,1.6085968583566097
c06,raw,16,16,10_percent,0,234000,98383,0,0,0,0,0,0.42044017094017094,0.5795598290598291,1.0
c06,raw,16,16,10_percent,1,234000,150902,0,52519,81,0,0,0.6448803418803419,0.35511965811965807,1.5338219001250215
c06,raw,16,16,10_percent,2,234000,172571,0,74188,109,20,0,0.737482905982906,0.262517094017094,1.7540733663336145
c06,raw,16,32,any,0,58500,38409,0,0,73,0,0,0.6565641025641026,0.3434358974358974,1.0
c06,raw,16,32,any,1,58500,47132,0,8723,131,117,0,0.8056752136752137,0.19432478632478634,1.2271082298419642
c06,raw,16,32,any,2,58500,50283,0,11874,133,130,0,0.8595384615384616,0.14046153846153842,1.309146293837382
c06,raw,16,32,1_percent,0,58500,36231,0,0,44,0,0,0.6193333333333333,0.3806666666666667,1.0
c06,raw,16,32,1_percent,1,58500,46400,0,10169,130,90,0,0.7931623931623931,0.20683760683760688,1.2806712483784604
c06,raw,16,32,1_percent,2,58500,49809,0,13578,133,126,0,0.8514358974358974,0.14856410256410257,1.3747619441914383
c06,raw,16,32,5_percent,0,58500,31944,0,0,4,0,0,0.5460512820512821,0.45394871794871794,1.0
c06,raw,16,32,5_percent,1,58500,44377,0,12433,119,63,0,0.7585811965811966,0.2414188034188034,1.3892123716503881
c06,raw,16,32,5_percent,2,58500,48354,0,16410,130,110,0,0.8265641025641025,0.1734358974358975,1.5137114951164539
c06,raw,16,32,10_percent,0,58500,27197,0,0,0,0,0,0.4649059829059829,0.535094017094017,1.0
c06,raw,16,32,10_percent,1,58500,41372,0,14175,97,42,0,0.7072136752136752,0.2927863247863248,1.5211971908666397
c06,raw,16,32,10_percent,2,58500,45956,0,18759,118,88,0,0.7855726495726496,0.2144273504273504,1.6897451924844653
c06,raw,16,64,any,0,15600,11268,1950,0,125,0,0,0.7223076923076923,0.2776923076923077,1.0
c06,raw,16,64,any,1,15600,13339,1950,2071,133,130,0,0.8550641025641026,0.1449358974358974,1.1837948171813986
c06,raw,16,64,any,2,15600,13816,1950,2548,133,133,128,0.8856410256410256,0.11435897435897435,1.2261270855520057
c06,raw,16,64,1_percent,0,15600,10594,1950,0,94,0,0,0.6791025641025641,0.3208974358974359,1.0
c06,raw,16,64,1_percent,1,15600,13070,1950,2476,131,118,0,0.8378205128205128,0.16217948717948716,1.2337171984141968
c06,raw,16,64,1_percent,2,15600,13764,1950,3170,133,131,114,0.8823076923076923,0.11769230769230765,1.2992259769680952
c06,raw,16,64,5_percent,0,15600,9133,1950,0,58,0,0,0.585448717948718,0.414551282051282,1.0
c06,raw,16,64,5_percent,1,15600,12263,1950,3130,120,87,0,0.7860897435897436,0.2139102564102564,1.3427132377094055
c06,raw,16,64,5_percent,2,15600,13371,1950,4238,130,121,82,0.8571153846153846,0.1428846153846154,1.4640315339975911
c06,raw,16,64,10_percent,0,15600,7588,1950,0,23,0,0,0.4864102564102564,0.5135897435897436,1.0
c06,raw,16,64,10_percent,1,15600,11262,1950,3674,92,66,0,0.7219230769230769,0.2780769230769231,1.4841855561412758
c06,raw,16,64,10_percent,2,15600,12774,1950,5186,127,96,49,0.8188461538461539,0.1811538461538461,1.683447548761202
c06,translation_compensated,0,8,any,0,936000,821884,0,0,133,132,5,0.8780811965811965,0.12191880341880346,1.0
c06,translation_compensated,0,8,any,1,936000,829015,0,7131,133,133,102,0.8856997863247863,0.1143002136752137,1.0086764068895366
c06,translation_compensated,0,8,any,2,936000,829616,0,7732,133,133,126,0.8863418803418803,0.11365811965811967,1.0094076536348195
c06,translation_compensated,0,8,1_percent,0,936000,821884,0,0,133,132,5,0.8780811965811965,0.12191880341880346,1.0
c06,translation_compensated,0,8,1_percent,1,936000,829015,0,7131,133,133,102,0.8856997863247863,0.1143002136752137,1.0086764068895366
c06,translation_compensated,0,8,1_percent,2,936000,829616,0,7732,133,133,126,0.8863418803418803,0.11365811965811967,1.0094076536348195
c06,translation_compensated,0,8,5_percent,0,936000,815365,0,0,133,129,0,0.871116452991453,0.12888354700854698,1.0
c06,translation_compensated,0,8,5_percent,1,936000,828595,0,13230,133,133,85,0.8852510683760684,0.11474893162393163,1.016225862037247
c06,translation_compensated,0,8,5_percent,2,936000,829582,0,14217,133,133,125,0.8863055555555556,0.11369444444444443,1.017436362855899
c06,translation_compensated,0,8,10_percent,0,936000,806004,0,0,133,123,0,0.8611153846153846,0.13888461538461538,1.0
c06,translation_compensated,0,8,10_percent,1,936000,827752,0,21748,133,133,76,0.8843504273504273,0.11564957264957265,1.0269824963647822
c06,translation_compensated,0,8,10_percent,2,936000,829382,0,23378,133,133,116,0.8860918803418804,0.11390811965811964,1.029004818834646
c06,translation_compensated,0,16,any,0,234000,206932,0,0,133,133,96,0.8843247863247863,0.11567521367521372,1.0
c06,translation_compensated,0,16,any,1,234000,207422,0,490,133,133,129,0.8864188034188034,0.11358119658119659,1.0023679276283997
c06,translation_compensated,0,16,any,2,234000,207461,0,529,133,133,131,0.8865854700854701,0.11341452991452994,1.0025563953375989
c06,translation_compensated,0,16,1_percent,0,234000,206772,0,0,133,133,87,0.8836410256410256,0.11635897435897435,1.0
c06,translation_compensated,0,16,1_percent,1,234000,207418,0,646,133,133,129,0.8864017094017094,0.11359829059829063,1.0031242141102277
c06,translation_compensated,0,16,1_percent,2,234000,207459,0,687,133,133,131,0.886576923076923,0.11342307692307696,1.0033225001450874
c06,translation_compensated,0,16,5_percent,0,234000,205948,0,0,133,133,61,0.8801196581196581,0.11988034188034191,1.0
c06,translation_compensated,0,16,5_percent,1,234000,207373,0,1425,133,133,121,0.8862094017094017,0.11379059829059834,1.0069192223279664
c06,translation_compensated,0,16,5_percent,2,234000,207451,0,1503,133,133,131,0.8865427350427351,0.11345726495726494,1.0072979587080233
c06,translation_compensated,0,16,10_percent,0,234000,204603,0,0,133,129,36,0.8743717948717948,0.12562820512820516,1.0
c06,translation_compensated,0,16,10_percent,1,234000,207131,0,2528,133,133,110,0.8851752136752137,0.11482478632478632,1.0123556350591145
c06,translation_compensated,0,16,10_percent,2,234000,207375,0,2772,133,133,124,0.8862179487179487,0.11378205128205132,1.0135481884429847
c06,translation_compensated,0,32,any,0,58500,51844,0,0,133,133,128,0.8862222222222222,0.11377777777777776,1.0
c06,translation_compensated,0,32,any,1,58500,51867,0,23,133,133,131,0.8866153846153846,0.11338461538461542,1.0004436386081321
c06,translation_compensated,0,32,any,2,58500,51870,0,26,133,133,133,0.8866666666666667,0.11333333333333329,1.0005015045135406
c06,translation_compensated,0,32,1_percent,0,58500,51830,0,0,133,133,125,0.885982905982906,0.11401709401709403,1.0
c06,translation_compensated,0,32,1_percent,1,58500,51867,0,37,133,133,131,0.8866153846153846,0.11338461538461542,1.0007138722747444
c06,translation_compensated,0,32,1_percent,2,58500,51870,0,40,133,133,133,0.8866666666666667,0.11333333333333329,1.0007717538105345
c06,translation_compensated,0,32,5_percent,0,58500,51687,0,0,133,133,107,0.8835384615384615,0.1164615384615385,1.0
c06,translation_compensated,0,32,5_percent,1,58500,51843,0,156,133,133,127,0.8862051282051282,0.1137948717948718,1.0030181670439375
c06,translation_compensated,0,32,5_percent,2,58500,51863,0,176,133,133,129,0.8865470085470085,0.11345299145299148,1.0034051115367502
c06,translation_compensated,0,32,10_percent,0,58500,51427,0,0,133,132,92,0.8790940170940171,0.12090598290598287,1.0
c06,translation_compensated,0,32,10_percent,1,58500,51798,0,371,133,133,118,0.8854358974358975,0.11456410256410254,1.007214109320007
c06,translation_compensated,0,32,10_percent,2,58500,51852,0,425,133,133,125,0.8863589743589744,0.11364102564102563,1.0082641414043207
c06,translation_compensated,0,64,any,0,15600,13829,1950,0,133,133,131,0.886474358974359,0.113525641025641,1.0
c06,translation_compensated,0,64,any,1,15600,13832,1950,3,133,133,133,0.8866666666666667,0.11333333333333329,1.000216935425555
c06,translation_compensated,0,64,any,2,15600,13832,1950,3,133,133,133,0.8866666666666667,0.11333333333333329,1.000216935425555
c06,translation_compensated,0,64,1_percent,0,15600,13829,1950,0,133,133,131,0.886474358974359,0.113525641025641,1.0
c06,translation_compensated,0,64,1_percent,1,15600,13832,1950,3,133,133,133,0.8866666666666667,0.11333333333333329,1.000216935425555
c06,translation_compensated,0,64,1_percent,2,15600,13832,1950,3,133,133,133,0.8866666666666667,0.11333333333333329,1.000216935425555
c06,translation_compensated,0,64,5_percent,0,15600,13797,1950,0,133,133,121,0.884423076923077,0.11557692307692302,1.0
c06,translation_compensated,0,64,5_percent,1,15600,13830,1950,33,133,133,131,0.8865384615384615,0.1134615384615385,1.0023918243096326
c06,translation_compensated,0,64,5_percent,2,15600,13832,1950,35,133,133,133,0.8866666666666667,0.11333333333333329,1.0025367833587011
c06,translation_compensated,0,64,10_percent,0,15600,13745,1950,0,133,133,110,0.8810897435897436,0.11891025641025643,1.0
c06,translation_compensated,0,64,10_percent,1,15600,13825,1950,80,133,133,127,0.8862179487179487,0.11378205128205132,1.0058202982902873
c06,translation_compensated,0,64,10_percent,2,15600,13832,1950,87,133,133,133,0.8866666666666667,0.11333333333333329,1.0063295743906875
c06,translation_compensated,1,8,any,0,936000,764912,0,0,132,102,0,0.8172136752136752,0.18278632478632484,1.0
c06,translation_compensated,1,8,any,1,936000,824083,0,59171,133,133,7,0.8804305555555556,0.1195694444444444,1.0773566109565544
c06,translation_compensated,1,8,any,2,936000,828858,0,63946,133,133,78,0.8855320512820513,0.11446794871794874,1.0835991591189575
c06,translation_compensated,1,8,1_percent,0,936000,764912,0,0,132,102,0,0.8172136752136752,0.18278632478632484,1.0
c06,translation_compensated,1,8,1_percent,1,936000,824083,0,59171,133,133,7,0.8804305555555556,0.1195694444444444,1.0773566109565544
c06,translation_compensated,1,8,1_percent,2,936000,828858,0,63946,133,133,78,0.8855320512820513,0.11446794871794874,1.0835991591189575
c06,translation_compensated,1,8,5_percent,0,936000,696174,0,0,115,24,0,0.743775641025641,0.256224358974359,1.0
c06,translation_compensated,1,8,5_percent,1,936000,796614,0,100440,133,124,0,0.8510833333333333,0.1489166666666667,1.1442742762585216
c06,translation_compensated,1,8,5_percent,2,936000,817685,0,121511,133,133,1,0.8735950854700855,0.12640491452991454,1.1745411348312347
c06,translation_compensated,1,8,10_percent,0,936000,651101,0,0,102,1,0,0.6956207264957265,0.3043792735042735,1.0
c06,translation_compensated,1,8,10_percent,1,936000,771944,0,120843,133,106,0,0.8247264957264957,0.1752735042735043,1.1855979333467466
c06,translation_compensated,1,8,10_percent,2,936000,803099,0,151998,133,131,0,0.8580117521367522,0.14198824786324782,1.2334476525147404
c06,translation_compensated,1,16,any,0,234000,203463,0,0,133,132,1,0.8695,0.13049999999999995,1.0
c06,translation_compensated,1,16,any,1,234000,207354,0,3891,133,133,115,0.8861282051282051,0.11387179487179488,1.0191238701877
c06,translation_compensated,1,16,any,2,234000,207458,0,3995,133,133,131,0.8865726495726496,0.11342735042735042,1.0196350196350197
c06,translation_compensated,1,16,1_percent,0,234000,198812,0,0,133,122,0,0.8496239316239316,0.15037606837606843,1.0
c06,translation_compensated,1,16,1_percent,1,234000,206821,0,8009,133,133,71,0.8838504273504274,0.1161495726495726,1.0402842886747279
c06,translation_compensated,1,16,1_percent,2,234000,207388,0,8576,133,133,120,0.8862735042735043,0.11372649572649574,1.0431362292014565
c06,translation_compensated,1,16,5_percent,0,234000,184692,0,0,129,75,0,0.7892820512820513,0.2107179487179487,1.0
c06,translation_compensated,1,16,5_percent,1,234000,202128,0,17436,133,132,0,0.8637948717948718,0.1362051282051282,1.0944058215840426
c06,translation_compensated,1,16,5_percent,2,234000,206298,0,21606,133,133,49,0.8816153846153846,0.11838461538461542,1.116983951660061
c06,translation_compensated,1,16,10_percent,0,234000,172372,0,0,111,14,0,0.7366324786324786,0.2633675213675214,1.0
c06,translation_compensated,1,16,10_percent,1,234000,196157,0,23785,133,120,0,0.8382777777777778,0.1617222222222222,1.1379864479149746
c06,translation_compensated,1,16,10_percent,2,234000,203687,0,31315,133,133,5,0.8704572649572649,0.12954273504273506,1.1816710370593833
c06,translation_compensated,1,32,any,0,58500,51761,0,0,133,133,102,0.8848034188034188,0.11519658119658116,1.0
c06,translation_compensated,1,32,any,1,58500,51867,0,106,133,133,131,0.8866153846153846,0.11338461538461542,1.00204787388188
c06,translation_compensated,1,32,any,2,58500,51870,0,109,133,133,133,0.8866666666666667,0.11333333333333329,1.0021058325766503
c06,translation_compensated,1,32,1_percent,0,58500,50742,0,0,133,131,9,0.8673846153846154,0.13261538461538458,1.0
c06,translation_compensated,1,32,1_percent,1,58500,51837,0,1095,133,133,123,0.886102564102564,0.11389743589743595,1.0215797564148044
c06,translation_compensated,1,32,1_percent,2,58500,51864,0,1122,133,133,130,0.8865641025641026,0.11343589743589744,1.022111859997635
c06,translation_compensated,1,32,5_percent,0,58500,47687,0,0,132,102,0,0.8151623931623931,0.18483760683760686,1.0
c06,translation_compensated,1,32,5_percent,1,58500,51366,0,3679,133,133,64,0.878051282051282,0.12194871794871798,1.0771489085075596
c06,translation_compensated,1,32,5_percent,2,58500,51782,0,4095,133,133,100,0.8851623931623932,0.1148376068376068,1.0858724599995806
c06,translation_compensated,1,32,10_percent,0,58500,44915,0,0,125,51,0,0.7677777777777778,0.23222222222222222,1.0
c06,translation_compensated,1,32,10_percent,1,58500,50389,0,5474,133,130,15,0.8613504273504273,0.13864957264957267,1.1218746521206724
c06,translation_compensated,1,32,10_percent,2,58500,51527,0,6612,133,133,57,0.8808034188034188,0.11919658119658116,1.1472113993098074
c06,translation_compensated,1,64,any,0,15600,13828,1950,0,133,133,130,0.8864102564102564,0.11358974358974361,1.0
c06,translation_compensated,1,64,any,1,15600,13832,1950,4,133,133,133,0.8866666666666667,0.11333333333333329,1.0002892681515765
c06,translation_compensated,1,64,any,2,15600,13832,1950,4,133,133,133,0.8866666666666667,0.11333333333333329,1.0002892681515765
c06,translation_compensated,1,64,1_percent,0,15600,13674,1950,0,133,133,83,0.8765384615384615,0.12346153846153851,1.0
c06,translation_compensated,1,64,1_percent,1,15600,13828,1950,154,133,133,129,0.8864102564102564,0.11358974358974361,1.0112622495246453
c06,translation_compensated,1,64,1_percent,2,15600,13832,1950,158,133,133,133,0.8866666666666667,0.11333333333333329,1.0115547754863243
c06,translation_compensated,1,64,5_percent,0,15600,12917,1950,0,132,105,4,0.8280128205128205,0.17198717948717945,1.0
c06,translation_compensated,1,64,5_percent,1,15600,13766,1950,849,133,133,90,0.8824358974358975,0.11756410256410255,1.0657273360687467
c06,translation_compensated,1,64,5_percent,2,15600,13832,1950,915,133,133,133,0.8866666666666667,0.11333333333333329,1.0708368816288611
c06,translation_compensated,1,64,10_percent,0,15600,12194,1950,0,130,61,0,0.7816666666666666,0.21833333333333338,1.0
c06,translation_compensated,1,64,10_percent,1,15600,13614,1950,1420,133,131,48,0.8726923076923077,0.12730769230769234,1.1164507134656387
c06,translation_compensated,1,64,10_percent,2,15600,13826,1950,1632,133,133,131,0.8862820512820513,0.11371794871794871,1.1338363129407905
c06,translation_compensated,2,8,any,0,936000,655382,0,0,104,0,0,0.7001944444444445,0.29980555555555555,1.0
c06,translation_compensated,2,8,any,1,936000,780473,0,125091,133,115,0,0.8338386752136752,0.16616132478632484,1.1908673109728372
c06,translation_compensated,2,8,any,2,936000,811086,0,155704,133,133,0,0.8665448717948718,0.13345512820512817,1.2375774739007175
c06,translation_compensated,2,8,1_percent,0,936000,655382,0,0,104,0,0,0.7001944444444445,0.29980555555555555,1.0
c06,translation_compensated,2,8,1_percent,1,936000,780473,0,125091,133,115,0,0.8338386752136752,0.16616132478632484,1.1908673109728372
c06,translation_compensated,2,8,1_percent,2,936000,811086,0,155704,133,133,0,0.8665448717948718,0.13345512820512817,1.2375774739007175
c06,translation_compensated,2,8,5_percent,0,936000,575527,0,0,48,0,0,0.6148792735042735,0.3851207264957265,1.0
c06,translation_compensated,2,8,5_percent,1,936000,712801,0,137274,122,37,0,0.7615395299145299,0.2384604700854701,1.238518783653938
c06,translation_compensated,2,8,5_percent,2,936000,762970,0,187443,133,101,0,0.8151388888888889,0.18486111111111114,1.325689324740629
c06,translation_compensated,2,8,10_percent,0,936000,537697,0,0,10,0,0,0.5744626068376069,0.42553739316239314,1.0
c06,translation_compensated,2,8,10_percent,1,936000,679483,0,141786,109,1,0,0.7259433760683761,0.2740566239316239,1.263691261063387
c06,translation_compensated,2,8,10_percent,2,936000,735639,0,197942,131,70,0,0.7859391025641026,0.2140608974358974,1.3681292623912724
c06,translation_compensated,2,16,any,0,234000,186268,0,0,131,80,0,0.796017094017094,0.20398290598290603,1.0
c06,translation_compensated,2,16,any,1,234000,204594,0,18326,133,133,4,0.8743333333333333,0.1256666666666667,1.0983851225116499
c06,translation_compensated,2,16,any,2,234000,207048,0,20780,133,133,84,0.8848205128205128,0.11517948717948723,1.1115596881912084
c06,translation_compensated,2,16,1_percent,0,234000,175289,0,0,117,22,0,0.7490982905982906,0.2509017094017094,1.0
c06,translation_compensated,2,16,1_percent,1,234000,199136,0,23847,133,125,0,0.851008547008547,0.148991452991453,1.1360439046374844
c06,translation_compensated,2,16,1_percent,2,234000,205063,0,29774,133,133,29,0.8763376068376069,0.12366239316239314,1.1698566367541603
c06,translation_compensated,2,16,5_percent,0,234000,157083,0,0,88,0,0,0.6712948717948718,0.3287051282051282,1.0
c06,translation_compensated,2,16,5_percent,1,234000,186655,0,29572,132,83,0,0.7976709401709402,0.2023290598290598,1.1882571634104264
c06,translation_compensated,2,16,5_percent,2,234000,197400,0,40317,133,122,0,0.8435897435897436,0.1564102564102564,1.2566604915872501
c06,translation_compensated,2,16,10_percent,0,234000,146443,0,0,53,0,0,0.6258247863247863,0.37417521367521367,1.0
c06,translation_compensated,2,16,10_percent,1,234000,179735,0,33292,130,38,0,0.7680982905982906,0.2319017094017094,1.2273375989292763
c06,translation_compensated,2,16,10_percent,2,234000,191873,0,45430,133,102,0,0.8199700854700854,0.18002991452991457,1.3102230902125742
c06,translation_compensated,2,32,any,0,58500,50130,0,0,133,129,1,0.8569230769230769,0.1430769230769231,1.0
c06,translation_compensated,2,32,any,1,58500,51820,0,1690,133,133,111,0.8858119658119659,0.11418803418803414,1.0337123478954717
c06,translation_compensated,2,32,any,2,58500,51864,0,1734,133,133,130,0.8865641025641026,0.11343589743589744,1.034590065828845
c06,translation_compensated,2,32,1_percent,0,58500,46128,0,0,131,75,0,0.7885128205128206,0.21148717948717943,1.0
c06,translation_compensated,2,32,1_percent,1,58500,50912,0,4784,133,133,18,0.8702905982905983,0.1297094017094017,1.1037114117238986
c06,translation_compensated,2,32,1_percent,2,58500,51670,0,5542,133,133,72,0.8832478632478632,0.1167521367521368,1.120143947277142
c06,translation_compensated,2,32,5_percent,0,58500,41962,0,0,108,3,0,0.7172991452991453,0.2827008547008547,1.0
c06,translation_compensated,2,32,5_percent,1,58500,48960,0,6998,133,126,0,0.8369230769230769,0.16307692307692312,1.1667699347028264
c06,translation_compensated,2,32,5_percent,2,58500,51065,0,9103,133,133,28,0.8729059829059829,0.12709401709401713,1.216934369191173
c06,translation_compensated,2,32,10_percent,0,58500,39549,0,0,91,0,0,0.6760512820512821,0.32394871794871793,1.0
c06,translation_compensated,2,32,10_percent,1,58500,48070,0,8521,131,112,0,0.8217094017094017,0.17829059829059835,1.2154542466307618
c06,translation_compensated,2,32,10_percent,2,58500,50611,0,11062,133,130,27,0.8651452991452991,0.13485470085470086,1.2797036587524337
c06,translation_compensated,2,64,any,0,15600,13697,1950,0,133,133,66,0.8780128205128205,0.12198717948717952,1.0
c06,translation_compensated,2,64,any,1,15600,13831,1950,134,133,133,132,0.8866025641025641,0.1133974358974359,1.0097831641965394
c06,translation_compensated,2,64,any,2,15600,13832,1950,135,133,133,133,0.8866666666666667,0.11333333333333329,1.0098561728845732
c06,translation_compensated,2,64,1_percent,0,15600,12630,1950,0,132,90,0,0.8096153846153846,0.19038461538461537,1.0
c06,translation_compensated,2,64,1_percent,1,15600,13744,1950,1114,133,133,72,0.8810256410256411,0.11897435897435893,1.088202692003167
c06,translation_compensated,2,64,1_percent,2,15600,13832,1950,1202,133,133,133,0.8866666666666667,0.11333333333333329,1.095170229612035
c06,translation_compensated,2,64,5_percent,0,15600,11669,1950,0,126,28,0,0.7480128205128205,0.2519871794871795,1.0
c06,translation_compensated,2,64,5_percent,1,15600,13444,1950,1775,133,130,31,0.8617948717948718,0.1382051282051282,1.152112434655926
c06,translation_compensated,2,64,5_percent,2,15600,13823,1950,2154,133,133,130,0.8860897435897436,0.11391025641025643,1.184591653097952
c06,translation_compensated,2,64,10_percent,0,15600,11036,1950,0,100,13,0,0.7074358974358974,0.2925641025641026,1.0
c06,translation_compensated,2,64,10_percent,1,15600,13252,1950,2216,133,126,27,0.8494871794871794,0.15051282051282056,1.2007973903588256
c06,translation_compensated,2,64,10_percent,2,15600,13805,1950,2769,133,133,128,0.8849358974358974,0.1150641025641026,1.2509061254077565
c06,translation_compensated,4,8,any,0,936000,525718,0,0,0,0,0,0.5616645299145299,0.43833547008547014,1.0
c06,translation_compensated,4,8,any,1,936000,666615,0,140897,111,0,0,0.7121955128205129,0.28780448717948715,1.2680087042863284
c06,translation_compensated,4,8,any,2,936000,733020,0,207302,132,59,0,0.7831410256410256,0.2168589743589744,1.3943216705534145
c06,translation_compensated,4,8,1_percent,0,936000,525718,0,0,0,0,0,0.5616645299145299,0.43833547008547014,1.0
c06,translation_compensated,4,8,1_percent,1,936000,666615,0,140897,111,0,0,0.7121955128205129,0.28780448717948715,1.2680087042863284
c06,translation_compensated,4,8,1_percent,2,936000,733020,0,207302,132,59,0,0.7831410256410256,0.2168589743589744,1.3943216705534145
c06,translation_compensated,4,8,5_percent,0,936000,482779,0,0,0,0,0,0.5157895299145299,0.48421047008547013,1.0
c06,translation_compensated,4,8,5_percent,1,936000,626101,0,143322,85,0,0,0.6689113247863248,0.33108867521367524,1.296868753611901
c06,translation_compensated,4,8,5_percent,2,936000,691025,0,208246,130,1,0,0.7382745726495726,0.26172542735042736,1.4313485052166726
c06,translation_compensated,4,8,10_percent,0,936000,458596,0,0,0,0,0,0.4899529914529914,0.5100470085470086,1.0
c06,translation_compensated,4,8,10_percent,1,936000,612792,0,154196,70,0,0,0.6546923076923077,0.3453076923076923,1.3362349431743845
c06,translation_compensated,4,8,10_percent,2,936000,679185,0,220589,125,0,0,0.725625,0.27437500000000004,1.4810094287782711
c06,translation_compensated,4,16,any,0,234000,154023,0,0,73,0,0,0.6582179487179487,0.3417820512820513,1.0
c06,translation_compensated,4,16,any,1,234000,188932,0,34909,133,90,0,0.8074017094017094,0.1925982905982906,1.2266479681605993
c06,translation_compensated,4,16,any,2,234000,200471,0,46448,133,130,0,0.8567136752136753,0.14328632478632475,1.3015653506294516
c06,translation_compensated,4,16,1_percent,0,234000,147287,0,0,41,0,0,0.6294316239316239,0.3705683760683761,1.0
c06,translation_compensated,4,16,1_percent,1,234000,181682,0,34395,132,44,0,0.7764188034188034,0.22358119658119657,1.2335236646818797
c06,translation_compensated,4,16,1_percent,2,234000,195200,0,47913,133,116,0,0.8341880341880342,0.16581196581196578,1.3253036588429392
c06,translation_compensated,4,16,5_percent,0,234000,137573,0,0,7,0,0,0.5879188034188034,0.4120811965811966,1.0
c06,translation_compensated,4,16,5_percent,1,234000,174545,0,36972,130,11,0,0.7459188034188035,0.25408119658119654,1.2687445937793027
c06,translation_compensated,4,16,5_percent,2,234000,188771,0,51198,131,85,0,0.8067136752136752,0.1932863247863248,1.3721515122880217
c06,translation_compensated,4,16,10_percent,0,234000,129771,0,0,0,0,0,0.5545769230769231,0.4454230769230769,1.0
c06,translation_compensated,4,16,10_percent,1,234000,171146,0,41375,124,8,0,0.7313931623931624,0.26860683760683757,1.3188308635981845
c06,translation_compensated,4,16,10_percent,2,234000,187000,0,57229,130,70,0,0.7991452991452992,0.2008547008547008,1.440999915235299
c06,translation_compensated,4,32,any,0,58500,44121,0,0,130,20,0,0.7542051282051282,0.2457948717948718,1.0
c06,translation_compensated,4,32,any,1,58500,50759,0,6638,133,133,9,0.8676752136752137,0.13232478632478628,1.1504498991409986
c06,translation_compensated,4,32,any,2,58500,51655,0,7534,133,133,73,0.882991452991453,0.11700854700854701,1.1707576890822964
c06,translation_compensated,4,32,1_percent,0,58500,40879,0,0,105,0,0,0.6987863247863247,0.30121367521367526,1.0
c06,translation_compensated,4,32,1_percent,1,58500,48500,0,7621,133,127,0,0.8290598290598291,0.1709401709401709,1.1864282394383425
c06,translation_compensated,4,32,1_percent,2,58500,50907,0,10028,133,132,27,0.8702051282051282,0.1297948717948718,1.2453093275275815
c06,translation_compensated,4,32,5_percent,0,58500,38514,0,0,75,0,0,0.6583589743589744,0.3416410256410256,1.0
c06,translation_compensated,4,32,5_percent,1,58500,47738,0,9224,130,106,0,0.816034188034188,0.18396581196581197,1.2394973256478163
c06,translation_compensated,4,32,5_percent,2,58500,50455,0,11941,133,129,24,0.8624786324786324,0.13752136752136757,1.3100431012099496
c06,translation_compensated,4,32,10_percent,0,58500,36069,0,0,55,0,0,0.6165641025641025,0.38343589743589745,1.0
c06,translation_compensated,4,32,10_percent,1,58500,46815,0,10746,127,85,0,0.8002564102564103,0.19974358974358974,1.2979289694751726
c06,translation_compensated,4,32,10_percent,2,58500,49852,0,13783,132,125,21,0.8521709401709402,0.1478290598290598,1.3821286977737115
c06,translation_compensated,4,64,any,0,15600,12833,1950,0,133,102,1,0.8226282051282051,0.17737179487179489,1.0
c06,translation_compensated,4,64,any,1,15600,13774,1950,941,133,133,93,0.882948717948718,0.11705128205128201,1.0733265799111664
c06,translation_compensated,4,64,any,2,15600,13832,1950,999,133,133,133,0.8866666666666667,0.11333333333333329,1.0778461778228006
c06,translation_compensated,4,64,1_percent,0,15600,11662,1950,0,130,26,0,0.7475641025641026,0.25243589743589745,1.0
c06,translation_compensated,4,64,1_percent,1,15600,13475,1950,1813,133,130,30,0.8637820512820513,0.13621794871794868,1.1554621848739495
c06,translation_compensated,4,64,1_percent,2,15600,13824,1950,2162,133,133,130,0.8861538461538462,0.11384615384615382,1.185388441090722
c06,translation_compensated,4,64,5_percent,0,15600,10957,1950,0,101,14,0,0.7023717948717949,0.2976282051282051,1.0
c06,translation_compensated,4,64,5_percent,1,15600,13235,1950,2278,133,124,26,0.8483974358974359,0.15160256410256412,1.2079036232545404
c06,translation_compensated,4,64,5_percent,2,15600,13793,1950,2836,133,133,124,0.8841666666666667,0.11583333333333334,1.2588299717075841
c06,translation_compensated,4,64,10_percent,0,15600,10122,1950,0,80,4,0,0.6488461538461539,0.35115384615384615,1.0
c06,translation_compensated,4,64,10_percent,1,15600,12858,1950,2736,129,103,24,0.8242307692307692,0.1757692307692308,1.2703023117960877
c06,translation_compensated,4,64,10_percent,2,15600,13649,1950,3527,133,129,106,0.8749358974358974,0.1250641025641026,1.34844892313772
c06,translation_compensated,8,8,any,0,936000,455051,0,0,0,0,0,0.4861655982905983,0.5138344017094016,1.0
c06,translation_compensated,8,8,any,1,936000,607236,0,152185,58,0,0,0.6487564102564103,0.3512435897435897,1.3344350413470139
c06,translation_compensated,8,8,any,2,936000,677675,0,222624,129,0,0,0.7240117521367522,0.2759882478632478,1.4892286798622572
c06,translation_compensated,8,8,1_percent,0,936000,455051,0,0,0,0,0,0.4861655982905983,0.5138344017094016,1.0
c06,translation_compensated,8,8,1_percent,1,936000,607236,0,152185,58,0,0,0.6487564102564103,0.3512435897435897,1.3344350413470139
c06,translation_compensated,8,8,1_percent,2,936000,677675,0,222624,129,0,0,0.7240117521367522,0.2759882478632478,1.4892286798622572
c06,translation_compensated,8,8,5_percent,0,936000,417251,0,0,0,0,0,0.4457809829059829,0.5542190170940171,1.0
c06,translation_compensated,8,8,5_percent,1,936000,585579,0,168328,32,0,0,0.6256185897435897,0.37438141025641025,1.4034214417700617
c06,translation_compensated,8,8,5_percent,2,936000,661053,0,243802,113,0,0,0.7062532051282051,0.2937467948717949,1.5843053701489032
c06,translation_compensated,8,8,10_percent,0,936000,391399,0,0,0,0,0,0.4181613247863248,0.5818386752136753,1.0
c06,translation_compensated,8,8,10_percent,1,936000,572553,0,181154,20,0,0,0.6117019230769231,0.38829807692307694,1.462837155945723
c06,translation_compensated,8,8,10_percent,2,936000,652235,0,260836,104,0,0,0.6968322649572649,0.3031677350427351,1.6664196893706933
c06,translation_compensated,8,16,any,0,234000,138233,0,0,1,0,0,0.5907393162393162,0.4092606837606838,1.0
c06,translation_compensated,8,16,any,1,234000,175702,0,37469,130,10,0,0.7508632478632479,0.24913675213675213,1.271056838815623
c06,translation_compensated,8,16,any,2,234000,190300,0,52067,133,97,0,0.8132478632478632,0.18675213675213675,1.376661144589208
c06,translation_compensated,8,16,1_percent,0,234000,133958,0,0,0,0,0,0.5724700854700855,0.4275299145299145,1.0
c06,translation_compensated,8,16,1_percent,1,234000,172967,0,39009,129,9,0,0.7391752136752137,0.26082478632478634,1.2912032129473416
c06,translation_compensated,8,16,1_percent,2,234000,188058,0,54100,131,78,0,0.8036666666666666,0.19633333333333336,1.4038579256184773
c06,translation_compensated,8,16,5_percent,0,234000,124056,0,0,0,0,0,0.5301538461538462,0.4698461538461538,1.0
c06,translation_compensated,8,16,5_percent,1,234000,168429,0,44373,121,1,0,0.7197820512820513,0.2802179487179487,1.3576852389243568
c06,translation_compensated,8,16,5_percent,2,234000,185461,0,61405,130,63,0,0.792568376068376,0.20743162393162395,1.4949780744180048
c06,translation_compensated,8,16,10_percent,0,234000,113804,0,0,0,0,0,0.48634188034188036,0.5136581196581196,1.0
c06,translation_compensated,8,16,10_percent,1,234000,162977,0,49173,96,0,0,0.696482905982906,0.30351709401709404,1.43208498822537
c06,translation_compensated,8,16,10_percent,2,234000,182352,0,68548,127,51,0,0.7792820512820513,0.2207179487179487,1.6023338371234754
c06,translation_compensated,8,32,any,0,58500,40596,0,0,100,0,0,0.6939487179487179,0.30605128205128207,1.0
c06,translation_compensated,8,32,any,1,58500,48650,0,8054,133,126,0,0.8316239316239317,0.16837606837606833,1.1983939304364961
c06,translation_compensated,8,32,any,2,58500,50977,0,10381,133,132,28,0.8714017094017094,0.12859829059829064,1.2557148487535719
c06,translation_compensated,8,32,1_percent,0,58500,38742,0,0,74,0,0,0.6622564102564102,0.33774358974358976,1.0
c06,translation_compensated,8,32,1_percent,1,58500,47796,0,9054,131,114,0,0.817025641025641,0.18297435897435899,1.2336998606163854
c06,translation_compensated,8,32,1_percent,2,58500,50544,0,11802,133,129,25,0.864,0.136,1.3046306334210933
c06,translation_compensated,8,32,5_percent,0,58500,35574,0,0,36,0,0,0.6081025641025641,0.39189743589743586,1.0
c06,translation_compensated,8,32,5_percent,1,58500,46750,0,11176,128,86,0,0.7991452991452992,0.2008547008547008,1.3141620284477427
c06,translation_compensated,8,32,5_percent,2,58500,49863,0,14289,132,125,21,0.8523589743589743,0.14764102564102566,1.401669758812616
c06,translation_compensated,8,32,10_percent,0,58500,32003,0,0,10,0,0,0.5470598290598291,0.4529401709401709,1.0
c06,translation_compensated,8,32,10_percent,1,58500,44851,0,12848,116,65,0,0.7666837606837607,0.23331623931623935,1.4014623629034777
c06,translation_compensated,8,32,10_percent,2,58500,48579,0,16576,130,107,17,0.8304102564102565,0.16958974358974355,1.5179514420523077
c06,translation_compensated,8,64,any,0,15600,11836,1950,0,130,27,0,0.7587179487179487,0.24128205128205127,1.0
c06,translation_compensated,8,64,any,1,15600,13568,1950,1732,133,132,31,0.8697435897435898,0.13025641025641022,1.146333220682663
c06,translation_compensated,8,64,any,2,15600,13829,1950,1993,133,133,131,0.886474358974359,0.113525641025641,1.168384589388307
c06,translation_compensated,8,64,1_percent,0,15600,11258,1950,0,117,18,0,0.7216666666666667,0.2783333333333333,1.0
c06,translation_compensated,8,64,1_percent,1,15600,13338,1950,2080,133,128,27,0.855,0.14500000000000002,1.1847575057736721
c06,translation_compensated,8,64,1_percent,2,15600,13810,1950,2552,133,133,126,0.8852564102564102,0.11474358974358978,1.2266832474684668
c06,translation_compensated,8,64,5_percent,0,15600,10212,1950,0,79,5,0,0.6546153846153846,0.3453846153846154,1.0
c06,translation_compensated,8,64,5_percent,1,15600,12895,1950,2683,130,106,25,0.826602564102564,0.17339743589743595,1.2627301214257736
c06,translation_compensated,8,64,5_percent,2,15600,13669,1950,3457,133,130,104,0.8762179487179487,0.12378205128205133,1.3385233059146102
c06,translation_compensated,8,64,10_percent,0,15600,9036,1950,0,50,0,0,0.5792307692307692,0.4207692307692308,1.0
c06,translation_compensated,8,64,10_percent,1,15600,12248,1950,3212,115,82,21,0.7851282051282051,0.21487179487179486,1.3554670208056663
c06,translation_compensated,8,64,10_percent,2,15600,13319,1950,4283,131,115,80,0.8537820512820513,0.1462179487179487,1.4739929172200088
c06,translation_compensated,16,8,any,0,936000,391722,0,0,0,0,0,0.4185064102564103,0.5814935897435898,1.0
c06,translation_compensated,16,8,any,1,936000,565158,0,173436,9,0,0,0.603801282051282,0.39619871794871797,1.4427527685450396
c06,translation_compensated,16,8,any,2,936000,646433,0,254711,101,0,0,0.690633547008547,0.30936645299145304,1.650234094587488
c06,translation_compensated,16,8,1_percent,0,936000,391722,0,0,0,0,0,0.4185064102564103,0.5814935897435898,1.0
c06,translation_compensated,16,8,1_percent,1,936000,565158,0,173436,9,0,0,0.603801282051282,0.39619871794871797,1.4427527685450396
c06,translation_compensated,16,8,1_percent,2,936000,646433,0,254711,101,0,0,0.690633547008547,0.30936645299145304,1.650234094587488
c06,translation_compensated,16,8,5_percent,0,936000,350581,0,0,0,0,0,0.3745523504273504,0.6254476495726495,1.0
c06,translation_compensated,16,8,5_percent,1,936000,541970,0,191389,2,0,0,0.5790277777777778,0.4209722222222222,1.545919487935741
c06,translation_compensated,16,8,5_percent,2,936000,629425,0,278844,86,0,0,0.6724626068376068,0.32753739316239316,1.795376817340358
c06,translation_compensated,16,8,10_percent,0,936000,319956,0,0,0,0,0,0.3418333333333333,0.6581666666666667,1.0
c06,translation_compensated,16,8,10_percent,1,936000,523353,0,203397,2,0,0,0.5591378205128205,0.44086217948717954,1.635703034167198
c06,translation_compensated,16,8,10_percent,2,936000,615415,0,295459,77,0,0,0.6574946581196581,0.3425053418803419,1.923436347497781
c06,translation_compensated,16,16,any,0,234000,125741,0,0,0,0,0,0.5373547008547008,0.46264529914529917,1.0
c06,translation_compensated,16,16,any,1,234000,168672,0,42931,121,0,0,0.7208205128205128,0.27917948717948715,1.341424038300952
c06,translation_compensated,16,16,any,2,234000,185945,0,60204,130,62,0,0.7946367521367521,0.2053632478632479,1.478793710881892
c06,translation_compensated,16,16,1_percent,0,234000,121194,0,0,0,0,0,0.5179230769230769,0.48207692307692307,1.0
c06,translation_compensated,16,16,1_percent,1,234000,166358,0,45164,115,0,0,0.7109316239316239,0.2890683760683761,1.3726587124775154
c06,translation_compensated,16,16,1_percent,2,234000,184551,0,63357,129,55,0,0.7886794871794872,0.21132051282051278,1.5227734046239914
c06,translation_compensated,16,16,5_percent,0,234000,108613,0,0,0,0,0,0.46415811965811965,0.5358418803418803,1.0
c06,translation_compensated,16,16,5_percent,1,234000,159749,0,51136,94,0,0,0.6826880341880341,0.31731196581196586,1.4708092033182032
c06,translation_compensated,16,16,5_percent,2,234000,180578,0,71965,127,39,0,0.7717008547008547,0.2282991452991453,1.6625818272214192
c06,translation_compensated,16,16,10_percent,0,234000,94484,0,0,0,0,0,0.4037777777777778,0.5962222222222222,1.0
c06,translation_compensated,16,16,10_percent,1,234000,149864,0,55380,76,0,0,0.6404444444444445,0.3595555555555555,1.5861309851403411
c06,translation_compensated,16,16,10_percent,2,234000,173564,0,79080,109,33,0,0.7417264957264957,0.25827350427350426,1.836967105541679
c06,translation_compensated,16,32,any,0,58500,38410,0,0,71,0,0,0.6565811965811966,0.3434188034188034,1.0
c06,translation_compensated,16,32,any,1,58500,47699,0,9289,131,115,0,0.8153675213675213,0.18463247863247867,1.241838063004426
c06,translation_compensated,16,32,any,2,58500,50528,0,12118,133,130,25,0.8637264957264957,0.13627350427350426,1.3154907576152044
c06,translation_compensated,16,32,1_percent,0,58500,36168,0,0,36,0,0,0.6182564102564102,0.3817435897435898,1.0
c06,translation_compensated,16,32,1_percent,1,58500,46922,0,10754,130,91,0,0.80208547008547,0.19791452991452996,1.2973346604733467
c06,translation_compensated,16,32,1_percent,2,58500,50046,0,13878,133,125,19,0.8554871794871794,0.14451282051282055,1.3837093563370935
c06,translation_compensated,16,32,5_percent,0,58500,31572,0,0,6,0,0,0.5396923076923077,0.4603076923076923,1.0
c06,translation_compensated,16,32,5_percent,1,58500,44805,0,13233,119,63,0,0.7658974358974359,0.23410256410256414,1.419137210186241
c06,translation_compensated,16,32,5_percent,2,58500,48583,0,17011,130,108,13,0.8304786324786325,0.16952136752136748,1.538800202711263
c06,translation_compensated,16,32,10_percent,0,58500,26350,0,0,0,0,0,0.45042735042735044,0.5495726495726496,1.0
c06,translation_compensated,16,32,10_percent,1,58500,41565,0,15215,97,42,0,0.7105128205128205,0.2894871794871795,1.5774193548387097
c06,translation_compensated,16,32,10_percent,2,58500,46148,0,19798,118,87,8,0.7888547008547009,0.21114529914529911,1.7513472485768502
c06,translation_compensated,16,64,any,0,15600,11465,1950,0,125,22,0,0.7349358974358975,0.2650641025641025,1.0
c06,translation_compensated,16,64,any,1,15600,13420,1950,1955,133,130,27,0.8602564102564103,0.1397435897435897,1.1705189707806367
c06,translation_compensated,16,64,any,2,15600,13816,1950,2351,133,133,128,0.8856410256410256,0.11435897435897435,1.2050588748364588
c06,translation_compensated,16,64,1_percent,0,15600,10745,1950,0,94,10,0,0.6887820512820513,0.3112179487179487,1.0
c06,translation_compensated,16,64,1_percent,1,15600,13156,1950,2411,131,117,26,0.8433333333333334,0.15666666666666662,1.2243834341554212
c06,translation_compensated,16,64,1_percent,2,15600,13761,1950,3016,133,131,112,0.8821153846153846,0.11788461538461537,1.2806886924150769
c06,translation_compensated,16,64,5_percent,0,15600,9143,1950,0,51,0,0,0.5860897435897436,0.41391025641025636,1.0
c06,translation_compensated,16,64,5_percent,1,15600,12355,1950,3212,120,86,23,0.7919871794871794,0.20801282051282055,1.351307010827956
c06,translation_compensated,16,64,5_percent,2,15600,13363,1950,4220,130,121,79,0.8566025641025641,0.14339743589743592,1.4615552881986218
c06,translation_compensated,16,64,10_percent,0,15600,7384,1950,0,7,0,0,0.47333333333333333,0.5266666666666666,1.0
c06,translation_compensated,16,64,10_percent,1,15600,11341,1950,3957,92,62,15,0.7269871794871795,0.2730128205128205,1.5358884073672807
c06,translation_compensated,16,64,10_percent,2,15600,12771,1950,5387,127,96,51,0.8186538461538462,0.18134615384615382,1.7295503791982665
c07,raw,0,8,any,0,786240,602748,0,0,97,97,9,0.7666208791208792,0.23337912087912083,1.0
c07,raw,0,8,any,1,786240,605206,0,2458,97,97,87,0.769747150997151,0.23025284900284904,1.0040779894748717
c07,raw,0,8,any,2,786240,605276,0,2528,97,97,96,0.7698361823361823,0.23016381766381766,1.0041941242442944
c07,raw,0,8,1_percent,0,786240,602748,0,0,97,97,9,0.7666208791208792,0.23337912087912083,1.0
c07,raw,0,8,1_percent,1,786240,605206,0,2458,97,97,87,0.769747150997151,0.23025284900284904,1.0040779894748717
c07,raw,0,8,1_percent,2,786240,605276,0,2528,97,97,96,0.7698361823361823,0.23016381766381766,1.0041941242442944
c07,raw,0,8,5_percent,0,786240,600007,0,0,97,96,1,0.7631346662596663,0.2368653337403337,1.0
c07,raw,0,8,5_percent,1,786240,605118,0,5111,97,97,79,0.7696352258852259,0.23036477411477407,1.0085182339539371
c07,raw,0,8,5_percent,2,786240,605274,0,5267,97,97,94,0.7698336385836386,0.23016636141636138,1.0087782309206392
c07,raw,0,8,10_percent,0,786240,596100,0,0,97,96,1,0.7581654456654456,0.24183455433455436,1.0
c07,raw,0,8,10_percent,1,786240,604986,0,8886,97,97,72,0.7694673382173383,0.23053266178266174,1.014906894816306
c07,raw,0,8,10_percent,2,786240,605269,0,9169,97,97,91,0.7698272792022792,0.23017272079772078,1.0153816473746016
c07,raw,0,16,any,0,196560,151223,0,0,97,97,78,0.7693477818477819,0.23065221815221815,1.0
c07,raw,0,16,any,1,196560,151320,0,97,97,97,97,0.7698412698412699,0.23015873015873012,1.0006414368184733
c07,raw,0,16,any,2,196560,151320,0,97,97,97,97,0.7698412698412699,0.23015873015873012,1.0006414368184733
c07,raw,0,16,1_percent,0,196560,151180,0,0,97,97,72,0.7691290191290191,0.2308709808709809,1.0
c07,raw,0,16,1_percent,1,196560,151320,0,140,97,97,97,0.7698412698412699,0.23015873015873012,1.0009260484191032
c07,raw,0,16,1_percent,2,196560,151320,0,140,97,97,97,0.7698412698412699,0.23015873015873012,1.0009260484191032
c07,raw,0,16,5_percent,0,196560,150940,0,0,97,97,57,0.7679080179080179,0.23209198209198212,1.0
c07,raw,0,16,5_percent,1,196560,151319,0,379,97,97,96,0.7698361823361823,0.23016381766381766,1.0025109314959586
c07,raw,0,16,5_percent,2,196560,151320,0,380,97,97,97,0.7698412698412699,0.23015873015873012,1.0025175566450246
c07,raw,0,16,10_percent,0,196560,150493,0,0,97,97,41,0.7656339031339031,0.23436609686609688,1.0
c07,raw,0,16,10_percent,1,196560,151311,0,818,97,97,93,0.7697954822954823,0.23020451770451766,1.0054354687593443
c07,raw,0,16,10_percent,2,196560,151320,0,827,97,97,97,0.7698412698412699,0.23015873015873012,1.0054952722053518
c07,raw,0,32,any,0,49140,37830,0,0,97,97,97,0.7698412698412699,0.23015873015873012,1.0
c07,raw,0,32,any,1,49140,37830,0,0,97,97,97,0.7698412698412699,0.23015873015873012,1.0
c07,raw,0,32,any,2,49140,37830,0,0,97,97,97,0.7698412698412699,0.23015873015873012,1.0
c07,raw,0,32,1_percent,0,49140,37824,0,0,97,97,93,0.7697191697191698,0.23028083028083024,1.0
c07,raw,0,32,1_percent,1,49140,37830,0,6,97,97,97,0.7698412698412699,0.23015873015873012,1.0001586294416243
c07,raw,0,32,1_percent,2,49140,37830,0,6,97,97,97,0.7698412698412699,0.23015873015873012,1.0001586294416243
c07,raw,0,32,5_percent,0,49140,37807,0,0,97,97,88,0.7693732193732193,0.23062678062678066,1.0
c07,raw,0,32,5_percent,1,49140,37830,0,23,97,97,97,0.7698412698412699,0.23015873015873012,1.0006083529505119
c07,raw,0,32,5_percent,2,49140,37830,0,23,97,97,97,0.7698412698412699,0.23015873015873012,1.0006083529505119
c07,raw,0,32,10_percent,0,49140,37757,0,0,97,97,77,0.7683557183557184,0.23164428164428164,1.0
c07,raw,0,32,10_percent,1,49140,37830,0,73,97,97,97,0.7698412698412699,0.23015873015873012,1.0019334163201525
c07,raw,0,32,10_percent,2,49140,37830,0,73,97,97,97,0.7698412698412699,0.23015873015873012,1.0019334163201525
c07,raw,0,64,any,0,13104,10088,1638,0,97,97,97,0.7698412698412699,0.23015873015873012,1.0
c07,raw,0,64,any,1,13104,10088,1638,0,97,97,97,0.7698412698412699,0.23015873015873012,1.0
c07,raw,0,64,any,2,13104,10088,1638,0,97,97,97,0.7698412698412699,0.23015873015873012,1.0
c07,raw,0,64,1_percent,0,13104,10088,1638,0,97,97,97,0.7698412698412699,0.23015873015873012,1.0
c07,raw,0,64,1_percent,1,13104,10088,1638,0,97,97,97,0.7698412698412699,0.23015873015873012,1.0
c07,raw,0,64,1_percent,2,13104,10088,1638,0,97,97,97,0.7698412698412699,0.23015873015873012,1.0
c07,raw,0,64,5_percent,0,13104,10088,1638,0,97,97,97,0.7698412698412699,0.23015873015873012,1.0
c07,raw,0,64,5_percent,1,13104,10088,1638,0,97,97,97,0.7698412698412699,0.23015873015873012,1.0
c07,raw,0,64,5_percent,2,13104,10088,1638,0,97,97,97,0.7698412698412699,0.23015873015873012,1.0
c07,raw,0,64,10_percent,0,13104,10088,1638,0,97,97,97,0.7698412698412699,0.23015873015873012,1.0
c07,raw,0,64,10_percent,1,13104,10088,1638,0,97,97,97,0.7698412698412699,0.23015873015873012,1.0
c07,raw,0,64,10_percent,2,13104,10088,1638,0,97,97,97,0.7698412698412699,0.23015873015873012,1.0
c07,raw,1,8,any,0,786240,585198,0,0,97,95,1,0.7442994505494506,0.25570054945054943,1.0
c07,raw,1,8,any,1,786240,604711,0,19513,97,97,39,0.7691175722425723,0.23088242775742773,1.0333442698026993
c07,raw,1,8,any,2,786240,605260,0,20062,97,97,89,0.7698158323158323,0.23018416768416772,1.034282413815495
c07,raw,1,8,1_percent,0,786240,585198,0,0,97,95,1,0.7442994505494506,0.25570054945054943,1.0
c07,raw,1,8,1_percent,1,786240,604711,0,19513,97,97,39,0.7691175722425723,0.23088242775742773,1.0333442698026993
c07,raw,1,8,1_percent,2,786240,605260,0,20062,97,97,89,0.7698158323158323,0.23018416768416772,1.034282413815495
c07,raw,1,8,5_percent,0,786240,562343,0,0,96,76,1,0.7152307183557184,0.2847692816442816,1.0
c07,raw,1,8,5_percent,1,786240,602623,0,40280,97,97,12,0.7664618945868946,0.23353810541310538,1.0716288813055377
c07,raw,1,8,5_percent,2,786240,605049,0,42706,97,97,65,0.7695474664224664,0.2304525335775336,1.0759429743057174
c07,raw,1,8,10_percent,0,786240,541608,0,0,93,59,1,0.6888583638583639,0.31114163614163615,1.0
c07,raw,1,8,10_percent,1,786240,599279,0,57671,97,96,5,0.7622087403337403,0.2377912596662597,1.1064810711806325
c07,raw,1,8,10_percent,2,786240,604431,0,62823,97,97,57,0.7687614468864469,0.23123855311355312,1.1159934860637213
c07,raw,1,16,any,0,196560,150611,0,0,97,97,13,0.7662342287342288,0.23376577126577125,1.0
c07,raw,1,16,any,1,196560,151319,0,708,97,97,96,0.7698361823361823,0.23016381766381766,1.0047008518634097
c07,raw,1,16,any,2,196560,151320,0,709,97,97,97,0.7698412698412699,0.23015873015873012,1.0047074914846856
c07,raw,1,16,1_percent,0,196560,149928,0,0,97,97,6,0.7627594627594627,0.23724053724053729,1.0
c07,raw,1,16,1_percent,1,196560,151313,0,1385,97,97,91,0.7698056573056573,0.2301943426943427,1.009237767461715
c07,raw,1,16,1_percent,2,196560,151320,0,1392,97,97,97,0.7698412698412699,0.23015873015873012,1.0092844565391388
c07,raw,1,16,5_percent,0,196560,146961,0,0,97,94,1,0.7476648351648352,0.2523351648351648,1.0
c07,raw,1,16,5_percent,1,196560,151187,0,4226,97,97,71,0.7691646316646317,0.23083536833536833,1.0287559284436008
c07,raw,1,16,5_percent,2,196560,151318,0,4357,97,97,95,0.7698310948310948,0.2301689051689052,1.029647321398194
c07,raw,1,16,10_percent,0,196560,142329,0,0,96,78,1,0.7240995115995116,0.2759004884004884,1.0
c07,raw,1,16,10_percent,1,196560,150747,0,8418,97,97,52,0.7669261294261295,0.23307387057387052,1.0591446577998862
c07,raw,1,16,10_percent,2,196560,151292,0,8963,97,97,88,0.7696988196988197,0.2303011803011803,1.0629738141910643
c07,raw,1,32,any,0,49140,37826,0,0,97,97,93,0.7697598697598698,0.23024013024013024,1.0
c07,raw,1,32,any,1,49140,37830,0,4,97,97,97,0.7698412698412699,0.23015873015873012,1.0001057473695343
c07,raw,1,32,any,2,49140,37830,0,4,97,97,97,0.7698412698412699,0.23015873015873012,1.0001057473695343
c07,raw,1,32,1_percent,0,49140,37769,0,0,97,97,66,0.7685999185999186,0.2314000814000814,1.0
c07,raw,1,32,1_percent,1,49140,37830,0,61,97,97,97,0.7698412698412699,0.23015873015873012,1.0016150811512086
c07,raw,1,32,1_percent,2,49140,37830,0,61,97,97,97,0.7698412698412699,0.23015873015873012,1.0016150811512086
c07,raw,1,32,5_percent,0,49140,37432,0,0,97,96,29,0.7617419617419617,0.23825803825803826,1.0
c07,raw,1,32,5_percent,1,49140,37830,0,398,97,97,97,0.7698412698412699,0.23015873015873012,1.0106326138063688
c07,raw,1,32,5_percent,2,49140,37830,0,398,97,97,97,0.7698412698412699,0.23015873015873012,1.0106326138063688
c07,raw,1,32,10_percent,0,49140,36714,0,0,96,94,11,0.7471306471306471,0.25286935286935286,1.0
c07,raw,1,32,10_percent,1,49140,37827,0,1113,97,97,94,0.7697802197802198,0.23021978021978018,1.0303154110148718
c07,raw,1,32,10_percent,2,49140,37830,0,1116,97,97,97,0.7698412698412699,0.23015873015873012,1.030397123713025
c07,raw,1,64,any,0,13104,10088,1638,0,97,97,97,0.7698412698412699,0.23015873015873012,1.0
c07,raw,1,64,any,1,13104,10088,1638,0,97,97,97,0.7698412698412699,0.23015873015873012,1.0
c07,raw,1,64,any,2,13104,10088,1638,0,97,97,97,0.7698412698412699,0.23015873015873012,1.0
c07,raw,1,64,1_percent,0,13104,10088,1638,0,97,97,97,0.7698412698412699,0.23015873015873012,1.0
c07,raw,1,64,1_percent,1,13104,10088,1638,0,97,97,97,0.7698412698412699,0.23015873015873012,1.0
c07,raw,1,64,1_percent,2,13104,10088,1638,0,97,97,97,0.7698412698412699,0.23015873015873012,1.0
c07,raw,1,64,5_percent,0,13104,10079,1638,0,97,97,91,0.7691544566544567,0.2308455433455433,1.0
c07,raw,1,64,5_percent,1,13104,10088,1638,9,97,97,97,0.7698412698412699,0.23015873015873012,1.000892945728743
c07,raw,1,64,5_percent,2,13104,10088,1638,9,97,97,97,0.7698412698412699,0.23015873015873012,1.000892945728743
c07,raw,1,64,10_percent,0,13104,10007,1638,0,97,96,65,0.7636599511599511,0.2363400488400489,1.0
c07,raw,1,64,10_percent,1,13104,10088,1638,81,97,97,97,0.7698412698412699,0.23015873015873012,1.0080943339662236
c07,raw,1,64,10_percent,2,13104,10088,1638,81,97,97,97,0.7698412698412699,0.23015873015873012,1.0080943339662236
c07,raw,2,8,any,0,786240,545756,0,0,95,61,1,0.6941341066341067,0.3058658933658933,1.0
c07,raw,2,8,any,1,786240,598564,0,52808,97,97,1,0.7612993487993488,0.2387006512006512,1.0967611899823364
c07,raw,2,8,any,2,786240,604304,0,58548,97,97,42,0.7685999185999186,0.2314000814000814,1.1072787106325903
c07,raw,2,8,1_percent,0,786240,545756,0,0,95,61,1,0.6941341066341067,0.3058658933658933,1.0
c07,raw,2,8,1_percent,1,786240,598564,0,52808,97,97,1,0.7612993487993488,0.2387006512006512,1.0967611899823364
c07,raw,2,8,1_percent,2,786240,604304,0,58548,97,97,42,0.7685999185999186,0.2314000814000814,1.1072787106325903
c07,raw,2,8,5_percent,0,786240,505868,0,0,78,30,1,0.6434015059015059,0.3565984940984941,1.0
c07,raw,2,8,5_percent,1,786240,584994,0,79126,97,93,1,0.7440399877899878,0.2559600122100122,1.1564162983228827
c07,raw,2,8,5_percent,2,786240,599624,0,93756,97,97,9,0.7626475376475377,0.23735246235246232,1.1853368863023555
c07,raw,2,8,10_percent,0,786240,477484,0,0,69,12,0,0.6073005698005698,0.3926994301994302,1.0
c07,raw,2,8,10_percent,1,786240,575414,0,97930,96,84,1,0.7318554131054131,0.26814458689458687,1.2050958775582008
c07,raw,2,8,10_percent,2,786240,596083,0,118599,97,96,5,0.7581438237688237,0.24185617623117628,1.2483831918975294
c07,raw,2,16,any,0,196560,146750,0,0,97,95,1,0.7465913715913716,0.25340862840862843,1.0
c07,raw,2,16,any,1,196560,151224,0,4474,97,97,65,0.7693528693528694,0.2306471306471306,1.0304872231686542
c07,raw,2,16,any,2,196560,151320,0,4570,97,97,97,0.7698412698412699,0.23015873015873012,1.0311413969335606
c07,raw,2,16,1_percent,0,196560,143934,0,0,96,87,1,0.7322649572649572,0.2677350427350428,1.0
c07,raw,2,16,1_percent,1,196560,150879,0,6945,97,97,37,0.7675976800976801,0.23240231990231985,1.048251281837509
c07,raw,2,16,1_percent,2,196560,151311,0,7377,97,97,92,0.7697954822954823,0.23020451770451766,1.0512526574680061
c07,raw,2,16,5_percent,0,196560,136907,0,0,93,66,1,0.6965150590150591,0.30348494098494094,1.0
c07,raw,2,16,5_percent,1,196560,150002,0,13095,97,96,9,0.7631359381359382,0.23686406186406184,1.095648871131498
c07,raw,2,16,5_percent,2,196560,151199,0,14292,97,97,77,0.7692256817256817,0.23077431827431827,1.1043920325476417
c07,raw,2,16,10_percent,0,196560,129551,0,0,85,38,1,0.6590913715913715,0.34090862840862846,1.0
c07,raw,2,16,10_percent,1,196560,148663,0,19112,97,95,5,0.7563237688237688,0.24367623117623116,1.1475249129686378
c07,raw,2,16,10_percent,2,196560,150994,0,21443,97,97,61,0.7681827431827432,0.23181725681725684,1.1655178269561794
c07,raw,2,32,any,0,49140,37693,0,0,97,97,51,0.767053317053317,0.23294668294668297,1.0
c07,raw,2,32,any,1,49140,37830,0,137,97,97,97,0.7698412698412699,0.23015873015873012,1.0036346271190937
c07,raw,2,32,any,2,49140,37830,0,137,97,97,97,0.7698412698412699,0.23015873015873012,1.0036346271190937
c07,raw,2,32,1_percent,0,49140,37186,0,0,97,96,14,0.7567358567358567,0.24326414326414325,1.0
c07,raw,2,32,1_percent,1,49140,37830,0,644,97,97,97,0.7698412698412699,0.23015873015873012,1.0173183456139407
c07,raw,2,32,1_percent,2,49140,37830,0,644,97,97,97,0.7698412698412699,0.23015873015873012,1.0173183456139407
c07,raw,2,32,5_percent,0,49140,36096,0,0,96,87,3,0.7345543345543346,0.2654456654456654,1.0
c07,raw,2,32,5_percent,1,49140,37800,0,1704,97,97,88,0.7692307692307693,0.23076923076923073,1.0472074468085106
c07,raw,2,32,5_percent,2,49140,37830,0,1734,97,97,97,0.7698412698412699,0.23015873015873012,1.0480385638297873
c07,raw,2,32,10_percent,0,49140,34524,0,0,91,69,2,0.7025641025641025,0.2974358974358975,1.0
c07,raw,2,32,10_percent,1,49140,37728,0,3204,97,97,75,0.7677655677655678,0.2322344322344322,1.0928050052137643
c07,raw,2,32,10_percent,2,49140,37823,0,3299,97,97,95,0.7696988196988197,0.2303011803011803,1.0955567141698528
c07,raw,2,64,any,0,13104,10088,1638,0,97,97,97,0.7698412698412699,0.23015873015873012,1.0
c07,raw,2,64,any,1,13104,10088,1638,0,97,97,97,0.7698412698412699,0.23015873015873012,1.0
c07,raw,2,64,any,2,13104,10088,1638,0,97,97,97,0.7698412698412699,0.23015873015873012,1.0
c07,raw,2,64,1_percent,0,13104,10077,1638,0,97,97,89,0.7690018315018315,0.23099816849816845,1.0
c07,raw,2,64,1_percent,1,13104,10088,1638,11,97,97,97,0.7698412698412699,0.23015873015873012,1.001091594720651
c07,raw,2,64,1_percent,2,13104,10088,1638,11,97,97,97,0.7698412698412699,0.23015873015873012,1.001091594720651
c07,raw,2,64,5_percent,0,13104,9966,1638,0,97,95,54,0.7605311355311355,0.2394688644688645,1.0
c07,raw,2,64,5_percent,1,13104,10088,1638,122,97,97,97,0.7698412698412699,0.23015873015873012,1.0122416215131447
c07,raw,2,64,5_percent,2,13104,10088,1638,122,97,97,97,0.7698412698412699,0.23015873015873012,1.0122416215131447
c07,raw,2,64,10_percent,0,13104,9652,1638,0,96,88,20,0.7365689865689866,0.2634310134310134,1.0
c07,raw,2,64,10_percent,1,13104,10079,1638,427,97,97,95,0.7691544566544567,0.2308455433455433,1.0442395358474927
c07,raw,2,64,10_percent,2,13104,10088,1638,436,97,97,97,0.7698412698412699,0.23015873015873012,1.0451719850808123
c07,raw,4,8,any,0,786240,473848,0,0,67,8,0,0.6026760276760277,0.3973239723239723,1.0
c07,raw,4,8,any,1,786240,572841,0,98993,96,86,1,0.7285828754578755,0.2714171245421245,1.208912984754605
c07,raw,4,8,any,2,786240,595560,0,121712,97,96,1,0.7574786324786325,0.24252136752136755,1.2568587395114046
c07,raw,4,8,1_percent,0,786240,473848,0,0,67,8,0,0.6026760276760277,0.3973239723239723,1.0
c07,raw,4,8,1_percent,1,786240,572841,0,98993,96,86,1,0.7285828754578755,0.2714171245421245,1.208912984754605
c07,raw,4,8,1_percent,2,786240,595560,0,121712,97,96,1,0.7574786324786325,0.24252136752136755,1.2568587395114046
c07,raw,4,8,5_percent,0,786240,423959,0,0,35,2,0,0.5392233923483923,0.46077660765160766,1.0
c07,raw,4,8,5_percent,1,786240,549094,0,125135,95,64,1,0.6983796296296296,0.30162037037037037,1.2951582582278003
c07,raw,4,8,5_percent,2,786240,585304,0,161345,97,93,1,0.7444342694342694,0.2555657305657306,1.3805674605327403
c07,raw,4,8,10_percent,0,786240,394319,0,0,16,1,0,0.5015249796499797,0.49847502035002034,1.0
c07,raw,4,8,10_percent,1,786240,531429,0,137110,93,42,1,0.6759119352869353,0.3240880647130647,1.3477133995572113
c07,raw,4,8,10_percent,2,786240,576073,0,181754,97,85,1,0.7326935795685796,0.2673064204314204,1.4609313778945474
c07,raw,4,16,any,0,196560,136263,0,0,95,59,1,0.6932387057387057,0.3067612942612943,1.0
c07,raw,4,16,any,1,196560,150088,0,13825,97,97,3,0.7635734635734636,0.23642653642653644,1.1014582094919383
c07,raw,4,16,any,2,196560,151250,0,14987,97,97,79,0.7694851444851445,0.2305148555148555,1.1099858362137924
c07,raw,4,16,1_percent,0,196560,131822,0,0,90,43,1,0.6706450956450957,0.32935490435490433,1.0
c07,raw,4,16,1_percent,1,196560,149388,0,17566,97,96,2,0.76001221001221,0.23998778998779002,1.1332554505317778
c07,raw,4,16,1_percent,2,196560,151130,0,19308,97,97,69,0.7688746438746439,0.23112535612535612,1.1464702401723537
c07,raw,4,16,5_percent,0,196560,120282,0,0,70,10,1,0.611935286935287,0.388064713064713,1.0
c07,raw,4,16,5_percent,1,196560,146463,0,26181,97,93,1,0.7451312576312576,0.25486874236874235,1.217663490796628
c07,raw,4,16,5_percent,2,196560,150453,0,30171,97,97,41,0.7654304029304029,0.23456959706959712,1.2508355364892503
c07,raw,4,16,10_percent,0,196560,110473,0,0,45,2,1,0.5620319495319496,0.43796805046805043,1.0
c07,raw,4,16,10_percent,1,196560,142779,0,32306,96,81,1,0.7263888888888889,0.27361111111111114,1.2924334452762214
c07,raw,4,16,10_percent,2,196560,149502,0,39029,97,97,15,0.7605921855921856,0.23940781440781445,1.3532899441492492
c07,raw,4,32,any,0,49140,36797,0,0,97,96,2,0.7488196988196988,0.2511803011803012,1.0
c07,raw,4,32,any,1,49140,37825,0,1028,97,97,96,0.7697395197395197,0.2302604802604803,1.0279370600864202
c07,raw,4,32,any,2,49140,37830,0,1033,97,97,97,0.7698412698412699,0.23015873015873012,1.0280729407288638
c07,raw,4,32,1_percent,0,49140,35759,0,0,96,81,1,0.7276963776963777,0.27230362230362226,1.0
c07,raw,4,32,1_percent,1,49140,37783,0,2024,97,97,81,0.7688848188848189,0.23111518111518115,1.056601135378506
c07,raw,4,32,1_percent,2,49140,37830,0,2071,97,97,97,0.7698412698412699,0.23015873015873012,1.057915489806762
c07,raw,4,32,5_percent,0,49140,33212,0,0,91,47,1,0.6758648758648759,0.32413512413512413,1.0
c07,raw,4,32,5_percent,1,49140,37614,0,4402,97,97,46,0.7654456654456654,0.2345543345543346,1.1325424545345055
c07,raw,4,32,5_percent,2,49140,37821,0,4609,97,97,95,0.7696581196581197,0.2303418803418803,1.138775141515115
c07,raw,4,32,10_percent,0,49140,30424,0,0,71,19,1,0.6191290191290191,0.3808709808709809,1.0
c07,raw,4,32,10_percent,1,49140,37275,0,6851,97,96,10,0.7585470085470085,0.24145299145299148,1.225184065211675
c07,raw,4,32,10_percent,2,49140,37786,0,7362,97,97,85,0.7689458689458689,0.23105413105413108,1.2419800157770182
c07,raw,4,64,any,0,13104,10078,1638,0,97,97,90,0.7690781440781441,0.23092185592185588,1.0
c07,raw,4,64,any,1,13104,10088,1638,10,97,97,97,0.7698412698412699,0.23015873015873012,1.0009922603691208
c07,raw,4,64,any,2,13104,10088,1638,10,97,97,97,0.7698412698412699,0.23015873015873012,1.0009922603691208
c07,raw,4,64,1_percent,0,13104,9961,1638,0,97,96,57,0.7601495726495726,0.2398504273504274,1.0
c07,raw,4,64,1_percent,1,13104,10088,1638,127,97,97,97,0.7698412698412699,0.23015873015873012,1.012749723923301
c07,raw,4,64,1_percent,2,13104,10088,1638,127,97,97,97,0.7698412698412699,0.23015873015873012,1.012749723923301
c07,raw,4,64,5_percent,0,13104,9443,1638,0,96,77,4,0.7206196581196581,0.2793803418803419,1.0
c07,raw,4,64,5_percent,1,13104,10081,1638,638,97,97,95,0.7693070818070818,0.23069291819291815,1.067563274383141
c07,raw,4,64,5_percent,2,13104,10088,1638,645,97,97,97,0.7698412698412699,0.23015873015873012,1.06830456422747
c07,raw,4,64,10_percent,0,13104,8731,1638,0,83,48,1,0.6662851037851037,0.33371489621489625,1.0
c07,raw,4,64,10_percent,1,13104,10040,1638,1309,97,97,81,0.7661782661782662,0.23382173382173377,1.1499255526285648
c07,raw,4,64,10_percent,2,13104,10088,1638,1357,97,97,97,0.7698412698412699,0.23015873015873012,1.1554232046730042
c07,raw,8,8,any,0,786240,389786,0,0,9,1,0,0.4957595645095645,0.5042404354904355,1.0
c07,raw,8,8,any,1,786240,524640,0,134854,94,32,1,0.6672771672771672,0.33272283272283276,1.3459693267587856
c07,raw,8,8,any,2,786240,572748,0,182962,97,84,1,0.7284645909645909,0.27153540903540907,1.4693908965432314
c07,raw,8,8,1_percent,0,786240,389786,0,0,9,1,0,0.4957595645095645,0.5042404354904355,1.0
c07,raw,8,8,1_percent,1,786240,524640,0,134854,94,32,1,0.6672771672771672,0.33272283272283276,1.3459693267587856
c07,raw,8,8,1_percent,2,786240,572748,0,182962,97,84,1,0.7284645909645909,0.27153540903540907,1.4693908965432314
c07,raw,8,8,5_percent,0,786240,349959,0,0,3,1,0,0.4451045482295482,0.5548954517704519,1.0
c07,raw,8,8,5_percent,1,786240,497025,0,147066,84,3,0,0.6321543040293041,0.36784569597069594,1.420237799285059
c07,raw,8,8,5_percent,2,786240,556105,0,206146,96,71,1,0.7072967541717542,0.2927032458282458,1.5890575753159655
c07,raw,8,8,10_percent,0,786240,325675,0,0,3,1,0,0.41421830484330485,0.5857816951566952,1.0
c07,raw,8,8,10_percent,1,786240,481778,0,156103,76,2,0,0.6127620065120065,0.3872379934879935,1.4793214093805174
c07,raw,8,8,10_percent,2,786240,546242,0,220567,96,63,1,0.6947522385022386,0.30524776149776145,1.6772610731557533
c07,raw,8,16,any,0,196560,119643,0,0,71,2,0,0.6086843711843711,0.39131562881562887,1.0
c07,raw,8,16,any,1,196560,146312,0,26669,97,95,1,0.7443630443630443,0.25563695563695565,1.2229048084718706
c07,raw,8,16,any,2,196560,150515,0,30872,97,97,24,0.7657458282458283,0.23425417175417174,1.2580343187649925
c07,raw,8,16,1_percent,0,196560,114628,0,0,61,2,0,0.5831705331705331,0.41682946682946687,1.0
c07,raw,8,16,1_percent,1,196560,144231,0,29603,97,93,1,0.7337759462759462,0.2662240537240538,1.258252782915169
c07,raw,8,16,1_percent,2,196560,149702,0,35074,97,97,2,0.7616096866096866,0.23839031339031336,1.3059810866454968
c07,raw,8,16,5_percent,0,196560,103747,0,0,19,1,0,0.5278133903133904,0.47218660968660964,1.0
c07,raw,8,16,5_percent,1,196560,140245,0,36498,96,75,1,0.7134971509971509,0.28650284900284906,1.3517981242831119
c07,raw,8,16,5_percent,2,196560,148519,0,44772,97,97,1,0.7555911680911681,0.2444088319088319,1.4315498279468322
c07,raw,8,16,10_percent,0,196560,93651,0,0,6,1,0,0.4764499389499389,0.5235500610500611,1.0
c07,raw,8,16,10_percent,1,196560,135282,0,41631,94,56,1,0.6882478632478632,0.31175213675213675,1.444533427299228
c07,raw,8,16,10_percent,2,196560,147120,0,53469,97,94,1,0.7484737484737485,0.2515262515262515,1.570938911490534
c07,raw,8,32,any,0,49140,34826,0,0,96,71,1,0.7087098087098087,0.2912901912901913,1.0
c07,raw,8,32,any,1,49140,37746,0,2920,97,97,65,0.7681318681318682,0.23186813186813182,1.0838454028599322
c07,raw,8,32,any,2,49140,37830,0,3004,97,97,97,0.7698412698412699,0.23015873015873012,1.0862573939011084
c07,raw,8,32,1_percent,0,49140,32969,0,0,94,32,1,0.6709198209198209,0.32908017908017906,1.0
c07,raw,8,32,1_percent,1,49140,37507,0,4538,97,97,3,0.7632682132682133,0.23673178673178674,1.1376444538809185
c07,raw,8,32,1_percent,2,49140,37822,0,4853,97,97,93,0.7696784696784696,0.23032153032153035,1.1471988837999332
c07,raw,8,32,5_percent,0,49140,29720,0,0,71,3,1,0.6048026048026048,0.39519739519739516,1.0
c07,raw,8,32,5_percent,1,49140,37149,0,7429,97,95,1,0.755982905982906,0.24401709401709404,1.2499663526244953
c07,raw,8,32,5_percent,2,49140,37781,0,8061,97,97,84,0.7688441188441189,0.23115588115588115,1.2712314939434723
c07,raw,8,32,10_percent,0,49140,26111,0,0,37,2,1,0.5313593813593813,0.4686406186406187,1.0
c07,raw,8,32,10_percent,1,49140,36268,0,10157,96,84,1,0.738054538054538,0.261945461945462,1.3889931446516794
c07,raw,8,32,10_percent,2,49140,37558,0,11447,97,96,64,0.7643060643060643,0.2356939356939357,1.4383976102025966
c07,raw,8,64,any,0,13104,9890,1638,0,97,97,20,0.7547313797313797,0.24526862026862029,1.0
c07,raw,8,64,any,1,13104,10088,1638,198,97,97,97,0.7698412698412699,0.23015873015873012,1.0200202224469161
c07,raw,8,64,any,2,13104,10088,1638,198,97,97,97,0.7698412698412699,0.23015873015873012,1.0200202224469161
c07,raw,8,64,1_percent,0,13104,9525,1638,0,97,92,1,0.7268772893772893,0.27312271062271065,1.0
c07,raw,8,64,1_percent,1,13104,10083,1638,558,97,97,93,0.769459706959707,0.230540293040293,1.0585826771653544
c07,raw,8,64,1_percent,2,13104,10088,1638,563,97,97,97,0.7698412698412699,0.23015873015873012,1.0591076115485565
c07,raw,8,64,5_percent,0,13104,8738,1638,0,85,43,1,0.6668192918192918,0.3331807081807082,1.0
c07,raw,8,64,5_percent,1,13104,10042,1638,1304,97,97,83,0.7663308913308914,0.23366910866910862,1.149233234149691
c07,raw,8,64,5_percent,2,13104,10088,1638,1350,97,97,97,0.7698412698412699,0.23015873015873012,1.1544975967040512
c07,raw,8,64,10_percent,0,13104,7585,1638,0,65,10,1,0.5788308913308914,0.4211691086691086,1.0
c07,raw,8,64,10_percent,1,13104,9810,1638,2225,96,90,63,0.7486263736263736,0.25137362637362637,1.2933421226104154
c07,raw,8,64,10_percent,2,13104,10017,1638,2432,96,96,91,0.7644230769230769,0.23557692307692313,1.3206328279499011
c07,raw,16,8,any,0,786240,325975,0,0,2,1,0,0.41459986772486773,0.5854001322751323,1.0
c07,raw,16,8,any,1,786240,474694,0,148719,77,2,0,0.603752035002035,0.396247964997965,1.4562282383618375
c07,raw,16,8,any,2,786240,541110,0,215135,96,52,1,0.6882249694749695,0.3117750305250305,1.6599739243807041
c07,raw,16,8,1_percent,0,786240,325975,0,0,2,1,0,0.41459986772486773,0.5854001322751323,1.0
c07,raw,16,8,1_percent,1,786240,474694,0,148719,77,2,0,0.603752035002035,0.396247964997965,1.4562282383618375
c07,raw,16,8,1_percent,2,786240,541110,0,215135,96,52,1,0.6882249694749695,0.3117750305250305,1.6599739243807041
c07,raw,16,8,5_percent,0,786240,292023,0,0,2,1,0,0.37141712454212455,0.6285828754578755,1.0
c07,raw,16,8,5_percent,1,786240,454154,0,162131,58,2,0,0.5776276963776964,0.4223723036223036,1.5551994192238283
c07,raw,16,8,5_percent,2,786240,526677,0,234654,94,30,1,0.6698679792429793,0.33013202075702075,1.8035462960109307
c07,raw,16,8,10_percent,0,786240,266371,0,0,1,1,0,0.3387909544159544,0.6612090455840456,1.0
c07,raw,16,8,10_percent,1,786240,437014,0,170643,44,1,0,0.555827737077737,0.444172262922263,1.640621539131512
c07,raw,16,8,10_percent,2,786240,514787,0,248416,91,16,1,0.6547453703703704,0.3452546296296296,1.932594013612593
c07,raw,16,16,any,0,196560,105174,0,0,13,1,0,0.5350732600732601,0.46492673992673994,1.0
c07,raw,16,16,any,1,196560,140340,0,35166,97,84,1,0.713980463980464,0.286019536019536,1.334360203092019
c07,raw,16,16,any,2,196560,148732,0,43558,97,97,1,0.7566748066748067,0.2433251933251933,1.414151786563219
c07,raw,16,16,1_percent,0,196560,101278,0,0,6,1,0,0.5152523402523402,0.48474765974765976,1.0
c07,raw,16,16,1_percent,1,196560,138488,0,37210,96,75,1,0.7045584045584046,0.29544159544159543,1.3674045696005055
c07,raw,16,16,1_percent,2,196560,148145,0,46867,97,96,1,0.7536884411884411,0.24631155881155886,1.4627559785935742
c07,raw,16,16,5_percent,0,196560,90112,0,0,4,1,0,0.45844525844525846,0.5415547415547415,1.0
c07,raw,16,16,5_percent,1,196560,133234,0,43122,92,46,1,0.6778286528286528,0.3221713471713472,1.4785378196022727
c07,raw,16,16,5_percent,2,196560,146274,0,56162,96,93,1,0.7441697191697192,0.2558302808302808,1.6232466264204546
c07,raw,16,16,10_percent,0,196560,77025,0,0,3,1,0,0.39186507936507936,0.6081349206349207,1.0
c07,raw,16,16,10_percent,1,196560,124098,0,47073,80,18,1,0.6313492063492063,0.3686507936507937,1.6111392405063292
c07,raw,16,16,10_percent,2,196560,141919,0,64894,95,80,1,0.7220136345136345,0.27798636548636546,1.8425056799740345
c07,raw,16,32,any,0,49140,32250,0,0,93,9,0,0.6562881562881563,0.3437118437118437,1.0
c07,raw,16,32,any,1,49140,37462,0,5212,97,97,1,0.7623524623524623,0.23764753764753765,1.1616124031007753
c07,raw,16,32,any,2,49140,37811,0,5561,97,97,92,0.7694546194546195,0.23054538054538054,1.1724341085271317
c07,raw,16,32,1_percent,0,49140,30559,0,0,81,3,0,0.6218762718762719,0.3781237281237281,1.0
c07,raw,16,32,1_percent,1,49140,37249,0,6690,97,96,1,0.758017908017908,0.24198209198209197,1.2189207762034098
c07,raw,16,32,1_percent,2,49140,37794,0,7235,97,97,86,0.7691086691086692,0.23089133089133085,1.2367551294217742
c07,raw,16,32,5_percent,0,49140,26035,0,0,35,2,0,0.5298127798127799,0.47018722018722015,1.0
c07,raw,16,32,5_percent,1,49140,36226,0,10191,95,84,1,0.7371998371998372,0.26280016280016283,1.3914346072594583
c07,raw,16,32,5_percent,2,49140,37537,0,11502,96,96,70,0.7638787138787139,0.23612128612128613,1.4417898982139428
c07,raw,16,32,10_percent,0,49140,21229,0,0,8,1,0,0.432010582010582,0.567989417989418,1.0
c07,raw,16,32,10_percent,1,49140,33841,0,12612,86,66,1,0.6886650386650387,0.3113349613349613,1.5940929860097037
c07,raw,16,32,10_percent,2,49140,36433,0,15204,95,87,43,0.7414122914122914,0.25858770858770863,1.716190117292383
c07,raw,16,64,any,0,13104,9593,1638,0,97,94,1,0.7320665445665445,0.2679334554334555,1.0
c07,raw,16,64,any,1,13104,10083,1638,490,97,97,93,0.769459706959707,0.230540293040293,1.0510789117064525
c07,raw,16,64,any,2,13104,10088,1638,495,97,97,97,0.7698412698412699,0.23015873015873012,1.0516001250912124
c07,raw,16,64,1_percent,0,13104,9179,1638,0,95,72,1,0.7004731379731379,0.2995268620268621,1.0
c07,raw,16,64,1_percent,1,13104,10065,1638,886,97,97,86,0.7680860805860806,0.23191391941391937,1.09652467589062
c07,raw,16,64,1_percent,2,13104,10088,1638,909,97,97,97,0.7698412698412699,0.23015873015873012,1.099030395467916
c07,raw,16,64,5_percent,0,13104,7742,1638,0,66,11,1,0.5908119658119658,0.4091880341880342,1.0
c07,raw,16,64,5_percent,1,13104,9812,1638,2070,96,91,64,0.7487789987789988,0.2512210012210012,1.2673727718935675
c07,raw,16,64,5_percent,2,13104,10023,1638,2281,96,96,92,0.7648809523809523,0.23511904761904767,1.2946267114440713
c07,raw,16,64,10_percent,0,13104,6091,1638,0,23,2,1,0.46481990231990233,0.5351800976800977,1.0
c07,raw,16,64,10_percent,1,13104,9188,1638,3097,85,71,30,0.7011599511599511,0.2988400488400489,1.5084550976851092
c07,raw,16,64,10_percent,2,13104,9748,1638,3657,95,86,70,0.7438949938949939,0.2561050061050061,1.6003940239697916
c07,translation_compensated,0,8,any,0,786240,602757,0,0,97,97,9,0.766632326007326,0.233367673992674,1.0
c07,translation_compensated,0,8,any,1,786240,605206,0,2449,97,97,87,0.769747150997151,0.23025284900284904,1.0040629971945576
c07,translation_compensated,0,8,any,2,786240,605276,0,2519,97,97,96,0.7698361823361823,0.23016381766381766,1.0041791302299268
c07,translation_compensated,0,8,1_percent,0,786240,602757,0,0,97,97,9,0.766632326007326,0.233367673992674,1.0
c07,translation_compensated,0,8,1_percent,1,786240,605206,0,2449,97,97,87,0.769747150997151,0.23025284900284904,1.0040629971945576
c07,translation_compensated,0,8,1_percent,2,786240,605276,0,2519,97,97,96,0.7698361823361823,0.23016381766381766,1.0041791302299268
c07,translation_compensated,0,8,5_percent,0,786240,600007,0,0,97,96,3,0.7631346662596663,0.2368653337403337,1.0
c07,translation_compensated,0,8,5_percent,1,786240,605118,0,5111,97,97,79,0.7696352258852259,0.23036477411477407,1.0085182339539371
c07,translation_compensated,0,8,5_percent,2,786240,605274,0,5267,97,97,94,0.7698336385836386,0.23016636141636138,1.0087782309206392
c07,translation_compensated,0,8,10_percent,0,786240,596064,0,0,97,96,3,0.7581196581196581,0.2418803418803419,1.0
c07,translation_compensated,0,8,10_percent,1,786240,604986,0,8922,97,97,72,0.7694673382173383,0.23053266178266174,1.0149681913351587
c07,translation_compensated,0,8,10_percent,2,786240,605269,0,9205,97,97,91,0.7698272792022792,0.23017272079772078,1.0154429725667042
c07,translation_compensated,0,16,any,0,196560,151224,0,0,97,97,79,0.7693528693528694,0.2306471306471306,1.0
c07,translation_compensated,0,16,any,1,196560,151320,0,96,97,97,97,0.7698412698412699,0.23015873015873012,1.000634819869862
c07,translation_compensated,0,16,any,2,196560,151320,0,96,97,97,97,0.7698412698412699,0.23015873015873012,1.000634819869862
c07,translation_compensated,0,16,1_percent,0,196560,151181,0,0,97,97,73,0.7691341066341066,0.23086589336589336,1.0
c07,translation_compensated,0,16,1_percent,1,196560,151320,0,139,97,97,97,0.7698412698412699,0.23015873015873012,1.0009194277058626
c07,translation_compensated,0,16,1_percent,2,196560,151320,0,139,97,97,97,0.7698412698412699,0.23015873015873012,1.0009194277058626
c07,translation_compensated,0,16,5_percent,0,196560,150941,0,0,97,97,58,0.7679131054131054,0.23208689458689458,1.0
c07,translation_compensated,0,16,5_percent,1,196560,151319,0,378,97,97,96,0.7698361823361823,0.23016381766381766,1.0025042897555998
c07,translation_compensated,0,16,5_percent,2,196560,151320,0,379,97,97,97,0.7698412698412699,0.23015873015873012,1.0025109148607734
c07,translation_compensated,0,16,10_percent,0,196560,150497,0,0,97,97,43,0.7656542531542532,0.23434574684574683,1.0
c07,translation_compensated,0,16,10_percent,1,196560,151311,0,814,97,97,93,0.7697954822954823,0.23020451770451766,1.0054087456892828
c07,translation_compensated,0,16,10_percent,2,196560,151320,0,823,97,97,97,0.7698412698412699,0.23015873015873012,1.0054685475457983
c07,translation_compensated,0,32,any,0,49140,37830,0,0,97,97,97,0.7698412698412699,0.23015873015873012,1.0
c07,translation_compensated,0,32,any,1,49140,37830,0,0,97,97,97,0.7698412698412699,0.23015873015873012,1.0
c07,translation_compensated,0,32,any,2,49140,37830,0,0,97,97,97,0.7698412698412699,0.23015873015873012,1.0
c07,translation_compensated,0,32,1_percent,0,49140,37824,0,0,97,97,93,0.7697191697191698,0.23028083028083024,1.0
c07,translation_compensated,0,32,1_percent,1,49140,37830,0,6,97,97,97,0.7698412698412699,0.23015873015873012,1.0001586294416243
c07,translation_compensated,0,32,1_percent,2,49140,37830,0,6,97,97,97,0.7698412698412699,0.23015873015873012,1.0001586294416243
c07,translation_compensated,0,32,5_percent,0,49140,37807,0,0,97,97,88,0.7693732193732193,0.23062678062678066,1.0
c07,translation_compensated,0,32,5_percent,1,49140,37830,0,23,97,97,97,0.7698412698412699,0.23015873015873012,1.0006083529505119
c07,translation_compensated,0,32,5_percent,2,49140,37830,0,23,97,97,97,0.7698412698412699,0.23015873015873012,1.0006083529505119
c07,translation_compensated,0,32,10_percent,0,49140,37757,0,0,97,97,77,0.7683557183557184,0.23164428164428164,1.0
c07,translation_compensated,0,32,10_percent,1,49140,37830,0,73,97,97,97,0.7698412698412699,0.23015873015873012,1.0019334163201525
c07,translation_compensated,0,32,10_percent,2,49140,37830,0,73,97,97,97,0.7698412698412699,0.23015873015873012,1.0019334163201525
c07,translation_compensated,0,64,any,0,13104,10088,1638,0,97,97,97,0.7698412698412699,0.23015873015873012,1.0
c07,translation_compensated,0,64,any,1,13104,10088,1638,0,97,97,97,0.7698412698412699,0.23015873015873012,1.0
c07,translation_compensated,0,64,any,2,13104,10088,1638,0,97,97,97,0.7698412698412699,0.23015873015873012,1.0
c07,translation_compensated,0,64,1_percent,0,13104,10088,1638,0,97,97,97,0.7698412698412699,0.23015873015873012,1.0
c07,translation_compensated,0,64,1_percent,1,13104,10088,1638,0,97,97,97,0.7698412698412699,0.23015873015873012,1.0
c07,translation_compensated,0,64,1_percent,2,13104,10088,1638,0,97,97,97,0.7698412698412699,0.23015873015873012,1.0
c07,translation_compensated,0,64,5_percent,0,13104,10088,1638,0,97,97,97,0.7698412698412699,0.23015873015873012,1.0
c07,translation_compensated,0,64,5_percent,1,13104,10088,1638,0,97,97,97,0.7698412698412699,0.23015873015873012,1.0
c07,translation_compensated,0,64,5_percent,2,13104,10088,1638,0,97,97,97,0.7698412698412699,0.23015873015873012,1.0
c07,translation_compensated,0,64,10_percent,0,13104,10088,1638,0,97,97,97,0.7698412698412699,0.23015873015873012,1.0
c07,translation_compensated,0,64,10_percent,1,13104,10088,1638,0,97,97,97,0.7698412698412699,0.23015873015873012,1.0
c07,translation_compensated,0,64,10_percent,2,13104,10088,1638,0,97,97,97,0.7698412698412699,0.23015873015873012,1.0
c07,translation_compensated,1,8,any,0,786240,584403,0,0,97,95,1,0.7432883089133089,0.2567116910866911,1.0
c07,translation_compensated,1,8,any,1,786240,604712,0,20309,97,97,39,0.7691188441188441,0.23088115588115588,1.034751703875579
c07,translation_compensated,1,8,any,2,786240,605260,0,20857,97,97,89,0.7698158323158323,0.23018416768416772,1.0356894129564702
c07,translation_compensated,1,8,1_percent,0,786240,584403,0,0,97,95,1,0.7432883089133089,0.2567116910866911,1.0
c07,translation_compensated,1,8,1_percent,1,786240,604712,0,20309,97,97,39,0.7691188441188441,0.23088115588115588,1.034751703875579
c07,translation_compensated,1,8,1_percent,2,786240,605260,0,20857,97,97,89,0.7698158323158323,0.23018416768416772,1.0356894129564702
c07,translation_compensated,1,8,5_percent,0,786240,560824,0,0,96,76,1,0.7132987382987382,0.28670126170126176,1.0
c07,translation_compensated,1,8,5_percent,1,786240,602556,0,41732,97,97,8,0.7663766788766789,0.23362332112332107,1.074411936721681
c07,translation_compensated,1,8,5_percent,2,786240,605050,0,44226,97,97,66,0.7695487382987383,0.23045126170126173,1.0788589646662767
c07,translation_compensated,1,8,10_percent,0,786240,539394,0,0,93,58,1,0.6860424297924298,0.3139575702075702,1.0
c07,translation_compensated,1,8,10_percent,1,786240,599145,0,59751,97,96,2,0.7620383089133089,0.23796169108669107,1.1107743133961445
c07,translation_compensated,1,8,10_percent,2,786240,604431,0,65037,97,97,57,0.7687614468864469,0.23123855311355312,1.1205741999354832
c07,translation_compensated,1,16,any,0,196560,150597,0,0,97,97,10,0.7661630036630037,0.23383699633699628,1.0
c07,translation_compensated,1,16,any,1,196560,151319,0,722,97,97,96,0.7698361823361823,0.23016381766381766,1.0047942522095394
c07,translation_compensated,1,16,any,2,196560,151320,0,723,97,97,97,0.7698412698412699,0.23015873015873012,1.0048008924480567
c07,translation_compensated,1,16,1_percent,0,196560,149876,0,0,97,97,2,0.7624949124949125,0.23750508750508748,1.0
c07,translation_compensated,1,16,1_percent,1,196560,151313,0,1437,97,97,91,0.7698056573056573,0.2301943426943427,1.0095879260188423
c07,translation_compensated,1,16,1_percent,2,196560,151320,0,1444,97,97,97,0.7698412698412699,0.23015873015873012,1.009634631295204
c07,translation_compensated,1,16,5_percent,0,196560,146815,0,0,97,94,1,0.7469220594220595,0.25307794057794053,1.0
c07,translation_compensated,1,16,5_percent,1,196560,151187,0,4372,97,97,71,0.7691646316646317,0.23083536833536833,1.0297789735381262
c07,translation_compensated,1,16,5_percent,2,196560,151318,0,4503,97,97,95,0.7698310948310948,0.2301689051689052,1.03067125293737
c07,translation_compensated,1,16,10_percent,0,196560,141996,0,0,96,78,1,0.7224053724053724,0.2775946275946276,1.0
c07,translation_compensated,1,16,10_percent,1,196560,150747,0,8751,97,97,52,0.7669261294261295,0.23307387057387052,1.0616284965773684
c07,translation_compensated,1,16,10_percent,2,196560,151292,0,9296,97,97,88,0.7696988196988197,0.2303011803011803,1.0654666328628974
c07,translation_compensated,1,32,any,0,49140,37826,0,0,97,97,93,0.7697598697598698,0.23024013024013024,1.0
c07,translation_compensated,1,32,any,1,49140,37830,0,4,97,97,97,0.7698412698412699,0.23015873015873012,1.0001057473695343
c07,translation_compensated,1,32,any,2,49140,37830,0,4,97,97,97,0.7698412698412699,0.23015873015873012,1.0001057473695343
c07,translation_compensated,1,32,1_percent,0,49140,37768,0,0,97,97,65,0.7685795685795686,0.23142043142043145,1.0
c07,translation_compensated,1,32,1_percent,1,49140,37830,0,62,97,97,97,0.7698412698412699,0.23015873015873012,1.001641601355645
c07,translation_compensated,1,32,1_percent,2,49140,37830,0,62,97,97,97,0.7698412698412699,0.23015873015873012,1.001641601355645
c07,translation_compensated,1,32,5_percent,0,49140,37427,0,0,97,96,26,0.7616402116402117,0.23835978835978833,1.0
c07,translation_compensated,1,32,5_percent,1,49140,37830,0,403,97,97,97,0.7698412698412699,0.23015873015873012,1.0107676276484892
c07,translation_compensated,1,32,5_percent,2,49140,37830,0,403,97,97,97,0.7698412698412699,0.23015873015873012,1.0107676276484892
c07,translation_compensated,1,32,10_percent,0,49140,36682,0,0,96,94,7,0.7464794464794465,0.25352055352055347,1.0
c07,translation_compensated,1,32,10_percent,1,49140,37827,0,1145,97,97,94,0.7697802197802198,0.23021978021978018,1.0312142195082057
c07,translation_compensated,1,32,10_percent,2,49140,37830,0,1148,97,97,97,0.7698412698412699,0.23015873015873012,1.0312960034894498
c07,translation_compensated,1,64,any,0,13104,10088,1638,0,97,97,97,0.7698412698412699,0.23015873015873012,1.0
c07,translation_compensated,1,64,any,1,13104,10088,1638,0,97,97,97,0.7698412698412699,0.23015873015873012,1.0
c07,translation_compensated,1,64,any,2,13104,10088,1638,0,97,97,97,0.7698412698412699,0.23015873015873012,1.0
c07,translation_compensated,1,64,1_percent,0,13104,10088,1638,0,97,97,97,0.7698412698412699,0.23015873015873012,1.0
c07,translation_compensated,1,64,1_percent,1,13104,10088,1638,0,97,97,97,0.7698412698412699,0.23015873015873012,1.0
c07,translation_compensated,1,64,1_percent,2,13104,10088,1638,0,97,97,97,0.7698412698412699,0.23015873015873012,1.0
c07,translation_compensated,1,64,5_percent,0,13104,10079,1638,0,97,97,91,0.7691544566544567,0.2308455433455433,1.0
c07,translation_compensated,1,64,5_percent,1,13104,10088,1638,9,97,97,97,0.7698412698412699,0.23015873015873012,1.000892945728743
c07,translation_compensated,1,64,5_percent,2,13104,10088,1638,9,97,97,97,0.7698412698412699,0.23015873015873012,1.000892945728743
c07,translation_compensated,1,64,10_percent,0,13104,10006,1638,0,97,96,64,0.7635836385836385,0.23641636141636146,1.0
c07,translation_compensated,1,64,10_percent,1,13104,10088,1638,82,97,97,97,0.7698412698412699,0.23015873015873012,1.00819508295023
c07,translation_compensated,1,64,10_percent,2,13104,10088,1638,82,97,97,97,0.7698412698412699,0.23015873015873012,1.00819508295023
c07,translation_compensated,2,8,any,0,786240,543490,0,0,95,60,1,0.691252035002035,0.308747964997965,1.0
c07,translation_compensated,2,8,any,1,786240,598351,0,54861,97,97,2,0.7610284391534392,0.2389715608465608,1.1009420596515116
c07,translation_compensated,2,8,any,2,786240,604293,0,60803,97,97,38,0.768585927960928,0.23141407203907205,1.1118751034977645
c07,translation_compensated,2,8,1_percent,0,786240,543490,0,0,95,60,1,0.691252035002035,0.308747964997965,1.0
c07,translation_compensated,2,8,1_percent,1,786240,598351,0,54861,97,97,2,0.7610284391534392,0.2389715608465608,1.1009420596515116
c07,translation_compensated,2,8,1_percent,2,786240,604293,0,60803,97,97,38,0.768585927960928,0.23141407203907205,1.1118751034977645
c07,translation_compensated,2,8,5_percent,0,786240,502177,0,0,78,23,1,0.6387070105820106,0.3612929894179894,1.0
c07,translation_compensated,2,8,5_percent,1,786240,584270,0,82093,97,93,1,0.7431191493691494,0.25688085063085064,1.1634742331886965
c07,translation_compensated,2,8,5_percent,2,786240,599416,0,97239,97,97,5,0.7623829873829874,0.23761701261701262,1.1936349135862454
c07,translation_compensated,2,8,10_percent,0,786240,472849,0,0,69,7,0,0.6014054232804232,0.39859457671957677,1.0
c07,translation_compensated,2,8,10_percent,1,786240,574359,0,101510,96,84,1,0.7305135836385837,0.26948641636141635,1.2146774128738773
c07,translation_compensated,2,8,10_percent,2,786240,595809,0,122960,97,96,2,0.7577953296703297,0.2422046703296703,1.2600407318192488
c07,translation_compensated,2,16,any,0,196560,146582,0,0,97,95,1,0.7457366707366707,0.2542633292633293,1.0
c07,translation_compensated,2,16,any,1,196560,151225,0,4643,97,97,66,0.7693579568579568,0.23064204314204317,1.0316751033551186
c07,translation_compensated,2,16,any,2,196560,151320,0,4738,97,97,97,0.7698412698412699,0.23015873015873012,1.0323232047591109
c07,translation_compensated,2,16,1_percent,0,196560,143649,0,0,96,87,1,0.7308150183150183,0.26918498168498173,1.0
c07,translation_compensated,2,16,1_percent,1,196560,150870,0,7221,97,97,36,0.7675518925518926,0.2324481074481074,1.0502683624668463
c07,translation_compensated,2,16,1_percent,2,196560,151309,0,7660,97,97,91,0.7697853072853073,0.23021469271469275,1.0533244227248362
c07,translation_compensated,2,16,5_percent,0,196560,136372,0,0,93,65,1,0.6937932437932438,0.3062067562067562,1.0
c07,translation_compensated,2,16,5_percent,1,196560,149956,0,13584,97,96,5,0.7629019129019129,0.2370980870980871,1.0996098905933769
c07,translation_compensated,2,16,5_percent,2,196560,151196,0,14824,97,97,76,0.7692104192104192,0.23078958078958078,1.1087026662364707
c07,translation_compensated,2,16,10_percent,0,196560,128714,0,0,85,33,1,0.6548331298331298,0.3451668701668702,1.0
c07,translation_compensated,2,16,10_percent,1,196560,148606,0,19892,97,95,3,0.756033781033781,0.24396621896621895,1.1545441832279317
c07,translation_compensated,2,16,10_percent,2,196560,150990,0,22276,97,97,60,0.7681623931623932,0.2318376068376068,1.173065866960859
c07,translation_compensated,2,32,any,0,49140,37687,0,0,97,97,48,0.7669312169312169,0.2330687830687831,1.0
c07,translation_compensated,2,32,any,1,49140,37830,0,143,97,97,97,0.7698412698412699,0.23015873015873012,1.0037944118661608
c07,translation_compensated,2,32,any,2,49140,37830,0,143,97,97,97,0.7698412698412699,0.23015873015873012,1.0037944118661608
c07,translation_compensated,2,32,1_percent,0,49140,37165,0,0,97,96,9,0.7563085063085063,0.24369149369149368,1.0
c07,translation_compensated,2,32,1_percent,1,49140,37830,0,665,97,97,97,0.7698412698412699,0.23015873015873012,1.017893179066326
c07,translation_compensated,2,32,1_percent,2,49140,37830,0,665,97,97,97,0.7698412698412699,0.23015873015873012,1.017893179066326
c07,translation_compensated,2,32,5_percent,0,49140,36037,0,0,96,87,1,0.7333536833536833,0.26664631664631666,1.0
c07,translation_compensated,2,32,5_percent,1,49140,37800,0,1763,97,97,88,0.7692307692307693,0.23076923076923073,1.0489219413380693
c07,translation_compensated,2,32,5_percent,2,49140,37830,0,1793,97,97,97,0.7698412698412699,0.23015873015873012,1.0497544190692898
c07,translation_compensated,2,32,10_percent,0,49140,34387,0,0,91,68,1,0.6997761497761498,0.30022385022385023,1.0
c07,translation_compensated,2,32,10_percent,1,49140,37726,0,3339,97,97,74,0.7677248677248677,0.2322751322751323,1.097100648500887
c07,translation_compensated,2,32,10_percent,2,49140,37823,0,3436,97,97,95,0.7696988196988197,0.2303011803011803,1.0999214819553902
c07,translation_compensated,2,64,any,0,13104,10088,1638,0,97,97,97,0.7698412698412699,0.23015873015873012,1.0
c07,translation_compensated,2,64,any,1,13104,10088,1638,0,97,97,97,0.7698412698412699,0.23015873015873012,1.0
c07,translation_compensated,2,64,any,2,13104,10088,1638,0,97,97,97,0.7698412698412699,0.23015873015873012,1.0
c07,translation_compensated,2,64,1_percent,0,13104,10076,1638,0,97,97,88,0.768925518925519,0.23107448107448103,1.0
c07,translation_compensated,2,64,1_percent,1,13104,10088,1638,12,97,97,97,0.7698412698412699,0.23015873015873012,1.0011909487892021
c07,translation_compensated,2,64,1_percent,2,13104,10088,1638,12,97,97,97,0.7698412698412699,0.23015873015873012,1.0011909487892021
c07,translation_compensated,2,64,5_percent,0,13104,9963,1638,0,97,95,51,0.7603021978021978,0.23969780219780223,1.0
c07,translation_compensated,2,64,5_percent,1,13104,10088,1638,125,97,97,97,0.7698412698412699,0.23015873015873012,1.0125464217605138
c07,translation_compensated,2,64,5_percent,2,13104,10088,1638,125,97,97,97,0.7698412698412699,0.23015873015873012,1.0125464217605138
c07,translation_compensated,2,64,10_percent,0,13104,9639,1638,0,96,88,15,0.7355769230769231,0.26442307692307687,1.0
c07,translation_compensated,2,64,10_percent,1,13104,10079,1638,440,97,97,95,0.7691544566544567,0.2308455433455433,1.0456478887851437
c07,translation_compensated,2,64,10_percent,2,13104,10088,1638,449,97,97,97,0.7698412698412699,0.23015873015873012,1.0465815956012035
c07,translation_compensated,4,8,any,0,786240,469105,0,0,67,3,0,0.5966435185185185,0.4033564814814815,1.0
c07,translation_compensated,4,8,any,1,786240,571864,0,102759,96,86,1,0.7273402523402523,0.27265974765974765,1.219053303631383
c07,translation_compensated,4,8,any,2,786240,595360,0,126255,97,96,1,0.7572242572242572,0.24277574277574276,1.2691401711770285
c07,translation_compensated,4,8,1_percent,0,786240,469105,0,0,67,3,0,0.5966435185185185,0.4033564814814815,1.0
c07,translation_compensated,4,8,1_percent,1,786240,571864,0,102759,96,86,1,0.7273402523402523,0.27265974765974765,1.219053303631383
c07,translation_compensated,4,8,1_percent,2,786240,595360,0,126255,97,96,1,0.7572242572242572,0.24277574277574276,1.2691401711770285
c07,translation_compensated,4,8,5_percent,0,786240,417637,0,0,28,1,0,0.5311825905575905,0.46881740944240946,1.0
c07,translation_compensated,4,8,5_percent,1,786240,547306,0,129669,95,62,1,0.6961055148555149,0.30389448514448514,1.3104825482416549
c07,translation_compensated,4,8,5_percent,2,786240,584966,0,167329,97,93,1,0.7440043752543752,0.25599562474562476,1.4006565510239755
c07,translation_compensated,4,8,10_percent,0,786240,387337,0,0,9,1,0,0.4926447395197395,0.5073552604802605,1.0
c07,translation_compensated,4,8,10_percent,1,786240,528829,0,141492,93,38,1,0.672605056980057,0.327394943019943,1.3652943044429011
c07,translation_compensated,4,8,10_percent,2,786240,575350,0,188013,97,85,1,0.731774013024013,0.268225986975987,1.4853990194585076
c07,translation_compensated,4,16,any,0,196560,135756,0,0,95,58,1,0.6906593406593406,0.30934065934065935,1.0
c07,translation_compensated,4,16,any,1,196560,150071,0,14315,97,97,3,0.763486975986976,0.236513024013024,1.1054465364330122
c07,translation_compensated,4,16,any,2,196560,151247,0,15491,97,97,78,0.769469881969882,0.23053011803011803,1.1141091369810543
c07,translation_compensated,4,16,1_percent,0,196560,131117,0,0,90,38,1,0.6670584045584046,0.3329415954415954,1.0
c07,translation_compensated,4,16,1_percent,1,196560,149367,0,18250,97,96,2,0.7599053724053724,0.24009462759462763,1.1391886635600266
c07,translation_compensated,4,16,1_percent,2,196560,151124,0,20007,97,97,67,0.7688441188441189,0.23115588115588115,1.1525889091422166
c07,translation_compensated,4,16,5_percent,0,196560,119169,0,0,69,5,1,0.6062728937728937,0.39372710622710627,1.0
c07,translation_compensated,4,16,5_percent,1,196560,146368,0,27199,97,93,1,0.7446479446479446,0.2553520553520554,1.2282388876301722
c07,translation_compensated,4,16,5_percent,2,196560,150433,0,31264,97,97,40,0.7653286528286528,0.2346713471713472,1.2623501078300565
c07,translation_compensated,4,16,10_percent,0,196560,109076,0,0,42,1,1,0.5549247049247049,0.4450752950752951,1.0
c07,translation_compensated,4,16,10_percent,1,196560,142584,0,33508,96,81,1,0.7253968253968254,0.2746031746031746,1.3071986504822326
c07,translation_compensated,4,16,10_percent,2,196560,149480,0,40404,97,97,15,0.7604802604802605,0.23951973951973948,1.3704206241519674
c07,translation_compensated,4,32,any,0,49140,36777,0,0,97,96,1,0.7484126984126984,0.2515873015873016,1.0
c07,translation_compensated,4,32,any,1,49140,37825,0,1048,97,97,96,0.7697395197395197,0.2302604802604803,1.0284960709138864
c07,translation_compensated,4,32,any,2,49140,37830,0,1053,97,97,97,0.7698412698412699,0.23015873015873012,1.0286320254506893
c07,translation_compensated,4,32,1_percent,0,49140,35716,0,0,96,81,1,0.7268213268213268,0.27317867317867317,1.0
c07,translation_compensated,4,32,1_percent,1,49140,37783,0,2067,97,97,81,0.7688848188848189,0.23111518111518115,1.05787322208534
c07,translation_compensated,4,32,1_percent,2,49140,37830,0,2114,97,97,97,0.7698412698412699,0.23015873015873012,1.059189158920372
c07,translation_compensated,4,32,5_percent,0,49140,33065,0,0,91,44,1,0.6728734228734229,0.3271265771265771,1.0
c07,translation_compensated,4,32,5_percent,1,49140,37611,0,4546,97,97,47,0.7653846153846153,0.23461538461538467,1.1374867684863148
c07,translation_compensated,4,32,5_percent,2,49140,37821,0,4756,97,97,95,0.7696581196581197,0.2303418803418803,1.1438378950551944
c07,translation_compensated,4,32,10_percent,0,49140,30201,0,0,71,13,1,0.6145909645909646,0.38540903540903537,1.0
c07,translation_compensated,4,32,10_percent,1,49140,37267,0,7066,97,96,14,0.7583842083842084,0.2416157916157916,1.2339657627230887
c07,translation_compensated,4,32,10_percent,2,49140,37785,0,7584,97,97,84,0.768925518925519,0.23107448107448103,1.2511175126651435
c07,translation_compensated,4,64,any,0,13104,10077,1638,0,97,97,89,0.7690018315018315,0.23099816849816845,1.0
c07,translation_compensated,4,64,any,1,13104,10088,1638,11,97,97,97,0.7698412698412699,0.23015873015873012,1.001091594720651
c07,translation_compensated,4,64,any,2,13104,10088,1638,11,97,97,97,0.7698412698412699,0.23015873015873012,1.001091594720651
c07,translation_compensated,4,64,1_percent,0,13104,9958,1638,0,97,96,56,0.7599206349206349,0.24007936507936511,1.0
c07,translation_compensated,4,64,1_percent,1,13104,10088,1638,130,97,97,97,0.7698412698412699,0.23015873015873012,1.0130548302872062
c07,translation_compensated,4,64,1_percent,2,13104,10088,1638,130,97,97,97,0.7698412698412699,0.23015873015873012,1.0130548302872062
c07,translation_compensated,4,64,5_percent,0,13104,9444,1638,0,96,76,6,0.7206959706959707,0.2793040293040293,1.0
c07,translation_compensated,4,64,5_percent,1,13104,10081,1638,637,97,97,95,0.7693070818070818,0.23069291819291815,1.067450232952139
c07,translation_compensated,4,64,5_percent,2,13104,10088,1638,644,97,97,97,0.7698412698412699,0.23015873015873012,1.0681914443032614
c07,translation_compensated,4,64,10_percent,0,13104,8709,1638,0,83,46,2,0.6646062271062271,0.3353937728937729,1.0
c07,translation_compensated,4,64,10_percent,1,13104,10039,1638,1330,97,97,80,0.7661019536019537,0.23389804639804634,1.1527155815822712
c07,translation_compensated,4,64,10_percent,2,13104,10088,1638,1379,97,97,97,0.7698412698412699,0.23015873015873012,1.1583419451142496
c07,translation_compensated,8,8,any,0,786240,384641,0,0,4,1,0,0.4892157610907611,0.510784238909239,1.0
c07,translation_compensated,8,8,any,1,786240,522796,0,138155,94,29,1,0.6649318274318274,0.33506817256817256,1.3591790786733604
c07,translation_compensated,8,8,any,2,786240,572235,0,187594,97,84,1,0.7278121184371185,0.27218788156288154,1.4877119183862355
c07,translation_compensated,8,8,1_percent,0,786240,384641,0,0,4,1,0,0.4892157610907611,0.510784238909239,1.0
c07,translation_compensated,8,8,1_percent,1,786240,522796,0,138155,94,29,1,0.6649318274318274,0.33506817256817256,1.3591790786733604
c07,translation_compensated,8,8,1_percent,2,786240,572235,0,187594,97,84,1,0.7278121184371185,0.27218788156288154,1.4877119183862355
c07,translation_compensated,8,8,5_percent,0,786240,344325,0,0,1,1,0,0.4379387973137973,0.5620612026862026,1.0
c07,translation_compensated,8,8,5_percent,1,786240,494706,0,150381,84,2,0,0.6292048229548229,0.37079517704517706,1.4367414506643432
c07,translation_compensated,8,8,5_percent,2,786240,555356,0,211031,96,70,1,0.7063441188441189,0.29365588115588115,1.6128831772308139
c07,translation_compensated,8,8,10_percent,0,786240,319619,0,0,1,1,0,0.40651582214082216,0.5934841778591778,1.0
c07,translation_compensated,8,8,10_percent,1,786240,479230,0,159611,76,2,0,0.6095212657712658,0.39047873422873425,1.499378948060034
c07,translation_compensated,8,8,10_percent,2,786240,545400,0,225781,96,61,1,0.6936813186813187,0.30631868131868134,1.706406690465836
c07,translation_compensated,8,16,any,0,196560,118945,0,0,71,1,0,0.6051332926332926,0.39486670736670737,1.0
c07,translation_compensated,8,16,any,1,196560,146266,0,27321,97,95,1,0.7441290191290191,0.2558709808709809,1.2296943965698433
c07,translation_compensated,8,16,any,2,196560,150493,0,31548,97,97,29,0.7656339031339031,0.23436609686609688,1.2652318298373197
c07,translation_compensated,8,16,1_percent,0,196560,113817,0,0,59,1,0,0.5790445665445666,0.4209554334554334,1.0
c07,translation_compensated,8,16,1_percent,1,196560,144179,0,30362,97,93,1,0.733511396011396,0.26648860398860397,1.2667615558308514
c07,translation_compensated,8,16,1_percent,2,196560,149739,0,35922,97,97,6,0.7617979242979243,0.23820207570207574,1.315611903318485
c07,translation_compensated,8,16,5_percent,0,196560,102760,0,0,14,1,0,0.5227920227920227,0.47720797720797725,1.0
c07,translation_compensated,8,16,5_percent,1,196560,140154,0,37394,96,74,1,0.713034188034188,0.28696581196581195,1.3638964577656676
c07,translation_compensated,8,16,5_percent,2,196560,148596,0,45836,97,97,3,0.755982905982906,0.24401709401709404,1.4460490463215259
c07,translation_compensated,8,16,10_percent,0,196560,92408,0,0,3,1,0,0.47012617012617014,0.5298738298738299,1.0
c07,translation_compensated,8,16,10_percent,1,196560,134994,0,42586,94,53,1,0.6867826617826618,0.3132173382173382,1.4608475456670418
c07,translation_compensated,8,16,10_percent,2,196560,147157,0,54749,97,94,2,0.7486619861619862,0.2513380138380138,1.5924703488875422
c07,translation_compensated,8,32,any,0,49140,34790,0,0,96,69,1,0.707977207977208,0.292022792022792,1.0
c07,translation_compensated,8,32,any,1,49140,37744,0,2954,97,97,65,0.7680911680911681,0.23190883190883194,1.0849094567404427
c07,translation_compensated,8,32,any,2,49140,37830,0,3040,97,97,97,0.7698412698412699,0.23015873015873012,1.0873814314458177
c07,translation_compensated,8,32,1_percent,0,49140,32919,0,0,94,32,1,0.6699023199023199,0.33009768009768015,1.0
c07,translation_compensated,8,32,1_percent,1,49140,37521,0,4602,97,97,12,0.7635531135531135,0.2364468864468865,1.1397976852273763
c07,translation_compensated,8,32,1_percent,2,49140,37822,0,4903,97,97,93,0.7696784696784696,0.23032153032153035,1.1489413408669764
c07,translation_compensated,8,32,5_percent,0,49140,29593,0,0,71,3,1,0.6022181522181522,0.3977818477818478,1.0
c07,translation_compensated,8,32,5_percent,1,49140,37162,0,7569,97,95,8,0.7562474562474563,0.24375254375254374,1.255769945595242
c07,translation_compensated,8,32,5_percent,2,49140,37780,0,8187,97,97,83,0.7688237688237688,0.2311762311762312,1.2766532625958842
c07,translation_compensated,8,32,10_percent,0,49140,25866,0,0,33,1,1,0.5263736263736264,0.4736263736263736,1.0
c07,translation_compensated,8,32,10_percent,1,49140,36264,0,10398,96,84,6,0.737973137973138,0.262026862026862,1.4019948967756901
c07,translation_compensated,8,32,10_percent,2,49140,37558,0,11692,97,96,65,0.7643060643060643,0.2356939356939357,1.4520219593288486
c07,translation_compensated,8,64,any,0,13104,9894,1638,0,97,97,24,0.75503663003663,0.24496336996336998,1.0
c07,translation_compensated,8,64,any,1,13104,10088,1638,194,97,97,97,0.7698412698412699,0.23015873015873012,1.0196078431372548
c07,translation_compensated,8,64,any,2,13104,10088,1638,194,97,97,97,0.7698412698412699,0.23015873015873012,1.0196078431372548
c07,translation_compensated,8,64,1_percent,0,13104,9542,1638,0,97,92,3,0.7281746031746031,0.27182539682539686,1.0
c07,translation_compensated,8,64,1_percent,1,13104,10083,1638,541,97,97,93,0.769459706959707,0.230540293040293,1.056696709285265
c07,translation_compensated,8,64,1_percent,2,13104,10088,1638,546,97,97,97,0.7698412698412699,0.23015873015873012,1.0572207084468666
c07,translation_compensated,8,64,5_percent,0,13104,8725,1638,0,85,41,2,0.6658272283272283,0.3341727716727717,1.0
c07,translation_compensated,8,64,5_percent,1,13104,10041,1638,1316,97,97,82,0.7662545787545788,0.2337454212454212,1.1508309455587393
c07,translation_compensated,8,64,5_percent,2,13104,10088,1638,1363,97,97,97,0.7698412698412699,0.23015873015873012,1.15621776504298
c07,translation_compensated,8,64,10_percent,0,13104,7539,1638,0,63,9,1,0.5753205128205128,0.4246794871794872,1.0
c07,translation_compensated,8,64,10_percent,1,13104,9811,1638,2272,96,90,64,0.7487026862026862,0.2512973137973138,1.3013662289428307
c07,translation_compensated,8,64,10_percent,2,13104,10017,1638,2478,96,96,91,0.7644230769230769,0.23557692307692313,1.3286908077994428
c07,translation_compensated,16,8,any,0,786240,321487,0,0,1,1,0,0.40889168701668704,0.591108312983313,1.0
c07,translation_compensated,16,8,any,1,786240,473233,0,151746,77,1,0,0.6018938237688237,0.3981061762311763,1.472012865216945
c07,translation_compensated,16,8,any,2,786240,540845,0,219358,96,51,1,0.6878879222629223,0.3121120777370777,1.6823230799379134
c07,translation_compensated,16,8,1_percent,0,786240,321487,0,0,1,1,0,0.40889168701668704,0.591108312983313,1.0
c07,translation_compensated,16,8,1_percent,1,786240,473233,0,151746,77,1,0,0.6018938237688237,0.3981061762311763,1.472012865216945
c07,translation_compensated,16,8,1_percent,2,786240,540845,0,219358,96,51,1,0.6878879222629223,0.3121120777370777,1.6823230799379134
c07,translation_compensated,16,8,5_percent,0,786240,286743,0,0,1,1,0,0.3647016178266178,0.6352983821733822,1.0
c07,translation_compensated,16,8,5_percent,1,786240,452461,0,165718,56,1,0,0.5754744098494099,0.4245255901505901,1.5779321552749326
c07,translation_compensated,16,8,5_percent,2,786240,526266,0,239523,94,29,1,0.669345238095238,0.33065476190476195,1.8353229198271623
c07,translation_compensated,16,8,10_percent,0,786240,260478,0,0,1,1,0,0.33129578754578753,0.6687042124542124,1.0
c07,translation_compensated,16,8,10_percent,1,786240,434837,0,174359,41,1,0,0.5530588624338625,0.4469411375661375,1.6693809074086872
c07,translation_compensated,16,8,10_percent,2,786240,513989,0,253511,91,13,1,0.6537304131054131,0.34626958689458687,1.9732530194488593
c07,translation_compensated,16,16,any,0,196560,104594,0,0,10,1,0,0.5321225071225071,0.4678774928774929,1.0
c07,translation_compensated,16,16,any,1,196560,140388,0,35794,97,83,1,0.7142246642246642,0.28577533577533576,1.3422184828957684
c07,translation_compensated,16,16,any,2,196560,148843,0,44249,97,97,3,0.7572395197395198,0.24276048026048025,1.4230548597433887
c07,translation_compensated,16,16,1_percent,0,196560,100610,0,0,4,1,0,0.5118538868538869,0.4881461131461131,1.0
c07,translation_compensated,16,16,1_percent,1,196560,138502,0,37892,96,74,1,0.7046296296296296,0.2953703703703704,1.3766226021270251
c07,translation_compensated,16,16,1_percent,2,196560,148259,0,47649,97,96,2,0.7542684167684167,0.24573158323158328,1.4736010336944638
c07,translation_compensated,16,16,5_percent,0,196560,89161,0,0,2,1,0,0.4536070411070411,0.5463929588929589,1.0
c07,translation_compensated,16,16,5_percent,1,196560,133135,0,43974,92,44,1,0.6773249898249898,0.3226750101750102,1.4931976985453281
c07,translation_compensated,16,16,5_percent,2,196560,146359,0,57198,96,93,2,0.744602157102157,0.25539784289784295,1.6415136662890726
c07,translation_compensated,16,16,10_percent,0,196560,75688,0,0,1,1,0,0.38506308506308506,0.6149369149369149,1.0
c07,translation_compensated,16,16,10_percent,1,196560,123641,0,47953,80,16,1,0.6290242165242165,0.3709757834757835,1.633561462847479
c07,translation_compensated,16,16,10_percent,2,196560,141824,0,66136,95,80,2,0.7215303215303215,0.2784696784696785,1.8737976958038263
c07,translation_compensated,16,32,any,0,49140,32242,0,0,93,11,0,0.6561253561253562,0.34387464387464384,1.0
c07,translation_compensated,16,32,any,1,49140,37484,0,5242,97,97,10,0.7628001628001628,0.23719983719983717,1.162582966317226
c07,translation_compensated,16,32,any,2,49140,37811,0,5569,97,97,92,0.7694546194546195,0.23054538054538054,1.172725017058495
c07,translation_compensated,16,32,1_percent,0,49140,30517,0,0,81,3,0,0.6210215710215711,0.3789784289784289,1.0
c07,translation_compensated,16,32,1_percent,1,49140,37272,0,6755,97,96,9,0.7584859584859585,0.24151404151404154,1.2213520332929186
c07,translation_compensated,16,32,1_percent,2,49140,37794,0,7277,97,97,86,0.7691086691086692,0.23089133089133085,1.238457253334207
c07,translation_compensated,16,32,5_percent,0,49140,25878,0,0,31,1,0,0.5266178266178266,0.47338217338217337,1.0
c07,translation_compensated,16,32,5_percent,1,49140,36237,0,10359,95,84,7,0.7374236874236875,0.26257631257631253,1.4003014143287735
c07,translation_compensated,16,32,5_percent,2,49140,37536,0,11658,96,96,70,0.7638583638583638,0.2361416361416362,1.4504984929283562
c07,translation_compensated,16,32,10_percent,0,49140,20905,0,0,4,1,0,0.42541717541717544,0.5745828245828246,1.0
c07,translation_compensated,16,32,10_percent,1,49140,33770,0,12865,86,65,2,0.6872201872201872,0.3127798127798128,1.6154030136331021
c07,translation_compensated,16,32,10_percent,2,49140,36420,0,15515,95,87,45,0.7411477411477412,0.2588522588522588,1.7421669457067688
c07,translation_compensated,16,64,any,0,13104,9620,1638,0,97,94,3,0.7341269841269841,0.2658730158730159,1.0
c07,translation_compensated,16,64,any,1,13104,10083,1638,463,97,97,93,0.769459706959707,0.230540293040293,1.048128898128898
c07,translation_compensated,16,64,any,2,13104,10088,1638,468,97,97,97,0.7698412698412699,0.23015873015873012,1.0486486486486486
c07,translation_compensated,16,64,1_percent,0,13104,9189,1638,0,95,70,2,0.7012362637362637,0.2987637362637363,1.0
c07,translation_compensated,16,64,1_percent,1,13104,10065,1638,876,97,97,86,0.7680860805860806,0.23191391941391937,1.0953313744694744
c07,translation_compensated,16,64,1_percent,2,13104,10088,1638,899,97,97,97,0.7698412698412699,0.23015873015873012,1.0978343671781479
c07,translation_compensated,16,64,5_percent,0,13104,7720,1638,0,65,13,1,0.5891330891330891,0.41086691086691085,1.0
c07,translation_compensated,16,64,5_percent,1,13104,9813,1638,2093,96,91,65,0.7488553113553114,0.25114468864468864,1.2711139896373056
c07,translation_compensated,16,64,5_percent,2,13104,10023,1638,2303,96,96,92,0.7648809523809523,0.23511904761904767,1.2983160621761658
c07,translation_compensated,16,64,10_percent,0,13104,6007,1638,0,18,2,1,0.4584096459096459,0.5415903540903542,1.0
c07,translation_compensated,16,64,10_percent,1,13104,9182,1638,3175,85,71,29,0.7007020757020757,0.29929792429792434,1.5285500249708672
c07,translation_compensated,16,64,10_percent,2,13104,9748,1638,3741,95,86,70,0.7438949938949939,0.2561050061050061,1.62277343099717
c08,raw,0,8,any,0,886080,823797,0,0,137,112,0,0.9297095070422535,0.07029049295774648,1.0
c08,raw,0,8,any,1,886080,863032,0,39235,140,137,36,0.9739888046226074,0.026011195377392604,1.0476270246189292
c08,raw,0,8,any,2,886080,870937,0,47140,140,140,96,0.9829101209823041,0.017089879017695875,1.0572228352373219
c08,raw,0,8,1_percent,0,886080,823797,0,0,137,112,0,0.9297095070422535,0.07029049295774648,1.0
c08,raw,0,8,1_percent,1,886080,863032,0,39235,140,137,36,0.9739888046226074,0.026011195377392604,1.0476270246189292
c08,raw,0,8,1_percent,2,886080,870937,0,47140,140,140,96,0.9829101209823041,0.017089879017695875,1.0572228352373219
c08,raw,0,8,5_percent,0,886080,803300,0,0,132,101,0,0.9065772842181293,0.09342271578187067,1.0
c08,raw,0,8,5_percent,1,886080,859477,0,56177,140,136,14,0.9699767515348501,0.03002324846514992,1.0699327772936635
c08,raw,0,8,5_percent,2,886080,869945,0,66645,140,139,91,0.981790583243048,0.01820941675695198,1.0829640234034608
c08,raw,0,8,10_percent,0,886080,780924,0,0,127,82,0,0.8813244853737812,0.11867551462621884,1.0
c08,raw,0,8,10_percent,1,886080,854809,0,73885,140,134,8,0.964708604189238,0.035291395810762016,1.09461227981212
c08,raw,0,8,10_percent,2,886080,868448,0,87524,140,139,78,0.9801011195377393,0.019898880462260737,1.112077487694065
c08,raw,0,16,any,0,221520,212977,0,0,139,132,16,0.9614346334416757,0.03856536655832432,1.0
c08,raw,0,16,any,1,221520,218043,0,5066,140,140,108,0.9843039003250271,0.015696099674972874,1.0237866060654437
c08,raw,0,16,any,2,221520,218381,0,5404,140,140,136,0.9858297219212712,0.014170278078728837,1.025373631894524
c08,raw,0,16,1_percent,0,221520,211967,0,0,139,129,10,0.9568752257132539,0.043124774286746104,1.0
c08,raw,0,16,1_percent,1,221520,217972,0,6005,140,140,106,0.9839833875045143,0.016016612495485694,1.028329881538164
c08,raw,0,16,1_percent,2,221520,218374,0,6407,140,140,136,0.9857981220657277,0.0142018779342723,1.0302264031665307
c08,raw,0,16,5_percent,0,221520,207859,0,0,138,116,2,0.9383306247742867,0.06166937522571325,1.0
c08,raw,0,16,5_percent,1,221520,217430,0,9571,140,140,98,0.9815366558324304,0.018463344167569562,1.0460456367056514
c08,raw,0,16,5_percent,2,221520,218319,0,10460,140,140,130,0.9855498374864572,0.014450162513542808,1.0503225744374793
c08,raw,0,16,10_percent,0,221520,202071,0,0,131,100,1,0.9122020585048755,0.08779794149512454,1.0
c08,raw,0,16,10_percent,1,221520,215071,0,13000,140,137,74,0.9708875045142651,0.029112495485734913,1.0643338232601411
c08,raw,0,16,10_percent,2,221520,217473,0,15402,140,140,106,0.9817307692307692,0.018269230769230815,1.0762207342963612
c08,raw,0,32,any,0,55380,54271,0,0,140,139,98,0.9799747201155652,0.02002527988443481,1.0
c08,raw,0,32,any,1,55380,54600,0,329,140,140,140,0.9859154929577465,0.014084507042253502,1.006062169482781
c08,raw,0,32,any,2,55380,54600,0,329,140,140,140,0.9859154929577465,0.014084507042253502,1.006062169482781
c08,raw,0,32,1_percent,0,55380,54040,0,0,140,138,85,0.9758035391838209,0.0241964608161791,1.0
c08,raw,0,32,1_percent,1,55380,54597,0,557,140,140,138,0.9858613217768147,0.014138678223185264,1.0103071798667653
c08,raw,0,32,1_percent,2,55380,54600,0,560,140,140,140,0.9859154929577465,0.014084507042253502,1.0103626943005182
c08,raw,0,32,5_percent,0,55380,52762,0,0,138,123,56,0.9527266161068978,0.047273383893102205,1.0
c08,raw,0,32,5_percent,1,55380,54376,0,1614,140,139,113,0.9818707114481763,0.01812928855182372,1.0305901974906182
c08,raw,0,32,5_percent,2,55380,54584,0,1822,140,140,137,0.9856265799927771,0.014373420007222859,1.0345324286418256
c08,raw,0,32,10_percent,0,55380,51406,0,0,133,106,34,0.9282412423257493,0.07175875767425066,1.0
c08,raw,0,32,10_percent,1,55380,53742,0,2336,140,135,94,0.9704225352112676,0.029577464788732355,1.0454421662840914
c08,raw,0,32,10_percent,2,55380,54367,0,2961,140,140,113,0.981708197905381,0.018291802094619003,1.057600280122943
c08,raw,0,64,any,0,14768,14552,1846,0,140,140,136,0.985373781148429,0.014626218851571005,1.0
c08,raw,0,64,any,1,14768,14560,1846,8,140,140,140,0.9859154929577465,0.014084507042253502,1.000549752611325
c08,raw,0,64,any,2,14768,14560,1846,8,140,140,140,0.9859154929577465,0.014084507042253502,1.000549752611325
c08,raw,0,64,1_percent,0,14768,14513,1846,0,140,140,123,0.9827329360780065,0.01726706392199351,1.0
c08,raw,0,64,1_percent,1,14768,14560,1846,47,140,140,140,0.9859154929577465,0.014084507042253502,1.0032384758492385
c08,raw,0,64,1_percent,2,14768,14560,1846,47,140,140,140,0.9859154929577465,0.014084507042253502,1.0032384758492385
c08,raw,0,64,5_percent,0,14768,14182,1846,0,140,128,89,0.9603196099674973,0.03968039003250268,1.0
c08,raw,0,64,5_percent,1,14768,14540,1846,358,140,140,133,0.9845612134344529,0.015438786565547091,1.025243266111973
c08,raw,0,64,5_percent,2,14768,14556,1846,374,140,140,136,0.9856446370530878,0.014355362946912198,1.0263714567761952
c08,raw,0,64,10_percent,0,14768,13866,1846,0,138,107,69,0.9389219934994583,0.06107800650054174,1.0
c08,raw,0,64,10_percent,1,14768,14426,1846,560,140,140,106,0.9768418201516793,0.023158179848320692,1.0403865570460118
c08,raw,0,64,10_percent,2,14768,14530,1846,664,140,140,122,0.9838840736728061,0.01611592632719394,1.0478869176402712
c08,raw,1,8,any,0,886080,707050,0,0,110,16,0,0.7979527807872878,0.20204721921271218,1.0
c08,raw,1,8,any,1,886080,837060,0,130010,139,125,0,0.9446776814734561,0.0553223185265439,1.183876670673927
c08,raw,1,8,any,2,886080,862059,0,155009,140,138,22,0.9728907096424702,0.027109290357529847,1.2192334346934446
c08,raw,1,8,1_percent,0,886080,707050,0,0,110,16,0,0.7979527807872878,0.20204721921271218,1.0
c08,raw,1,8,1_percent,1,886080,837060,0,130010,139,125,0,0.9446776814734561,0.0553223185265439,1.183876670673927
c08,raw,1,8,1_percent,2,886080,862059,0,155009,140,138,22,0.9728907096424702,0.027109290357529847,1.2192334346934446
c08,raw,1,8,5_percent,0,886080,621722,0,0,52,0,0,0.701654478150957,0.29834552184904295,1.0
c08,raw,1,8,5_percent,1,886080,778680,0,156958,134,73,0,0.8787919826652221,0.12120801733477793,1.2524568858750373
c08,raw,1,8,5_percent,2,886080,827869,0,206147,140,123,0,0.9343050288912965,0.06569497110870348,1.3315742405769782
c08,raw,1,8,10_percent,0,886080,570611,0,0,33,0,0,0.643972327555074,0.35602767244492595,1.0
c08,raw,1,8,10_percent,1,886080,742256,0,171645,129,39,0,0.8376850848681835,0.1623149151318165,1.3008091326665627
c08,raw,1,8,10_percent,2,886080,802301,0,231690,139,101,0,0.9054498465149874,0.09455015348501261,1.4060384394973109
c08,raw,1,16,any,0,221520,200597,0,0,138,95,0,0.9055480317804262,0.0944519682195738,1.0
c08,raw,1,16,any,1,221520,216701,0,16104,140,140,65,0.978245756590827,0.02175424340917298,1.0802803631160984
c08,raw,1,16,any,2,221520,218214,0,17617,140,140,118,0.9850758396533045,0.014924160346695525,1.0878228487963428
c08,raw,1,16,1_percent,0,221520,190650,0,0,131,62,0,0.8606446370530878,0.1393553629469122,1.0
c08,raw,1,16,1_percent,1,221520,213315,0,22665,140,136,18,0.9629604550379198,0.03703954496208017,1.118882769472856
c08,raw,1,16,1_percent,2,221520,217447,0,26797,140,140,76,0.9816133983387505,0.018386601661249502,1.1405559926567008
c08,raw,1,16,5_percent,0,221520,169923,0,0,94,6,0,0.7670774647887324,0.2329225352112676,1.0
c08,raw,1,16,5_percent,1,221520,202678,0,32755,139,108,0,0.9149422174070061,0.0850577825929939,1.192763781242092
c08,raw,1,16,5_percent,2,221520,212689,0,42766,140,131,9,0.9601345250993139,0.03986547490068615,1.2516787015295163
c08,raw,1,16,10_percent,0,221520,153643,0,0,55,0,0,0.6935852293246659,0.30641477067533407,1.0
c08,raw,1,16,10_percent,1,221520,193009,0,39366,134,67,0,0.8712937883712532,0.12870621162874685,1.2562173349908554
c08,raw,1,16,10_percent,2,221520,206503,0,52860,140,118,3,0.9322092813289996,0.0677907186710004,1.3440443105120312
c08,raw,1,32,any,0,55380,53401,0,0,140,136,33,0.9642650776453593,0.03573492235464071,1.0
c08,raw,1,32,any,1,55380,54585,0,1184,140,140,134,0.9856446370530878,0.014355362946912198,1.0221718694406472
c08,raw,1,32,any,2,55380,54600,0,1199,140,140,140,0.9859154929577465,0.014084507042253502,1.0224527630568716
c08,raw,1,32,1_percent,0,55380,50195,0,0,138,101,1,0.9063741422896352,0.0936258577103648,1.0
c08,raw,1,32,1_percent,1,55380,54223,0,4028,140,140,84,0.9791079812206572,0.02089201877934277,1.080247036557426
c08,raw,1,32,1_percent,2,55380,54578,0,4383,140,140,132,0.9855182376309137,0.01448176236908627,1.0873194541288973
c08,raw,1,32,5_percent,0,55380,45121,0,0,115,33,0,0.814752618273745,0.185247381726255,1.0
c08,raw,1,32,5_percent,1,55380,52354,0,7233,140,127,14,0.9453593355001806,0.054640664499819414,1.160302298264666
c08,raw,1,32,5_percent,2,55380,54141,0,9020,140,139,94,0.9776273022751896,0.02237269772481043,1.1999069169566277
c08,raw,1,32,10_percent,0,55380,41138,0,0,79,7,0,0.7428313470566992,0.2571686529433008,1.0
c08,raw,1,32,10_percent,1,55380,50673,0,9535,138,104,1,0.9150054171180931,0.08499458288190687,1.2317808352374933
c08,raw,1,32,10_percent,2,55380,53566,0,12428,140,136,63,0.9672444925966053,0.032755507403394724,1.3021051096309981
c08,raw,1,64,any,0,14768,14496,1846,0,140,140,114,0.9815817984832069,0.018418201516793076,1.0
c08,raw,1,64,any,1,14768,14560,1846,64,140,140,140,0.9859154929577465,0.014084507042253502,1.0044150110375276
c08,raw,1,64,any,2,14768,14560,1846,64,140,140,140,0.9859154929577465,0.014084507042253502,1.0044150110375276
c08,raw,1,64,1_percent,0,14768,13789,1846,0,140,116,9,0.9337080173347779,0.06629198266522207,1.0
c08,raw,1,64,1_percent,1,14768,14531,1846,742,140,140,126,0.9839517876489707,0.016048212351029267,1.0538110087751107
c08,raw,1,64,1_percent,2,14768,14560,1846,771,140,140,140,0.9859154929577465,0.014084507042253502,1.0559141344550003
c08,raw,1,64,5_percent,0,14768,12523,1846,0,128,51,0,0.8479821235102926,0.15201787648970744,1.0
c08,raw,1,64,5_percent,1,14768,14318,1846,1795,140,139,84,0.9695287107258939,0.03047128927410614,1.1433362612792461
c08,raw,1,64,5_percent,2,14768,14512,1846,1989,140,140,117,0.9826652221018418,0.017334777898158182,1.1588277569272538
c08,raw,1,64,10_percent,0,14768,11577,1846,0,101,26,0,0.7839247020585048,0.21607529794149516,1.0
c08,raw,1,64,10_percent,1,14768,14075,1846,2498,140,134,55,0.9530742145178764,0.04692578548212356,1.215772652673404
c08,raw,1,64,10_percent,2,14768,14467,1846,2890,140,140,99,0.9796180931744312,0.02038190682556884,1.249632892804699
c08,raw,2,8,any,0,886080,560244,0,0,31,0,0,0.6322724810400867,0.3677275189599133,1.0
c08,raw,2,8,any,1,886080,740403,0,180159,126,39,0,0.8355938515709642,0.16440614842903578,1.3215723863173903
c08,raw,2,8,any,2,886080,808643,0,248399,140,106,0,0.9126072137955941,0.08739278620440594,1.443376457400704
c08,raw,2,8,1_percent,0,886080,560244,0,0,31,0,0,0.6322724810400867,0.3677275189599133,1.0
c08,raw,2,8,1_percent,1,886080,740403,0,180159,126,39,0,0.8355938515709642,0.16440614842903578,1.3215723863173903
c08,raw,2,8,1_percent,2,886080,808643,0,248399,140,106,0,0.9126072137955941,0.08739278620440594,1.443376457400704
c08,raw,2,8,5_percent,0,886080,478059,0,0,6,0,0,0.5395212621885157,0.4604787378114843,1.0
c08,raw,2,8,5_percent,1,886080,646613,0,168554,69,2,0,0.7297456211628747,0.27025437883712533,1.352579911684541
c08,raw,2,8,5_percent,2,886080,727493,0,249434,114,37,0,0.8210240610328638,0.17897593896713615,1.5217640500440321
c08,raw,2,8,10_percent,0,886080,442432,0,0,2,0,0,0.49931383170819793,0.500686168291802,1.0
c08,raw,2,8,10_percent,1,886080,608753,0,166321,52,0,0,0.6870181022029613,0.31298189779703867,1.3759244358455085
c08,raw,2,8,10_percent,2,886080,691021,0,248589,93,15,0,0.7798629920548935,0.2201370079451065,1.561869394618834
c08,raw,2,16,any,0,221520,169627,0,0,91,3,0,0.7657412423257494,0.23425875767425064,1.0
c08,raw,2,16,any,1,221520,206918,0,37291,140,120,0,0.9340827013362225,0.06591729866377749,1.2198411809440715
c08,raw,2,16,any,2,221520,215589,0,45962,140,140,28,0.9732258938244853,0.026774106175514678,1.2709592222936208
c08,raw,2,16,1_percent,0,221520,155325,0,0,54,0,0,0.7011782231852655,0.29882177681473454,1.0
c08,raw,2,16,1_percent,1,221520,195946,0,40621,135,82,0,0.8845521849042975,0.11544781509570246,1.261522613874135
c08,raw,2,16,1_percent,2,221520,209254,0,53929,140,124,4,0.944628024557602,0.055371975442398025,1.3472010300981812
c08,raw,2,16,5_percent,0,221520,135264,0,0,23,0,0,0.6106175514626219,0.38938244853737813,1.0
c08,raw,2,16,5_percent,1,221520,177589,0,42325,111,26,0,0.8016838208739617,0.19831617912603827,1.312906612254554
c08,raw,2,16,5_percent,2,221520,195067,0,59803,137,69,0,0.8805841459010473,0.11941585409895272,1.4421205938017507
c08,raw,2,16,10_percent,0,221520,123970,0,0,8,0,0,0.5596334416756952,0.4403665583243048,1.0
c08,raw,2,16,10_percent,1,221520,169022,0,45052,84,4,0,0.7630101119537739,0.23698988804622612,1.3634105025409373
c08,raw,2,16,10_percent,2,221520,188836,0,64866,134,48,0,0.8524557602022391,0.14754423979776088,1.5232394934258289
c08,raw,2,32,any,0,55380,49036,0,0,135,83,0,0.8854460093896713,0.11455399061032867,1.0
c08,raw,2,32,any,1,55380,54281,0,5245,140,140,82,0.980155290718671,0.019844709281328976,1.1069622318296761
c08,raw,2,32,any,2,55380,54589,0,5553,140,140,136,0.9857168652943301,0.014283134705669887,1.11324333142997
c08,raw,2,32,1_percent,0,55380,42569,0,0,88,14,0,0.7686710003611412,0.23132899963885878,1.0
c08,raw,2,32,1_percent,1,55380,51194,0,8625,140,110,6,0.9244131455399061,0.07558685446009394,1.2026122295567196
c08,raw,2,32,1_percent,2,55380,53710,0,11141,140,138,68,0.969844709281329,0.030155290718670957,1.2617162724048017
c08,raw,2,32,5_percent,0,55380,37611,0,0,47,0,0,0.6791440953412784,0.3208559046587216,1.0
c08,raw,2,32,5_percent,1,55380,48548,0,10937,137,69,0,0.8766341639581077,0.12336583604189233,1.2907925872749992
c08,raw,2,32,5_percent,2,55380,52802,0,15191,140,132,21,0.953448898519321,0.04655110148067898,1.4038977958575949
c08,raw,2,32,10_percent,0,55380,34311,0,0,29,0,0,0.6195557963163597,0.3804442036836403,1.0
c08,raw,2,32,10_percent,1,55380,46973,0,12662,131,51,0,0.8481942939689419,0.15180570603105814,1.3690361691585788
c08,raw,2,32,10_percent,2,55380,52069,0,17758,140,121,6,0.9402130733116648,0.059786926688335185,1.5175599661916004
c08,raw,2,64,any,0,14768,13974,1846,0,140,126,22,0.9462351029252438,0.05376489707475618,1.0
c08,raw,2,64,any,1,14768,14557,1846,583,140,140,139,0.9857123510292525,0.014287648970747524,1.0417203377701445
c08,raw,2,64,any,2,14768,14560,1846,586,140,140,140,0.9859154929577465,0.014084507042253502,1.0419350221840562
c08,raw,2,64,1_percent,0,14768,12192,1846,0,120,35,0,0.8255687973997833,0.17443120260021672,1.0
c08,raw,2,64,1_percent,1,14768,14237,1846,2045,140,139,71,0.9640438786565547,0.03595612134344528,1.167732939632546
c08,raw,2,64,1_percent,2,14768,14478,1846,2286,140,140,99,0.9803629469122427,0.019637053087757317,1.1875
c08,raw,2,64,5_percent,0,14768,10970,1846,0,75,4,0,0.7428223185265439,0.2571776814734561,1.0
c08,raw,2,64,5_percent,1,14768,13935,1846,2965,140,132,26,0.9435942578548212,0.056405742145178794,1.2702825888787603
c08,raw,2,64,5_percent,2,14768,14425,1846,3455,140,140,88,0.9767741061755146,0.023225893824485366,1.3149498632634458
c08,raw,2,64,10_percent,0,14768,9917,1846,0,50,0,0,0.6715195016251354,0.3284804983748646,1.0
c08,raw,2,64,10_percent,1,14768,13501,1846,3584,136,108,11,0.91420639219935,0.08579360780065004,1.3613996168196028
c08,raw,2,64,10_percent,2,14768,14330,1846,4413,140,139,74,0.97034127843987,0.029658721560130052,1.4449934455984672
c08,raw,4,8,any,0,886080,417788,0,0,0,0,0,0.47150144456482485,0.5284985554351751,1.0
c08,raw,4,8,any,1,886080,580949,0,163161,32,0,0,0.6556394456482485,0.3443605543517515,1.3905353911553229
c08,raw,4,8,any,2,886080,670216,0,252428,78,3,0,0.7563831708197906,0.24361682918020944,1.6042011738010666
c08,raw,4,8,1_percent,0,886080,417788,0,0,0,0,0,0.47150144456482485,0.5284985554351751,1.0
c08,raw,4,8,1_percent,1,886080,580949,0,163161,32,0,0,0.6556394456482485,0.3443605543517515,1.3905353911553229
c08,raw,4,8,1_percent,2,886080,670216,0,252428,78,3,0,0.7563831708197906,0.24361682918020944,1.6042011738010666
c08,raw,4,8,5_percent,0,886080,377889,0,0,0,0,0,0.4264727789815818,0.5735272210184181,1.0
c08,raw,4,8,5_percent,1,886080,542808,0,164919,19,0,0,0.6125947995666305,0.38740520043336946,1.4364218064034677
c08,raw,4,8,5_percent,2,886080,631987,0,254098,55,0,0,0.7132392109064645,0.28676078909353553,1.6724143862351113
c08,raw,4,8,10_percent,0,886080,354205,0,0,0,0,0,0.3997438154568436,0.6002561845431564,1.0
c08,raw,4,8,10_percent,1,886080,524719,0,170514,12,0,0,0.5921801643192488,0.4078198356807512,1.481399189734758
c08,raw,4,8,10_percent,2,886080,615432,0,261227,46,0,0,0.6945557963163597,0.30544420368364034,1.7375022938693694
c08,raw,4,16,any,0,221520,129869,0,0,10,0,0,0.5862630913687251,0.4137369086312749,1.0
c08,raw,4,16,any,1,221520,175915,0,46046,101,14,0,0.7941269411339834,0.2058730588660166,1.3545572846483764
c08,raw,4,16,any,2,221520,195941,0,66072,139,76,0,0.8845296135789094,0.11547038642109064,1.508758826201788
c08,raw,4,16,1_percent,0,221520,123612,0,0,3,0,0,0.5580173347778982,0.44198266522210183,1.0
c08,raw,4,16,1_percent,1,221520,169288,0,45676,83,2,0,0.7642109064644276,0.23578909353557242,1.3695110507070511
c08,raw,4,16,1_percent,2,221520,190166,0,66554,136,56,0,0.8584597327555074,0.14154026724449265,1.5384105103064427
c08,raw,4,16,5_percent,0,221520,112733,0,0,2,0,0,0.5089066449981943,0.49109335500180573,1.0
c08,raw,4,16,5_percent,1,221520,160311,0,47578,59,0,0,0.7236863488624052,0.27631365113759476,1.4220414607967498
c08,raw,4,16,5_percent,2,221520,182630,0,69897,129,29,0,0.824440231130372,0.17555976886962799,1.6200225311133385
c08,raw,4,16,10_percent,0,221520,103054,0,0,0,0,0,0.46521307331166484,0.5347869266883352,1.0
c08,raw,4,16,10_percent,1,221520,153666,0,50612,49,0,0,0.6936890574214518,0.3063109425785482,1.4911211597803093
c08,raw,4,16,10_percent,2,221520,178197,0,75143,119,22,0,0.8044284940411701,0.19557150595882988,1.7291614105226387
c08,raw,4,32,any,0,55380,39594,0,0,61,1,0,0.7149512459371614,0.2850487540628386,1.0
c08,raw,4,32,any,1,55380,50433,0,10839,140,98,0,0.9106717226435537,0.08932827735644633,1.273753599030156
c08,raw,4,32,any,2,55380,53494,0,13900,140,139,53,0.9659443842542434,0.03405561574575655,1.3510632924180432
c08,raw,4,32,1_percent,0,55380,36287,0,0,34,0,0,0.6552365474900687,0.34476345250993135,1.0
c08,raw,4,32,1_percent,1,55380,47951,0,11664,137,56,0,0.8658540989526905,0.1341459010473095,1.3214374293824234
c08,raw,4,32,1_percent,2,55380,52627,0,16340,140,133,14,0.9502889129649693,0.04971108703503069,1.4502990051533606
c08,raw,4,32,5_percent,0,55380,32630,0,0,17,0,0,0.5892018779342723,0.41079812206572774,1.0
c08,raw,4,32,5_percent,1,55380,46141,0,13511,129,39,0,0.8331708197905381,0.1668291802094619,1.4140668096843396
c08,raw,4,32,5_percent,2,55380,51675,0,19045,139,117,4,0.9330985915492958,0.06690140845070425,1.5836653386454183
c08,raw,4,32,10_percent,0,55380,28862,0,0,3,0,0,0.5211628746840015,0.47883712531599854,1.0
c08,raw,4,32,10_percent,1,55380,44160,0,15298,114,29,0,0.7973997833152763,0.20260021668472372,1.530039498302266
c08,raw,4,32,10_percent,2,55380,50560,0,21698,134,101,1,0.9129649693029974,0.08703503069700258,1.7517843531286814
c08,raw,4,64,any,0,14768,12164,1846,0,126,28,0,0.8236728060671723,0.1763271939328277,1.0
c08,raw,4,64,any,1,14768,14280,1846,2116,140,140,76,0.9669555796316359,0.03304442036836408,1.1739559355475173
c08,raw,4,64,any,2,14768,14496,1846,2332,140,140,108,0.9815817984832069,0.018418201516793076,1.1917132522196645
c08,raw,4,64,1_percent,0,14768,10989,1846,0,74,0,0,0.7441088840736728,0.2558911159263272,1.0
c08,raw,4,64,1_percent,1,14768,13996,1846,3007,140,135,25,0.9477248104008668,0.05227518959913324,1.2736372736372736
c08,raw,4,64,1_percent,2,14768,14422,1846,3433,140,140,86,0.9765709642470206,0.023429035752979388,1.3124033124033123
c08,raw,4,64,5_percent,0,14768,9803,1846,0,45,0,0,0.6638001083423619,0.3361998916576381,1.0
c08,raw,4,64,5_percent,1,14768,13564,1846,3761,136,111,8,0.9184723726977249,0.08152762730227514,1.3836580638580027
c08,raw,4,64,5_percent,2,14768,14344,1846,4541,140,139,78,0.9712892741061755,0.028710725893824507,1.4632255432010608
c08,raw,4,64,10_percent,0,14768,8380,1846,0,22,0,0,0.5674431202600216,0.43255687973997836,1.0
c08,raw,4,64,10_percent,1,14768,12638,1846,4258,126,70,3,0.8557692307692307,0.14423076923076927,1.5081145584725537
c08,raw,4,64,10_percent,2,14768,13980,1846,5600,134,131,54,0.9466413867822319,0.053358613217768136,1.668257756563246
c08,raw,8,8,any,0,886080,332451,0,0,0,0,0,0.37519298483206937,0.6248070151679306,1.0
c08,raw,8,8,any,1,886080,501988,0,169537,3,0,0,0.5665267244492597,0.43347327555074033,1.5099608664133963
c08,raw,8,8,any,2,886080,597801,0,265350,33,0,0,0.6746580444203684,0.32534195557963164,1.7981627367642148
c08,raw,8,8,1_percent,0,886080,332451,0,0,0,0,0,0.37519298483206937,0.6248070151679306,1.0
c08,raw,8,8,1_percent,1,886080,501988,0,169537,3,0,0,0.5665267244492597,0.43347327555074033,1.5099608664133963
c08,raw,8,8,1_percent,2,886080,597801,0,265350,33,0,0,0.6746580444203684,0.32534195557963164,1.7981627367642148
c08,raw,8,8,5_percent,0,886080,299073,0,0,0,0,0,0.33752369989165765,0.6624763001083424,1.0
c08,raw,8,8,5_percent,1,886080,473747,0,174674,2,0,0,0.534654884434814,0.465345115565186,1.5840513854477
c08,raw,8,8,5_percent,2,886080,571298,0,272225,26,0,0,0.6447476525821596,0.3552523474178404,1.9102292751268084
c08,raw,8,8,10_percent,0,886080,276356,0,0,0,0,0,0.31188605994944024,0.6881139400505598,1.0
c08,raw,8,8,10_percent,1,886080,455760,0,179404,0,0,0,0.5143553629469122,0.4856446370530878,1.6491771483159403
c08,raw,8,8,10_percent,2,886080,555575,0,279219,22,0,0,0.6270032051282052,0.3729967948717948,2.010359825732027
c08,raw,8,16,any,0,221520,109317,0,0,0,0,0,0.4934859154929577,0.5065140845070423,1.0
c08,raw,8,16,any,1,221520,158809,0,49492,49,0,0,0.7169059227157819,0.2830940772842181,1.452738366402298
c08,raw,8,16,any,2,221520,183434,0,74117,134,25,0,0.8280697002527988,0.1719302997472012,1.678000676930395
c08,raw,8,16,1_percent,0,221520,104452,0,0,0,0,0,0.4715240158902131,0.5284759841097869,1.0
c08,raw,8,16,1_percent,1,221520,154392,0,49940,42,0,0,0.6969664138678223,0.3030335861321777,1.4781143491747406
c08,raw,8,16,1_percent,2,221520,179384,0,74932,126,20,0,0.8097869266883352,0.19021307331166482,1.7173821468234214
c08,raw,8,16,5_percent,0,221520,93667,0,0,0,0,0,0.4228376670278079,0.5771623329721921,1.0
c08,raw,8,16,5_percent,1,221520,146063,0,52396,30,0,0,0.6593671000361141,0.3406328999638859,1.5593859096586844
c08,raw,8,16,5_percent,2,221520,173064,0,79397,106,14,0,0.7812567713976165,0.2187432286023835,1.8476517877160579
c08,raw,8,16,10_percent,0,221520,82024,0,0,0,0,0,0.37027807872878293,0.6297219212712171,1.0
c08,raw,8,16,10_percent,1,221520,136820,0,54796,25,0,0,0.6176417479234381,0.38235825207656193,1.6680483760850482
c08,raw,8,16,10_percent,2,221520,165978,0,83954,83,9,0,0.7492686890574215,0.2507313109425785,2.0235296986247926
c08,raw,8,32,any,0,55380,34863,0,0,20,0,0,0.6295232936078007,0.3704767063921993,1.0
c08,raw,8,32,any,1,55380,47839,0,12976,137,54,0,0.8638317081979053,0.13616829180209467,1.3721997533201389
c08,raw,8,32,any,2,55380,52597,0,17734,140,135,12,0.9497472011556518,0.05025279884434819,1.5086768206981613
c08,raw,8,32,1_percent,0,55380,32168,0,0,6,0,0,0.5808595160707837,0.4191404839292163,1.0
c08,raw,8,32,1_percent,1,55380,45985,0,13817,129,33,0,0.8303539183820874,0.16964608161791261,1.4295262372544144
c08,raw,8,32,1_percent,2,55380,51707,0,19539,140,121,4,0.9336764174792344,0.06632358252076564,1.607404874409351
c08,raw,8,32,5_percent,0,55380,27706,0,0,1,0,0,0.5002889129649694,0.49971108703503064,1.0
c08,raw,8,32,5_percent,1,55380,43421,0,15715,112,20,0,0.7840556157457566,0.21594438425424345,1.5672056594239514
c08,raw,8,32,5_percent,2,55380,50103,0,22397,133,95,1,0.9047128927410617,0.0952871072589383,1.8083808561322456
c08,raw,8,32,10_percent,0,55380,22780,0,0,0,0,0,0.41133983387504514,0.5886601661249549,1.0
c08,raw,8,32,10_percent,1,55380,39786,0,17006,78,9,0,0.718418201516793,0.28158179848320697,1.7465320456540825
c08,raw,8,32,10_percent,2,55380,47631,0,24851,124,74,0,0.8600758396533045,0.13992416034669553,2.0909130816505708
c08,raw,8,64,any,0,14768,11152,1846,0,82,1,0,0.7551462621885157,0.24485373781148434,1.0
c08,raw,8,64,any,1,14768,14073,1846,2921,140,137,45,0.9529387865655471,0.04706121343445291,1.261926111908178
c08,raw,8,64,any,2,14768,14434,1846,3282,140,140,90,0.9773835319609967,0.0226164680390033,1.2942969870875178
c08,raw,8,64,1_percent,0,14768,10149,1846,0,47,0,0,0.6872291440953413,0.3127708559046587,1.0
c08,raw,8,64,1_percent,1,14768,13763,1846,3614,140,123,9,0.9319474539544962,0.06805254604550381,1.3560941964725588
c08,raw,8,64,1_percent,2,14768,14377,1846,4228,140,140,80,0.97352383531961,0.026476164680390046,1.4165927677603705
c08,raw,8,64,5_percent,0,14768,8385,1846,0,19,0,0,0.5677816901408451,0.4322183098591549,1.0
c08,raw,8,64,5_percent,1,14768,12764,1846,4379,128,76,5,0.8643011917659805,0.13569880823401947,1.522242098986285
c08,raw,8,64,5_percent,2,14768,13996,1846,5611,137,130,60,0.9477248104008668,0.05227518959913324,1.6691711389385808
c08,raw,8,64,10_percent,0,14768,6512,1846,0,5,0,0,0.4409534127843987,0.5590465872156013,1.0
c08,raw,8,64,10_percent,1,14768,11315,1846,4803,106,36,1,0.7661836403033586,0.23381635969664138,1.737561425061425
c08,raw,8,64,10_percent,2,14768,13145,1846,6633,122,119,26,0.8901002166847237,0.10989978331527628,2.018581081081081
c08,raw,16,8,any,0,886080,251510,0,0,0,0,0,0.2838457024196461,0.7161542975803539,1.0
c08,raw,16,8,any,1,886080,425954,0,174444,0,0,0,0.48071731672083784,0.5192826832791622,1.6935867361138721
c08,raw,16,8,any,2,886080,528061,0,276551,8,0,0,0.5959518327916216,0.40404816720837844,2.0995626416444675
c08,raw,16,8,1_percent,0,886080,251510,0,0,0,0,0,0.2838457024196461,0.7161542975803539,1.0
c08,raw,16,8,1_percent,1,886080,425954,0,174444,0,0,0,0.48071731672083784,0.5192826832791622,1.6935867361138721
c08,raw,16,8,1_percent,2,886080,528061,0,276551,8,0,0,0.5959518327916216,0.40404816720837844,2.0995626416444675
c08,raw,16,8,5_percent,0,886080,219397,0,0,0,0,0,0.24760405381003972,0.7523959461899603,1.0
c08,raw,16,8,5_percent,1,886080,398636,0,179239,0,0,0,0.44988714337305885,0.5501128566269411,1.816961945696614
c08,raw,16,8,5_percent,2,886080,502875,0,283478,5,0,0,0.5675277627302275,0.43247223726977246,2.292077831510914
c08,raw,16,8,10_percent,0,886080,196440,0,0,0,0,0,0.2216955579631636,0.7783044420368364,1.0
c08,raw,16,8,10_percent,1,886080,377766,0,181326,0,0,0,0.4263339653304442,0.5736660346695558,1.9230604764813684
c08,raw,16,8,10_percent,2,886080,483325,0,286885,3,0,0,0.5454642921632358,0.4545357078367642,2.460420484626349
c08,raw,16,16,any,0,221520,89483,0,0,0,0,0,0.4039499819429397,0.5960500180570603,1.0
c08,raw,16,16,any,1,221520,142016,0,52533,21,0,0,0.6410978692668834,0.3589021307331166,1.5870724048143223
c08,raw,16,16,any,2,221520,170203,0,80720,99,7,0,0.7683414590104731,0.23165854098952687,1.9020707843948013
c08,raw,16,16,1_percent,0,221520,84907,0,0,0,0,0,0.3832927049476345,0.6167072950523655,1.0
c08,raw,16,16,1_percent,1,221520,138240,0,53333,20,0,0,0.6240520043336945,0.37594799566630555,1.6281343116586382
c08,raw,16,16,1_percent,2,221520,167253,0,82346,90,5,0,0.7550243770314193,0.24497562296858066,1.9698375870069607
c08,raw,16,16,5_percent,0,221520,72749,0,0,0,0,0,0.3284082701336222,0.6715917298663778,1.0
c08,raw,16,16,5_percent,1,221520,127801,0,55052,9,0,0,0.5769275911881546,0.4230724088118454,1.7567389242463813
c08,raw,16,16,5_percent,2,221520,158596,0,85847,68,2,0,0.7159443842542434,0.28405561574575655,2.1800437119410576
c08,raw,16,16,10_percent,0,221520,57836,0,0,0,0,0,0.261087035030697,0.7389129649693029,1.0
c08,raw,16,16,10_percent,1,221520,113185,0,55349,2,0,0,0.51094709281329,0.48905290718671,1.9569991009060101
c08,raw,16,16,10_percent,2,221520,146312,0,88476,45,0,0,0.6604911520404478,0.33950884795955216,2.5297738432810015
c08,raw,16,32,any,0,55380,30285,0,0,0,0,0,0.5468580715059588,0.4531419284940412,1.0
c08,raw,16,32,any,1,55380,45024,0,14739,125,23,0,0.8130010834236187,0.18699891657638135,1.4866765725606736
c08,raw,16,32,any,2,55380,51304,0,21019,140,114,1,0.92639942217407,0.07360057782592999,1.6940399537724946
c08,raw,16,32,1_percent,0,55380,27385,0,0,0,0,0,0.49449259660527267,0.5055074033947273,1.0
c08,raw,16,32,1_percent,1,55380,43074,0,15689,108,15,0,0.7777898158179848,0.2222101841820152,1.572904874931532
c08,raw,16,32,1_percent,2,55380,50076,0,22691,134,100,0,0.9042253521126761,0.09577464788732393,1.8285922950520357
c08,raw,16,32,5_percent,0,55380,21502,0,0,0,0,0,0.3882629107981221,0.6117370892018779,1.0
c08,raw,16,32,5_percent,1,55380,38668,0,17166,69,6,0,0.698230408089563,0.30176959191043695,1.7983443400613897
c08,raw,16,32,5_percent,2,55380,46829,0,25327,121,69,0,0.8455940772842181,0.1544059227157819,2.1778904287973213
c08,raw,16,32,10_percent,0,55380,15725,0,0,0,0,0,0.2839472733838931,0.716052726616107,1.0
c08,raw,16,32,10_percent,1,55380,32725,0,17000,35,1,0,0.5909172986637775,0.4090827013362225,2.081081081081081
c08,raw,16,32,10_percent,2,55380,42137,0,26412,105,42,0,0.76087035030697,0.23912964969302997,2.679618441971383
c08,raw,16,64,any,0,14768,10177,1846,0,40,0,0,0.6891251354279523,0.3108748645720477,1.0
c08,raw,16,64,any,1,14768,13830,1846,3653,140,122,18,0.9364842903575298,0.06351570964247022,1.3589466443942222
c08,raw,16,64,any,2,14768,14384,1846,4207,140,140,82,0.9739978331527628,0.026002166847237218,1.413383118797288
c08,raw,16,64,1_percent,0,14768,8959,1846,0,20,0,0,0.6066495124593716,0.3933504875406284,1.0
c08,raw,16,64,1_percent,1,14768,13275,1846,4316,134,95,4,0.8989030335861322,0.10109696641386778,1.4817501953343006
c08,raw,16,64,1_percent,2,14768,14209,1846,5250,139,134,68,0.9621478873239436,0.03785211267605637,1.5860029021096105
c08,raw,16,64,5_percent,0,14768,6458,1846,0,1,0,0,0.437296858071506,0.562703141928494,1.0
c08,raw,16,64,5_percent,1,14768,11282,1846,4824,106,39,1,0.7639490790899242,0.23605092091007585,1.7469804893155776
c08,raw,16,64,5_percent,2,14768,12972,1846,6514,122,116,34,0.878385698808234,0.12161430119176597,2.008671415298854
c08,raw,16,64,10_percent,0,14768,4252,1846,0,0,0,0,0.28791982665222104,0.712080173347779,1.0
c08,raw,16,64,10_percent,1,14768,9178,1846,4926,60,12,0,0.6214788732394366,0.3785211267605634,2.1585136406396987
c08,raw,16,64,10_percent,2,14768,11552,1846,7300,107,85,10,0.7822318526543879,0.21776814734561212,2.7168391345249296
c08,translation_compensated,0,8,any,0,886080,824260,0,0,137,112,0,0.9302320332249909,0.06976796677500907,1.0
c08,translation_compensated,0,8,any,1,886080,863039,0,38779,140,137,39,0.9739967045864933,0.026003295413506655,1.0470470482614709
c08,translation_compensated,0,8,any,2,886080,870937,0,46677,140,140,96,0.9829101209823041,0.017089879017695875,1.0566289762938879
c08,translation_compensated,0,8,1_percent,0,886080,824260,0,0,137,112,0,0.9302320332249909,0.06976796677500907,1.0
c08,translation_compensated,0,8,1_percent,1,886080,863039,0,38779,140,137,39,0.9739967045864933,0.026003295413506655,1.0470470482614709
c08,translation_compensated,0,8,1_percent,2,886080,870937,0,46677,140,140,96,0.9829101209823041,0.017089879017695875,1.0566289762938879
c08,translation_compensated,0,8,5_percent,0,886080,803927,0,0,132,101,0,0.9072848952690502,0.0927151047309498,1.0
c08,translation_compensated,0,8,5_percent,1,886080,859494,0,55567,140,136,16,0.9699959371614301,0.030004062838569934,1.0691194598514542
c08,translation_compensated,0,8,5_percent,2,886080,869945,0,66018,140,139,91,0.981790583243048,0.01820941675695198,1.0821193964128584
c08,translation_compensated,0,8,10_percent,0,886080,781564,0,0,127,82,0,0.8820467677862044,0.11795323221379561,1.0
c08,translation_compensated,0,8,10_percent,1,886080,854842,0,73278,140,134,9,0.9647458468761285,0.03525415312387148,1.0937581567216503
c08,translation_compensated,0,8,10_percent,2,886080,868448,0,86884,140,139,78,0.9801011195377393,0.019898880462260737,1.111166839823738
c08,translation_compensated,0,16,any,0,221520,212997,0,0,139,132,19,0.9615249187432287,0.03847508125677135,1.0
c08,translation_compensated,0,16,any,1,221520,218043,0,5046,140,140,108,0.9843039003250271,0.015696099674972874,1.0236904745137256
c08,translation_compensated,0,16,any,2,221520,218381,0,5384,140,140,136,0.9858297219212712,0.014170278078728837,1.025277351324197
c08,translation_compensated,0,16,1_percent,0,221520,211992,0,0,139,129,12,0.9569880823401951,0.043011917659804944,1.0
c08,translation_compensated,0,16,1_percent,1,221520,217972,0,5980,140,140,106,0.9839833875045143,0.016016612495485694,1.0282086116457225
c08,translation_compensated,0,16,1_percent,2,221520,218374,0,6382,140,140,136,0.9857981220657277,0.0142018779342723,1.030104909619231
c08,translation_compensated,0,16,5_percent,0,221520,207929,0,0,138,116,3,0.9386466233297219,0.06135337667027807,1.0
c08,translation_compensated,0,16,5_percent,1,221520,217430,0,9501,140,140,98,0.9815366558324304,0.018463344167569562,1.0456934819096904
c08,translation_compensated,0,16,5_percent,2,221520,218319,0,10390,140,140,130,0.9855498374864572,0.014450162513542808,1.0499689797959881
c08,translation_compensated,0,16,10_percent,0,221520,202218,0,0,131,100,1,0.9128656554712893,0.08713434452871072,1.0
c08,translation_compensated,0,16,10_percent,1,221520,215071,0,12853,140,137,74,0.9708875045142651,0.029112495485734913,1.063560118288184
c08,translation_compensated,0,16,10_percent,2,221520,217473,0,15255,140,140,106,0.9817307692307692,0.018269230769230815,1.0754383882740408
c08,translation_compensated,0,32,any,0,55380,54271,0,0,140,139,98,0.9799747201155652,0.02002527988443481,1.0
c08,translation_compensated,0,32,any,1,55380,54600,0,329,140,140,140,0.9859154929577465,0.014084507042253502,1.006062169482781
c08,translation_compensated,0,32,any,2,55380,54600,0,329,140,140,140,0.9859154929577465,0.014084507042253502,1.006062169482781
c08,translation_compensated,0,32,1_percent,0,55380,54040,0,0,140,138,85,0.9758035391838209,0.0241964608161791,1.0
c08,translation_compensated,0,32,1_percent,1,55380,54597,0,557,140,140,138,0.9858613217768147,0.014138678223185264,1.0103071798667653
c08,translation_compensated,0,32,1_percent,2,55380,54600,0,560,140,140,140,0.9859154929577465,0.014084507042253502,1.0103626943005182
c08,translation_compensated,0,32,5_percent,0,55380,52765,0,0,138,123,58,0.9527807872878296,0.047219212712170444,1.0
c08,translation_compensated,0,32,5_percent,1,55380,54376,0,1611,140,139,113,0.9818707114481763,0.01812928855182372,1.0305316023879465
c08,translation_compensated,0,32,5_percent,2,55380,54584,0,1819,140,140,137,0.9856265799927771,0.014373420007222859,1.0344736094001705
c08,translation_compensated,0,32,10_percent,0,55380,51427,0,0,133,106,37,0.9286204405922716,0.07137955940772844,1.0
c08,translation_compensated,0,32,10_percent,1,55380,53742,0,2315,140,135,94,0.9704225352112676,0.029577464788732355,1.0450152643552997
c08,translation_compensated,0,32,10_percent,2,55380,54367,0,2940,140,140,113,0.981708197905381,0.018291802094619003,1.0571684134793007
c08,translation_compensated,0,64,any,0,14768,14552,1846,0,140,140,136,0.985373781148429,0.014626218851571005,1.0
c08,translation_compensated,0,64,any,1,14768,14560,1846,8,140,140,140,0.9859154929577465,0.014084507042253502,1.000549752611325
c08,translation_compensated,0,64,any,2,14768,14560,1846,8,140,140,140,0.9859154929577465,0.014084507042253502,1.000549752611325
c08,translation_compensated,0,64,1_percent,0,14768,14513,1846,0,140,140,123,0.9827329360780065,0.01726706392199351,1.0
c08,translation_compensated,0,64,1_percent,1,14768,14560,1846,47,140,140,140,0.9859154929577465,0.014084507042253502,1.0032384758492385
c08,translation_compensated,0,64,1_percent,2,14768,14560,1846,47,140,140,140,0.9859154929577465,0.014084507042253502,1.0032384758492385
c08,translation_compensated,0,64,5_percent,0,14768,14182,1846,0,140,128,89,0.9603196099674973,0.03968039003250268,1.0
c08,translation_compensated,0,64,5_percent,1,14768,14540,1846,358,140,140,133,0.9845612134344529,0.015438786565547091,1.025243266111973
c08,translation_compensated,0,64,5_percent,2,14768,14556,1846,374,140,140,136,0.9856446370530878,0.014355362946912198,1.0263714567761952
c08,translation_compensated,0,64,10_percent,0,14768,13867,1846,0,138,107,70,0.9389897074756229,0.06101029252437706,1.0
c08,translation_compensated,0,64,10_percent,1,14768,14426,1846,559,140,140,106,0.9768418201516793,0.023158179848320692,1.0403115309728133
c08,translation_compensated,0,64,10_percent,2,14768,14530,1846,663,140,140,122,0.9838840736728061,0.01611592632719394,1.0478113506886855
c08,translation_compensated,1,8,any,0,886080,706830,0,0,110,15,0,0.7977044962080173,0.2022955037919827,1.0
c08,translation_compensated,1,8,any,1,886080,837042,0,130212,139,125,0,0.9446573672806067,0.055342632719393325,1.1842196850727897
c08,translation_compensated,1,8,any,2,886080,862100,0,155270,140,138,21,0.9729369808595161,0.027063019140483924,1.2196709251163647
c08,translation_compensated,1,8,1_percent,0,886080,706830,0,0,110,15,0,0.7977044962080173,0.2022955037919827,1.0
c08,translation_compensated,1,8,1_percent,1,886080,837042,0,130212,139,125,0,0.9446573672806067,0.055342632719393325,1.1842196850727897
c08,translation_compensated,1,8,1_percent,2,886080,862100,0,155270,140,138,21,0.9729369808595161,0.027063019140483924,1.2196709251163647
c08,translation_compensated,1,8,5_percent,0,886080,621228,0,0,52,0,0,0.7010969664138679,0.2989030335861321,1.0
c08,translation_compensated,1,8,5_percent,1,886080,778248,0,157020,134,72,0,0.8783044420368364,0.12169555796316356,1.2527574417122216
c08,translation_compensated,1,8,5_percent,2,886080,827532,0,206304,140,123,0,0.9339247020585049,0.06607529794149514,1.3320906333906393
c08,translation_compensated,1,8,10_percent,0,886080,570010,0,0,32,0,0,0.6432940592271578,0.35670594077284223,1.0
c08,translation_compensated,1,8,10_percent,1,886080,741849,0,171839,129,36,0,0.837225758396533,0.16277424160346698,1.301466640936124
c08,translation_compensated,1,8,10_percent,2,886080,801783,0,231773,139,101,0,0.9048652491874323,0.09513475081256773,1.406612164698865
c08,translation_compensated,1,16,any,0,221520,200588,0,0,138,95,0,0.9055074033947274,0.09449259660527265,1.0
c08,translation_compensated,1,16,any,1,221520,216707,0,16119,140,140,68,0.9782728421812928,0.021727157818707155,1.0803587452888508
c08,translation_compensated,1,16,any,2,221520,218214,0,17626,140,140,118,0.9850758396533045,0.014924160346695525,1.0878716573274574
c08,translation_compensated,1,16,1_percent,0,221520,190587,0,0,131,61,0,0.8603602383531961,0.13963976164680392,1.0
c08,translation_compensated,1,16,1_percent,1,221520,213297,0,22710,140,136,16,0.9628791982665222,0.03712080173347776,1.1191581797289427
c08,translation_compensated,1,16,1_percent,2,221520,217446,0,26859,140,140,76,0.9816088840736729,0.01839111592632714,1.1409277652725527
c08,translation_compensated,1,16,5_percent,0,221520,169848,0,0,94,6,0,0.766738894907909,0.23326110509209097,1.0
c08,translation_compensated,1,16,5_percent,1,221520,202540,0,32692,139,108,0,0.9143192488262911,0.08568075117370888,1.1924779803118082
c08,translation_compensated,1,16,5_percent,2,221520,212591,0,42743,140,131,9,0.9596921271217046,0.0403078728782954,1.2516544204229665
c08,translation_compensated,1,16,10_percent,0,221520,153565,0,0,56,0,0,0.6932331166486096,0.30676688335139035,1.0
c08,translation_compensated,1,16,10_percent,1,221520,192966,0,39401,134,64,0,0.8710996749729144,0.1289003250270856,1.2565753915280176
c08,translation_compensated,1,16,10_percent,2,221520,206476,0,52911,140,118,2,0.9320873961719032,0.06791260382809683,1.3445511672581643
c08,translation_compensated,1,32,any,0,55380,53405,0,0,140,136,34,0.9643373058866017,0.035662694113398286,1.0
c08,translation_compensated,1,32,any,1,55380,54585,0,1180,140,140,134,0.9856446370530878,0.014355362946912198,1.0220953094279561
c08,translation_compensated,1,32,any,2,55380,54600,0,1195,140,140,140,0.9859154929577465,0.014084507042253502,1.0223761820054302
c08,translation_compensated,1,32,1_percent,0,55380,50166,0,0,138,101,1,0.9058504875406284,0.09414951245937164,1.0
c08,translation_compensated,1,32,1_percent,1,55380,54214,0,4048,140,140,79,0.9789454676778621,0.021054532322137942,1.0806921022206275
c08,translation_compensated,1,32,1_percent,2,55380,54578,0,4412,140,140,132,0.9855182376309137,0.01448176236908627,1.087948012598174
c08,translation_compensated,1,32,5_percent,0,55380,45093,0,0,115,33,0,0.8142470205850487,0.18575297941495128,1.0
c08,translation_compensated,1,32,5_percent,1,55380,52345,0,7252,140,127,15,0.9451968219573853,0.0548031780426147,1.1608231876344444
c08,translation_compensated,1,32,5_percent,2,55380,54141,0,9048,140,139,94,0.9776273022751896,0.02237269772481043,1.2006519858958153
c08,translation_compensated,1,32,10_percent,0,55380,41123,0,0,80,7,0,0.7425604911520405,0.2574395088479595,1.0
c08,translation_compensated,1,32,10_percent,1,55380,50670,0,9547,138,104,1,0.9149512459371615,0.08504875406283852,1.2321571869756585
c08,translation_compensated,1,32,10_percent,2,55380,53570,0,12447,140,136,62,0.9673167208378476,0.03268327916215241,1.3026773338521023
c08,translation_compensated,1,64,any,0,14768,14496,1846,0,140,140,114,0.9815817984832069,0.018418201516793076,1.0
c08,translation_compensated,1,64,any,1,14768,14560,1846,64,140,140,140,0.9859154929577465,0.014084507042253502,1.0044150110375276
c08,translation_compensated,1,64,any,2,14768,14560,1846,64,140,140,140,0.9859154929577465,0.014084507042253502,1.0044150110375276
c08,translation_compensated,1,64,1_percent,0,14768,13789,1846,0,140,116,9,0.9337080173347779,0.06629198266522207,1.0
c08,translation_compensated,1,64,1_percent,1,14768,14531,1846,742,140,140,126,0.9839517876489707,0.016048212351029267,1.0538110087751107
c08,translation_compensated,1,64,1_percent,2,14768,14560,1846,771,140,140,140,0.9859154929577465,0.014084507042253502,1.0559141344550003
c08,translation_compensated,1,64,5_percent,0,14768,12525,1846,0,128,49,0,0.8481175514626219,0.1518824485373781,1.0
c08,translation_compensated,1,64,5_percent,1,14768,14318,1846,1793,140,139,84,0.9695287107258939,0.03047128927410614,1.1431536926147705
c08,translation_compensated,1,64,5_percent,2,14768,14512,1846,1987,140,140,117,0.9826652221018418,0.017334777898158182,1.1586427145708582
c08,translation_compensated,1,64,10_percent,0,14768,11584,1846,0,101,26,0,0.7843986998916577,0.21560130010834233,1.0
c08,translation_compensated,1,64,10_percent,1,14768,14085,1846,2501,140,134,58,0.9537513542795233,0.04624864572047671,1.2159012430939227
c08,translation_compensated,1,64,10_percent,2,14768,14467,1846,2883,140,140,99,0.9796180931744312,0.02038190682556884,1.2488777624309393
c08,translation_compensated,2,8,any,0,886080,559495,0,0,29,0,0,0.6314271849042976,0.3685728150957024,1.0
c08,translation_compensated,2,8,any,1,886080,740102,0,180607,126,37,0,0.8352541531238714,0.1647458468761286,1.3228035996747067
c08,translation_compensated,2,8,any,2,886080,808400,0,248905,140,106,0,0.9123329721921272,0.08766702780787283,1.4448743956603722
c08,translation_compensated,2,8,1_percent,0,886080,559495,0,0,29,0,0,0.6314271849042976,0.3685728150957024,1.0
c08,translation_compensated,2,8,1_percent,1,886080,740102,0,180607,126,37,0,0.8352541531238714,0.1647458468761286,1.3228035996747067
c08,translation_compensated,2,8,1_percent,2,886080,808400,0,248905,140,106,0,0.9123329721921272,0.08766702780787283,1.4448743956603722
c08,translation_compensated,2,8,5_percent,0,886080,476805,0,0,5,0,0,0.5381060400866738,0.46189395991332616,1.0
c08,translation_compensated,2,8,5_percent,1,886080,645913,0,169108,69,2,0,0.7289556247742868,0.27104437522571323,1.3546690995270603
c08,translation_compensated,2,8,5_percent,2,886080,726941,0,250136,114,34,0,0.8204010924521488,0.17959890754785124,1.5246085926112352
c08,translation_compensated,2,8,10_percent,0,886080,440972,0,0,3,0,0,0.49766612495485735,0.5023338750451427,1.0
c08,translation_compensated,2,8,10_percent,1,886080,607893,0,166921,53,0,0,0.6860475352112676,0.3139524647887324,1.3785297025661494
c08,translation_compensated,2,8,10_percent,2,886080,690536,0,249564,93,14,0,0.7793156374142289,0.22068436258577107,1.5659406946472791
c08,translation_compensated,2,16,any,0,221520,169540,0,0,91,4,0,0.7653485012639942,0.23465149873600577,1.0
c08,translation_compensated,2,16,any,1,221520,206861,0,37321,140,120,0,0.9338253882267967,0.06617461177320327,1.2201309425504305
c08,translation_compensated,2,16,any,2,221520,215555,0,46015,140,140,25,0.9730724088118454,0.026927591188154576,1.2714108764893242
c08,translation_compensated,2,16,1_percent,0,221520,155215,0,0,55,0,0,0.7006816540267244,0.29931834597327556,1.0
c08,translation_compensated,2,16,1_percent,1,221520,195858,0,40643,135,82,0,0.8841549295774648,0.11584507042253522,1.2618496923622073
c08,translation_compensated,2,16,1_percent,2,221520,209188,0,53973,140,124,4,0.9443300830624775,0.055669916937522546,1.3477305672776472
c08,translation_compensated,2,16,5_percent,0,221520,135043,0,0,20,0,0,0.6096198988804623,0.3903801011195377,1.0
c08,translation_compensated,2,16,5_percent,1,221520,177489,0,42446,111,24,0,0.8012323943661972,0.1987676056338028,1.3143146997622979
c08,translation_compensated,2,16,5_percent,2,221520,195078,0,60035,137,69,0,0.8806338028169014,0.1193661971830986,1.4445621024414446
c08,translation_compensated,2,16,10_percent,0,221520,123645,0,0,7,0,0,0.5581663055254604,0.4418336944745396,1.0
c08,translation_compensated,2,16,10_percent,1,221520,168852,0,45207,84,5,0,0.7622426868905742,0.23775731310942583,1.3656193133567875
c08,translation_compensated,2,16,10_percent,2,221520,188840,0,65195,134,49,0,0.8524738172625497,0.14752618273745033,1.5272756682437625
c08,translation_compensated,2,32,any,0,55380,49033,0,0,135,84,0,0.8853918382087396,0.11460816179126043,1.0
c08,translation_compensated,2,32,any,1,55380,54277,0,5244,140,140,79,0.9800830624774287,0.019916937522571287,1.106948381702119
c08,translation_compensated,2,32,any,2,55380,54589,0,5556,140,140,136,0.9857168652943301,0.014283134705669887,1.1133114433136868
c08,translation_compensated,2,32,1_percent,0,55380,42546,0,0,89,15,0,0.7682556879739978,0.2317443120260022,1.0
c08,translation_compensated,2,32,1_percent,1,55380,51214,0,8668,140,110,6,0.9247742867461177,0.07522571325388228,1.203732430780802
c08,translation_compensated,2,32,1_percent,2,55380,53730,0,11184,140,138,70,0.9702058504875406,0.0297941495124594,1.2628684247637851
c08,translation_compensated,2,32,5_percent,0,55380,37585,0,0,49,0,0,0.6786746117732033,0.3213253882267967,1.0
c08,translation_compensated,2,32,5_percent,1,55380,48563,0,10978,137,70,0,0.8769050198627664,0.12309498013723363,1.2920846082213648
c08,translation_compensated,2,32,5_percent,2,55380,52827,0,15242,140,132,22,0.9539003250270855,0.04609967497291445,1.4055341226553146
c08,translation_compensated,2,32,10_percent,0,55380,34254,0,0,27,0,0,0.6185265438786566,0.3814734561213434,1.0
c08,translation_compensated,2,32,10_percent,1,55380,46982,0,12728,131,52,0,0.8483568075117371,0.15164319248826286,1.3715770420972733
c08,translation_compensated,2,32,10_percent,2,55380,52078,0,17824,140,121,5,0.9403755868544601,0.0596244131455399,1.520347988556081
c08,translation_compensated,2,64,any,0,14768,13979,1846,0,140,126,24,0.9465736728060672,0.05342632719393281,1.0
c08,translation_compensated,2,64,any,1,14768,14557,1846,578,140,140,139,0.9857123510292525,0.014287648970747524,1.0413477358895487
c08,translation_compensated,2,64,any,2,14768,14560,1846,581,140,140,140,0.9859154929577465,0.014084507042253502,1.041562343515273
c08,translation_compensated,2,64,1_percent,0,14768,12196,1846,0,120,37,0,0.8258396533044421,0.1741603466955579,1.0
c08,translation_compensated,2,64,1_percent,1,14768,14245,1846,2049,140,139,75,0.9645855904658721,0.03541440953412789,1.1680059035749426
c08,translation_compensated,2,64,1_percent,2,14768,14478,1846,2282,140,140,99,0.9803629469122427,0.019637053087757317,1.187110528041981
c08,translation_compensated,2,64,5_percent,0,14768,10962,1846,0,75,4,0,0.7422806067172264,0.2577193932827736,1.0
c08,translation_compensated,2,64,5_percent,1,14768,13940,1846,2978,140,132,26,0.9439328277356447,0.056067172264355314,1.271665754424375
c08,translation_compensated,2,64,5_percent,2,14768,14428,1846,3466,140,140,89,0.9769772481040087,0.023022751895991345,1.3161831782521438
c08,translation_compensated,2,64,10_percent,0,14768,9899,1846,0,49,0,0,0.6703006500541712,0.32969934994582883,1.0
c08,translation_compensated,2,64,10_percent,1,14768,13501,1846,3602,136,107,9,0.91420639219935,0.08579360780065004,1.3638751389029196
c08,translation_compensated,2,64,10_percent,2,14768,14333,1846,4434,140,139,75,0.9705444203683641,0.02945557963163592,1.447924032730579
c08,translation_compensated,4,8,any,0,886080,416595,0,0,0,0,0,0.4701550650054171,0.5298449349945829,1.0
c08,translation_compensated,4,8,any,1,886080,580388,0,163793,31,0,0,0.6550063199711087,0.3449936800288913,1.3931708253819657
c08,translation_compensated,4,8,any,2,886080,669964,0,253369,78,3,0,0.7560987721198988,0.24390122788010116,1.6081902087158992
c08,translation_compensated,4,8,1_percent,0,886080,416595,0,0,0,0,0,0.4701550650054171,0.5298449349945829,1.0
c08,translation_compensated,4,8,1_percent,1,886080,580388,0,163793,31,0,0,0.6550063199711087,0.3449936800288913,1.3931708253819657
c08,translation_compensated,4,8,1_percent,2,886080,669964,0,253369,78,3,0,0.7560987721198988,0.24390122788010116,1.6081902087158992
c08,translation_compensated,4,8,5_percent,0,886080,376479,0,0,0,0,0,0.4248815005417118,0.5751184994582882,1.0
c08,translation_compensated,4,8,5_percent,1,886080,542174,0,165695,17,0,0,0.6118792885518237,0.3881207114481763,1.4401175098743888
c08,translation_compensated,4,8,5_percent,2,886080,631748,0,255269,56,0,0,0.7129694835680751,0.2870305164319249,1.6780431312237867
c08,translation_compensated,4,8,10_percent,0,886080,352566,0,0,0,0,0,0.39789409534127845,0.6021059046587216,1.0
c08,translation_compensated,4,8,10_percent,1,886080,523942,0,171376,11,0,0,0.5913032683279162,0.40869673167208376,1.4860820385403017
c08,translation_compensated,4,8,10_percent,2,886080,615032,0,262466,47,0,0,0.6941043698085951,0.30589563019140487,1.7444450117141188
c08,translation_compensated,4,16,any,0,221520,129726,0,0,8,0,0,0.5856175514626218,0.41438244853737816,1.0
c08,translation_compensated,4,16,any,1,221520,175872,0,46146,100,12,0,0.7939328277356447,0.20606717226435534,1.3557189769205864
c08,translation_compensated,4,16,any,2,221520,195987,0,66261,139,76,0,0.884737269772481,0.11526273022751898,1.510776559826095
c08,translation_compensated,4,16,1_percent,0,221520,123429,0,0,3,0,0,0.5571912242686891,0.44280877573131094,1.0
c08,translation_compensated,4,16,1_percent,1,221520,169276,0,45847,83,2,0,0.7641567352834958,0.2358432647165042,1.3714443121146571
c08,translation_compensated,4,16,1_percent,2,221520,190287,0,66858,136,57,0,0.8590059588299025,0.1409940411700975,1.541671730306492
c08,translation_compensated,4,16,5_percent,0,221520,112530,0,0,2,0,0,0.5079902491874323,0.4920097508125677,1.0
c08,translation_compensated,4,16,5_percent,1,221520,160300,0,47770,60,0,0,0.7236366919465511,0.2763633080534489,1.4245090198169377
c08,translation_compensated,4,16,5_percent,2,221520,182681,0,70151,129,30,0,0.8246704586493319,0.17532954135066814,1.6233982049231317
c08,translation_compensated,4,16,10_percent,0,221520,102782,0,0,0,0,0,0.4639851932105453,0.5360148067894547,1.0
c08,translation_compensated,4,16,10_percent,1,221520,153603,0,50821,51,0,0,0.6934046587215601,0.3065953412784399,1.4944542818781499
c08,translation_compensated,4,16,10_percent,2,221520,178187,0,75405,119,22,0,0.8043833513903936,0.19561664860960637,1.733640131540542
c08,translation_compensated,4,32,any,0,55380,39605,0,0,63,1,0,0.7151498736005778,0.2848501263994222,1.0
c08,translation_compensated,4,32,any,1,55380,50454,0,10849,140,99,0,0.9110509209100759,0.08894907908992411,1.2739300593359424
c08,translation_compensated,4,32,any,2,55380,53509,0,13904,140,139,55,0.9662152401589021,0.033784759841097856,1.3510667844969069
c08,translation_compensated,4,32,1_percent,0,55380,36284,0,0,34,0,0,0.6551823763091369,0.3448176236908631,1.0
c08,translation_compensated,4,32,1_percent,1,55380,47995,0,11711,137,58,0,0.866648609606356,0.13335139039364396,1.3227593429610849
c08,translation_compensated,4,32,1_percent,2,55380,52671,0,16387,140,133,16,0.9510834236186348,0.04891657638136515,1.4516315731451879
c08,translation_compensated,4,32,5_percent,0,55380,32593,0,0,15,0,0,0.5885337667027808,0.4114662332972192,1.0
c08,translation_compensated,4,32,5_percent,1,55380,46171,0,13578,129,40,0,0.8337125315998556,0.1662874684001444,1.416592519866229
c08,translation_compensated,4,32,5_percent,2,55380,51708,0,19115,139,116,4,0.933694474539545,0.06630552546045498,1.5864756236001596
c08,translation_compensated,4,32,10_percent,0,55380,28810,0,0,3,0,0,0.5202239075478512,0.4797760924521488,1.0
c08,translation_compensated,4,32,10_percent,1,55380,44164,0,15354,114,29,0,0.7974720115565186,0.2025279884434814,1.5329399514057618
c08,translation_compensated,4,32,10_percent,2,55380,50593,0,21783,134,100,1,0.9135608522932467,0.08643914770675332,1.7560916348490108
c08,translation_compensated,4,64,any,0,14768,12174,1846,0,127,27,0,0.824349945828819,0.17565005417118096,1.0
c08,translation_compensated,4,64,any,1,14768,14283,1846,2109,140,140,77,0.96715872156013,0.03284127843986995,1.173238048299655
c08,translation_compensated,4,64,any,2,14768,14497,1846,2323,140,140,108,0.9816495124593716,0.018350487540628402,1.1908164941678987
c08,translation_compensated,4,64,1_percent,0,14768,10997,1846,0,75,0,0,0.7446505958829902,0.2553494041170098,1.0
c08,translation_compensated,4,64,1_percent,1,14768,14012,1846,3015,140,135,27,0.9488082340195017,0.05119176598049835,1.2741656815495135
c08,translation_compensated,4,64,1_percent,2,14768,14428,1846,3431,140,140,88,0.9769772481040087,0.023022751895991345,1.311994180230972
c08,translation_compensated,4,64,5_percent,0,14768,9794,1846,0,46,0,0,0.6631906825568797,0.33680931744312026,1.0
c08,translation_compensated,4,64,5_percent,1,14768,13574,1846,3780,136,110,7,0.9191495124593716,0.0808504875406284,1.3859505819889728
c08,translation_compensated,4,64,5_percent,2,14768,14350,1846,4556,140,139,80,0.9716955579631636,0.028304442036836353,1.4651827649581377
c08,translation_compensated,4,64,10_percent,0,14768,8372,1846,0,22,0,0,0.5669014084507042,0.43309859154929575,1.0
c08,translation_compensated,4,64,10_percent,1,14768,12655,1846,4283,126,70,3,0.8569203683640303,0.1430796316359697,1.5115862398471094
c08,translation_compensated,4,64,10_percent,2,14768,13991,1846,5619,134,131,56,0.9473862405200434,0.05261375947995661,1.671165790731008
c08,translation_compensated,8,8,any,0,886080,331158,0,0,0,0,0,0.37373374864572045,0.6262662513542796,1.0
c08,translation_compensated,8,8,any,1,886080,501371,0,170213,3,0,0,0.5658303990610328,0.43416960093896717,1.513993320408989
c08,translation_compensated,8,8,any,2,886080,597489,0,266331,33,0,0,0.6743059317443121,0.3256940682556879,1.804241479897813
c08,translation_compensated,8,8,1_percent,0,886080,331158,0,0,0,0,0,0.37373374864572045,0.6262662513542796,1.0
c08,translation_compensated,8,8,1_percent,1,886080,501371,0,170213,3,0,0,0.5658303990610328,0.43416960093896717,1.513993320408989
c08,translation_compensated,8,8,1_percent,2,886080,597489,0,266331,33,0,0,0.6743059317443121,0.3256940682556879,1.804241479897813
c08,translation_compensated,8,8,5_percent,0,886080,297643,0,0,0,0,0,0.3359098501263994,0.6640901498736006,1.0
c08,translation_compensated,8,8,5_percent,1,886080,473257,0,175614,2,0,0,0.5341018869628025,0.4658981130371975,1.5900155555480895
c08,translation_compensated,8,8,5_percent,2,886080,571151,0,273508,25,0,0,0.6445817533405561,0.3554182466594439,1.9189129258877247
c08,translation_compensated,8,8,10_percent,0,886080,274623,0,0,0,0,0,0.30993025460455037,0.6900697453954496,1.0
c08,translation_compensated,8,8,10_percent,1,886080,455109,0,180486,0,0,0,0.5136206663055255,0.4863793336944745,1.6572137075190352
c08,translation_compensated,8,8,10_percent,2,886080,555297,0,280674,19,0,0,0.6266894637053088,0.37331053629469124,2.022033842758982
c08,translation_compensated,8,16,any,0,221520,109146,0,0,0,0,0,0.4927139761646804,0.5072860238353196,1.0
c08,translation_compensated,8,16,any,1,221520,158785,0,49639,49,0,0,0.7167975803539184,0.2832024196460816,1.4547944954464662
c08,translation_compensated,8,16,any,2,221520,183450,0,74304,134,26,0,0.8281419284940412,0.17185807150595878,1.6807762080149524
c08,translation_compensated,8,16,1_percent,0,221520,104292,0,0,0,0,0,0.4708017334777898,0.5291982665222101,1.0
c08,translation_compensated,8,16,1_percent,1,221520,154406,0,50114,42,0,0,0.6970296135789094,0.30297038642109064,1.480516242856595
c08,translation_compensated,8,16,1_percent,2,221520,179449,0,75157,126,21,0,0.8100803539183821,0.18991964608161793,1.7206401258006367
c08,translation_compensated,8,16,5_percent,0,221520,93389,0,0,0,0,0,0.42158270133622244,0.5784172986637776,1.0
c08,translation_compensated,8,16,5_percent,1,221520,146032,0,52643,30,0,0,0.6592271578187071,0.3407728421812929,1.563695938493827
c08,translation_compensated,8,16,5_percent,2,221520,173091,0,79702,106,13,0,0.781378656554713,0.21862134344528705,1.8534409834134642
c08,translation_compensated,8,16,10_percent,0,221520,81660,0,0,0,0,0,0.36863488624052004,0.63136511375948,1.0
c08,translation_compensated,8,16,10_percent,1,221520,136664,0,55004,23,0,0,0.6169375225713254,0.3830624774286746,1.6735733529267696
c08,translation_compensated,8,16,10_percent,2,221520,165908,0,84248,82,8,0,0.7489526905019863,0.2510473094980137,2.0316923830516775
c08,translation_compensated,8,32,any,0,55380,34860,0,0,19,0,0,0.6294691224268689,0.3705308775731311,1.0
c08,translation_compensated,8,32,any,1,55380,47868,0,13008,137,55,0,0.8643553629469123,0.1356446370530877,1.3731497418244407
c08,translation_compensated,8,32,any,2,55380,52644,0,17784,140,135,13,0.9505958829902492,0.04940411700975078,1.5101549053356282
c08,translation_compensated,8,32,1_percent,0,55380,32160,0,0,6,0,0,0.580715059588299,0.41928494041170095,1.0
c08,translation_compensated,8,32,1_percent,1,55380,46004,0,13844,129,33,0,0.8306970025279884,0.1693029974720116,1.4304726368159204
c08,translation_compensated,8,32,1_percent,2,55380,51734,0,19574,140,120,3,0.9341639581076201,0.0658360418923799,1.6086442786069652
c08,translation_compensated,8,32,5_percent,0,55380,27652,0,0,1,0,0,0.49931383170819793,0.500686168291802,1.0
c08,translation_compensated,8,32,5_percent,1,55380,43415,0,15763,112,20,0,0.7839472733838931,0.21605272661610686,1.5700491826992622
c08,translation_compensated,8,32,5_percent,2,55380,50127,0,22475,133,95,0,0.9051462621885157,0.09485373781148432,1.812780269058296
c08,translation_compensated,8,32,10_percent,0,55380,22738,0,0,0,0,0,0.4105814373420007,0.5894185626579993,1.0
c08,translation_compensated,8,32,10_percent,1,55380,39777,0,17039,77,10,0,0.7182556879739979,0.28174431202600214,1.749362300993931
c08,translation_compensated,8,32,10_percent,2,55380,47654,0,24916,124,75,0,0.8604911520404478,0.1395088479595522,2.0957867886357637
c08,translation_compensated,8,64,any,0,14768,11158,1846,0,83,1,0,0.7555525460455038,0.24444745395449619,1.0
c08,translation_compensated,8,64,any,1,14768,14088,1846,2930,140,137,47,0.9539544962080173,0.04604550379198269,1.2625918623409214
c08,translation_compensated,8,64,any,2,14768,14438,1846,3280,140,140,92,0.9776543878656555,0.022345612134344495,1.2939594909481986
c08,translation_compensated,8,64,1_percent,0,14768,10154,1846,0,48,0,0,0.6875677139761647,0.3124322860238353,1.0
c08,translation_compensated,8,64,1_percent,1,14768,13774,1846,3620,140,122,9,0.9326923076923077,0.06730769230769229,1.356509749852275
c08,translation_compensated,8,64,1_percent,2,14768,14384,1846,4230,140,140,82,0.9739978331527628,0.026002166847237218,1.4165845972030726
c08,translation_compensated,8,64,5_percent,0,14768,8385,1846,0,19,0,0,0.5677816901408451,0.4322183098591549,1.0
c08,translation_compensated,8,64,5_percent,1,14768,12770,1846,4385,128,76,3,0.8647074756229686,0.13529252437703143,1.5229576624925463
c08,translation_compensated,8,64,5_percent,2,14768,14011,1846,5626,137,130,63,0.948740520043337,0.05125947995666302,1.6709600477042337
c08,translation_compensated,8,64,10_percent,0,14768,6512,1846,0,4,0,0,0.4409534127843987,0.5590465872156013,1.0
c08,translation_compensated,8,64,10_percent,1,14768,11318,1846,4806,106,36,1,0.7663867822318526,0.23361321776814736,1.738022113022113
c08,translation_compensated,8,64,10_percent,2,14768,13161,1846,6649,122,119,29,0.8911836403033586,0.10881635969664138,2.0210380835380835
c08,translation_compensated,16,8,any,0,886080,250014,0,0,0,0,0,0.2821573672806067,0.7178426327193933,1.0
c08,translation_compensated,16,8,any,1,886080,425446,0,175432,0,0,0,0.4801440050559769,0.5198559949440231,1.7016887054324958
c08,translation_compensated,16,8,any,2,886080,528073,0,278059,8,0,0,0.5959653755868545,0.4040346244131455,2.1121737182717766
c08,translation_compensated,16,8,1_percent,0,886080,250014,0,0,0,0,0,0.2821573672806067,0.7178426327193933,1.0
c08,translation_compensated,16,8,1_percent,1,886080,425446,0,175432,0,0,0,0.4801440050559769,0.5198559949440231,1.7016887054324958
c08,translation_compensated,16,8,1_percent,2,886080,528073,0,278059,8,0,0,0.5959653755868545,0.4040346244131455,2.1121737182717766
c08,translation_compensated,16,8,5_percent,0,886080,217548,0,0,0,0,0,0.24551733477789817,0.7544826652221018,1.0
c08,translation_compensated,16,8,5_percent,1,886080,397736,0,180188,0,0,0,0.4488714337305887,0.5511285662694113,1.8282677845808741
c08,translation_compensated,16,8,5_percent,2,886080,502607,0,285059,5,0,0,0.5672253069700253,0.43277469302997473,2.310326916358689
c08,translation_compensated,16,8,10_percent,0,886080,194358,0,0,0,0,0,0.21934588299024918,0.7806541170097508,1.0
c08,translation_compensated,16,8,10_percent,1,886080,376660,0,182302,0,0,0,0.42508577103647527,0.5749142289635247,1.9379701375811647
c08,translation_compensated,16,8,10_percent,2,886080,482882,0,288524,3,0,0,0.5449643373058866,0.45503566269411344,2.4844976795398184
c08,translation_compensated,16,16,any,0,221520,89297,0,0,0,0,0,0.40311032863849766,0.5968896713615024,1.0
c08,translation_compensated,16,16,any,1,221520,142078,0,52781,21,0,0,0.6413777537016974,0.35862224629830264,1.5910724884374614
c08,translation_compensated,16,16,any,2,221520,170280,0,80983,98,7,0,0.7686890574214518,0.23131094257854823,1.9068949684759846
c08,translation_compensated,16,16,1_percent,0,221520,84662,0,0,0,0,0,0.38218671000361143,0.6178132899963886,1.0
c08,translation_compensated,16,16,1_percent,1,221520,138256,0,53594,18,0,0,0.6241242325749368,0.37587576742506323,1.6330348916869433
c08,translation_compensated,16,16,1_percent,2,221520,167319,0,82657,89,5,0,0.7553223185265439,0.24467768147345614,1.9763175923082374
c08,translation_compensated,16,16,5_percent,0,221520,72369,0,0,0,0,0,0.326692849404117,0.673307150595883,1.0
c08,translation_compensated,16,16,5_percent,1,221520,127722,0,55353,9,0,0,0.5765709642470206,0.4234290357529794,1.7648716992082245
c08,translation_compensated,16,16,5_percent,2,221520,158589,0,86220,69,2,0,0.7159127843986999,0.2840872156013001,2.1913941052107946
c08,translation_compensated,16,16,10_percent,0,221520,57446,0,0,0,0,0,0.25932647165041534,0.7406735283495847,1.0
c08,translation_compensated,16,16,10_percent,1,221520,113110,0,55664,2,0,0,0.5106085229324666,0.4893914770675334,1.9689795634160776
c08,translation_compensated,16,16,10_percent,2,221520,146301,0,88855,47,0,0,0.6604414951245937,0.3395585048754063,2.5467569543571353
c08,translation_compensated,16,32,any,0,55380,30296,0,0,0,0,0,0.5470566991693753,0.45294330083062473,1.0
c08,translation_compensated,16,32,any,1,55380,45033,0,14737,125,22,0,0.8131635969664138,0.18683640303358617,1.4864338526538157
c08,translation_compensated,16,32,any,2,55380,51331,0,21035,140,114,1,0.9268869628024557,0.07311303719754425,1.6943160813308689
c08,translation_compensated,16,32,1_percent,0,55380,27363,0,0,0,0,0,0.49409534127843985,0.5059046587215601,1.0
c08,translation_compensated,16,32,1_percent,1,55380,43085,0,15722,108,16,0,0.7779884434814013,0.22201155651859872,1.5745715016628294
c08,translation_compensated,16,32,1_percent,2,55380,50097,0,22734,134,99,0,0.9046045503791983,0.09539544962080171,1.8308299528560465
c08,translation_compensated,16,32,5_percent,0,55380,21444,0,0,0,0,0,0.38721560130010835,0.6127843986998917,1.0
c08,translation_compensated,16,32,5_percent,1,55380,38667,0,17223,69,6,0,0.6982123510292524,0.3017876489707476,1.8031617235590376
c08,translation_compensated,16,32,5_percent,2,55380,46842,0,25398,121,69,0,0.8458288190682557,0.1541711809317443,2.1843872411863456
c08,translation_compensated,16,32,10_percent,0,55380,15640,0,0,0,0,0,0.28241242325749366,0.7175875767425064,1.0
c08,translation_compensated,16,32,10_percent,1,55380,32718,0,17078,35,1,0,0.5907908992416034,0.40920910075839656,2.091943734015345
c08,translation_compensated,16,32,10_percent,2,55380,42159,0,26519,105,41,0,0.7612676056338028,0.2387323943661972,2.695588235294118
c08,translation_compensated,16,64,any,0,14768,10184,1846,0,41,0,0,0.6895991332611051,0.3104008667388949,1.0
c08,translation_compensated,16,64,any,1,14768,13847,1846,3663,140,122,19,0.9376354279523293,0.06236457204767065,1.3596818538884525
c08,translation_compensated,16,64,any,2,14768,14395,1846,4211,140,140,85,0.9747426868905742,0.025257313109425805,1.4134917517674783
c08,translation_compensated,16,64,1_percent,0,14768,8966,1846,0,21,0,0,0.6071235102925244,0.3928764897074756,1.0
c08,translation_compensated,16,64,1_percent,1,14768,13280,1846,4314,134,94,4,0.8992416034669556,0.10075839653304441,1.481151014945349
c08,translation_compensated,16,64,1_percent,2,14768,14218,1846,5252,139,134,71,0.9627573131094258,0.037242686890574195,1.5857684586214589
c08,translation_compensated,16,64,5_percent,0,14768,6450,1846,0,1,0,0,0.43675514626218853,0.5632448537378114,1.0
c08,translation_compensated,16,64,5_percent,1,14768,11289,1846,4839,106,39,1,0.7644230769230769,0.23557692307692313,1.7502325581395348
c08,translation_compensated,16,64,5_percent,2,14768,12987,1846,6537,122,116,36,0.8794014084507042,0.12059859154929575,2.0134883720930232
c08,translation_compensated,16,64,10_percent,0,14768,4223,1846,0,0,0,0,0.2859561213434453,0.7140438786565547,1.0
c08,translation_compensated,16,64,10_percent,1,14768,9167,1846,4944,59,13,0,0.6207340195016251,0.3792659804983749,2.1707317073170733
c08,translation_compensated,16,64,10_percent,2,14768,11547,1846,7324,107,84,11,0.7818932827735645,0.2181067172264355,2.7343121004025575
c09,raw,0,8,any,0,817440,805730,0,0,131,127,6,0.9856747895870033,0.014325210412996725,1.0
c09,raw,0,8,any,1,817440,816926,0,11196,131,131,113,0.9993712076727344,0.0006287923272656482,1.0138954736698398
c09,raw,0,8,any,2,817440,817407,0,11677,131,131,126,0.9999596300645919,4.036993540812439e-05,1.0144924478423294
c09,raw,0,8,1_percent,0,817440,805730,0,0,131,127,6,0.9856747895870033,0.014325210412996725,1.0
c09,raw,0,8,1_percent,1,817440,816926,0,11196,131,131,113,0.9993712076727344,0.0006287923272656482,1.0138954736698398
c09,raw,0,8,1_percent,2,817440,817407,0,11677,131,131,126,0.9999596300645919,4.036993540812439e-05,1.0144924478423294
c09,raw,0,8,5_percent,0,817440,792484,0,0,131,120,0,0.9694705421804658,0.0305294578195342,1.0
c09,raw,0,8,5_percent,1,817440,816469,0,23985,131,131,102,0.9988121452339009,0.0011878547660990613,1.0302655952675386
c09,raw,0,8,5_percent,2,817440,817358,0,24874,131,131,124,0.9998996868271678,0.00010031317283221153,1.031387384477163
c09,raw,0,8,10_percent,0,817440,773746,0,0,127,112,0,0.9465477588569191,0.05345224114308089,1.0
c09,raw,0,8,10_percent,1,817440,815659,0,41913,131,131,93,0.9978212468193384,0.00217875318066163,1.0541689391609133
c09,raw,0,8,10_percent,2,817440,817244,0,43498,131,131,122,0.9997602270503034,0.0002397729496965706,1.0562174150173314
c09,raw,0,16,any,0,204360,203821,0,0,131,131,94,0.9973624975533373,0.0026375024466627206,1.0
c09,raw,0,16,any,1,204360,204360,0,539,131,131,131,1.0,0.0,1.0026444772619112
c09,raw,0,16,any,2,204360,204360,0,539,131,131,131,1.0,0.0,1.0026444772619112
c09,raw,0,16,1_percent,0,204360,203607,0,0,131,131,87,0.9963153258954786,0.003684674104521446,1.0
c09,raw,0,16,1_percent,1,204360,204357,0,750,131,131,130,0.999985320023488,1.4679976512055326e-05,1.003683566871473
c09,raw,0,16,1_percent,2,204360,204360,0,753,131,131,131,1.0,0.0,1.0036983011389589
c09,raw,0,16,5_percent,0,204360,202209,0,0,131,127,67,0.9894744568408691,0.010525543159130901,1.0
c09,raw,0,16,5_percent,1,204360,204322,0,2113,131,131,126,0.9998140536308475,0.00018594636915247875,1.0104495843409542
c09,raw,0,16,5_percent,2,204360,204359,0,2150,131,131,130,0.999995106674496,4.893325504018442e-06,1.0106325633379325
c09,raw,0,16,10_percent,0,204360,199442,0,0,130,121,24,0.9759346251712664,0.02406537482873361,1.0
c09,raw,0,16,10_percent,1,204360,204086,0,4644,131,131,119,0.9986592288119006,0.0013407711880993878,1.0232849650524964
c09,raw,0,16,10_percent,2,204360,204324,0,4882,131,131,128,0.9998238402818556,0.00017615971814444187,1.0244782944414919
c09,raw,0,32,any,0,51090,51083,0,0,131,131,126,0.9998629868858876,0.00013701311411240535,1.0
c09,raw,0,32,any,1,51090,51090,0,7,131,131,131,1.0,0.0,1.0001370318892782
c09,raw,0,32,any,2,51090,51090,0,7,131,131,131,1.0,0.0,1.0001370318892782
c09,raw,0,32,1_percent,0,51090,51060,0,0,131,131,124,0.9994128009395185,0.0005871990604815469,1.0
c09,raw,0,32,1_percent,1,51090,51090,0,30,131,131,131,1.0,0.0,1.000587544065805
c09,raw,0,32,1_percent,2,51090,51090,0,30,131,131,131,1.0,0.0,1.000587544065805
c09,raw,0,32,5_percent,0,51090,50849,0,0,131,128,107,0.9952828342141319,0.004717165785868116,1.0
c09,raw,0,32,5_percent,1,51090,51090,0,241,131,131,131,1.0,0.0,1.0047395229011387
c09,raw,0,32,5_percent,2,51090,51090,0,241,131,131,131,1.0,0.0,1.0047395229011387
c09,raw,0,32,10_percent,0,51090,50289,0,0,130,123,85,0.9843217850851439,0.015678214914856103,1.0
c09,raw,0,32,10_percent,1,51090,51004,0,715,131,130,125,0.9983166960266197,0.0016833039733803457,1.0142178209946509
c09,raw,0,32,10_percent,2,51090,51067,0,778,131,131,130,0.9995498140536309,0.00045018594636914155,1.0154705800473265
c09,raw,0,64,any,0,13624,13624,1703,0,131,131,131,1.0,0.0,1.0
c09,raw,0,64,any,1,13624,13624,1703,0,131,131,131,1.0,0.0,1.0
c09,raw,0,64,any,2,13624,13624,1703,0,131,131,131,1.0,0.0,1.0
c09,raw,0,64,1_percent,0,13624,13622,1703,0,131,131,130,0.9998532002348797,0.00014679976512033122,1.0
c09,raw,0,64,1_percent,1,13624,13624,1703,2,131,131,131,1.0,0.0,1.0001468213184554
c09,raw,0,64,1_percent,2,13624,13624,1703,2,131,131,131,1.0,0.0,1.0001468213184554
c09,raw,0,64,5_percent,0,13624,13597,1703,0,131,130,125,0.998018203170875,0.0019817968291250265,1.0
c09,raw,0,64,5_percent,1,13624,13624,1703,27,131,131,131,1.0,0.0,1.001985732146797
c09,raw,0,64,5_percent,2,13624,13624,1703,27,131,131,131,1.0,0.0,1.001985732146797
c09,raw,0,64,10_percent,0,13624,13478,1703,0,131,126,115,0.9892836171462126,0.010716382853787398,1.0
c09,raw,0,64,10_percent,1,13624,13600,1703,122,131,130,128,0.9982384028185555,0.0017615971814445297,1.0090517880991245
c09,raw,0,64,10_percent,2,13624,13617,1703,139,131,131,129,0.9994862008220787,0.0005137991779212703,1.0103131028342485
c09,raw,1,8,any,0,817440,677256,0,0,116,18,0,0.828508514386377,0.17149148561362304,1.0
c09,raw,1,8,any,1,817440,803985,0,126729,131,128,1,0.9835400763358778,0.01645992366412219,1.1871212658138135
c09,raw,1,8,any,2,817440,815766,0,138510,131,131,78,0.9979521432765708,0.00204785672342922,1.2045164605407703
c09,raw,1,8,1_percent,0,817440,677256,0,0,116,18,0,0.828508514386377,0.17149148561362304,1.0
c09,raw,1,8,1_percent,1,817440,803985,0,126729,131,128,1,0.9835400763358778,0.01645992366412219,1.1871212658138135
c09,raw,1,8,1_percent,2,817440,815766,0,138510,131,131,78,0.9979521432765708,0.00204785672342922,1.2045164605407703
c09,raw,1,8,5_percent,0,817440,580226,0,0,37,0,0,0.7098086709727931,0.2901913290272069,1.0
c09,raw,1,8,5_percent,1,817440,727584,0,147358,130,59,0,0.8900763358778626,0.10992366412213739,1.2539665578584895
c09,raw,1,8,5_percent,2,817440,778990,0,198764,131,122,0,0.9529629085926796,0.047037091407320375,1.3425630702519362
c09,raw,1,8,10_percent,0,817440,538147,0,0,11,0,0,0.6583321100019573,0.34166788999804265,1.0
c09,raw,1,8,10_percent,1,817440,682038,0,143891,125,6,0,0.834358485026424,0.16564151497357604,1.2673823323367035
c09,raw,1,8,10_percent,2,817440,742248,0,204101,131,85,0,0.9080152671755726,0.09198473282442743,1.3792662599624266
c09,raw,1,16,any,0,204360,194011,0,0,131,117,0,0.9493589743589743,0.05064102564102568,1.0
c09,raw,1,16,any,1,204360,204202,0,10191,131,131,111,0.999226854570366,0.0007731454296340257,1.0525279494461655
c09,raw,1,16,any,2,204360,204359,0,10348,131,131,130,0.999995106674496,4.893325504018442e-06,1.0533371819123658
c09,raw,1,16,1_percent,0,204360,181508,0,0,127,61,0,0.8881777255823058,0.11182227441769421,1.0
c09,raw,1,16,1_percent,1,204360,202323,0,20815,131,130,43,0.9900322959483265,0.009967704051673465,1.1146781409083897
c09,raw,1,16,1_percent,2,204360,204170,0,22662,131,131,110,0.9990702681542376,0.0009297318457623938,1.124854000925579
c09,raw,1,16,5_percent,0,204360,156310,0,0,88,0,0,0.7648757095321981,0.23512429046780192,1.0
c09,raw,1,16,5_percent,1,204360,188116,0,31806,131,98,0,0.9205128205128205,0.07948717948717954,1.2034802635787858
c09,raw,1,16,5_percent,2,204360,199411,0,43101,131,131,3,0.975782932080642,0.02421706791935796,1.2757405156419934
c09,raw,1,16,10_percent,0,204360,143513,0,0,33,0,0,0.7022558230573498,0.2977441769426502,1.0
c09,raw,1,16,10_percent,1,204360,178995,0,35482,128,37,0,0.8758807985907222,0.12411920140927779,1.2472389260903194
c09,raw,1,16,10_percent,2,204360,194146,0,50633,131,127,0,0.950019573302016,0.04998042669798397,1.352811243580721
c09,raw,1,32,any,0,51090,50841,0,0,131,131,80,0.9951262477980035,0.004873752201996484,1.0
c09,raw,1,32,any,1,51090,51090,0,249,131,131,131,1.0,0.0,1.0048976219979937
c09,raw,1,32,any,2,51090,51090,0,249,131,131,131,1.0,0.0,1.0048976219979937
c09,raw,1,32,1_percent,0,51090,47512,0,0,131,98,1,0.9299667253865728,0.07003327461342723,1.0
c09,raw,1,32,1_percent,1,51090,50930,0,3418,131,131,92,0.996868271677432,0.003131728322568028,1.0719397204916652
c09,raw,1,32,1_percent,2,51090,51090,0,3578,131,131,131,1.0,0.0,1.0753072907896952
c09,raw,1,32,5_percent,0,51090,41409,0,0,117,0,0,0.8105108631826189,0.1894891368173811,1.0
c09,raw,1,32,5_percent,1,51090,49637,0,8228,131,127,0,0.9715599921706792,0.028440007829320768,1.1987007655340627
c09,raw,1,32,5_percent,2,51090,50985,0,9576,131,131,110,0.9979448032883147,0.002055196711685303,1.2312540752010432
c09,raw,1,32,10_percent,0,51090,37974,0,0,75,0,0,0.7432765707574868,0.25672342924251323,1.0
c09,raw,1,32,10_percent,1,51090,47854,0,9880,130,116,0,0.9366607946760619,0.06333920532393811,1.260178016537631
c09,raw,1,32,10_percent,2,51090,50370,0,12396,131,127,52,0.9859072225484439,0.014092777451556127,1.3264338758097647
c09,raw,1,64,any,0,13624,13624,1703,0,131,131,131,1.0,0.0,1.0
c09,raw,1,64,any,1,13624,13624,1703,0,131,131,131,1.0,0.0,1.0
c09,raw,1,64,any,2,13624,13624,1703,0,131,131,131,1.0,0.0,1.0
c09,raw,1,64,1_percent,0,13624,13211,1703,0,131,127,29,0.9696858485026424,0.03031415149735761,1.0
c09,raw,1,64,1_percent,1,13624,13622,1703,411,131,131,130,0.9998532002348797,0.00014679976512033122,1.0311104382711378
c09,raw,1,64,1_percent,2,13624,13624,1703,413,131,131,131,1.0,0.0,1.031261827265158
c09,raw,1,64,5_percent,0,13624,11898,1703,0,125,54,0,0.8733118027011156,0.12668819729888436,1.0
c09,raw,1,64,5_percent,1,13624,13524,1703,1626,131,128,107,0.9926600117439812,0.007339988256018781,1.1366616238023197
c09,raw,1,64,5_percent,2,13624,13605,1703,1707,131,131,126,0.9986054022313564,0.0013945977686435906,1.143469490670701
c09,raw,1,64,10_percent,0,13624,10565,1703,0,92,1,0,0.7754697592483852,0.22453024075161476,1.0
c09,raw,1,64,10_percent,1,13624,12986,1703,2421,131,106,36,0.9531708749266001,0.04682912507339987,1.2291528632276385
c09,raw,1,64,10_percent,2,13624,13483,1703,2918,131,131,101,0.9896506165590135,0.01034938344098646,1.2761949834358732
c09,raw,2,8,any,0,817440,520377,0,0,8,0,0,0.6365935114503817,0.3634064885496183,1.0
c09,raw,2,8,any,1,817440,698060,0,177683,123,28,0,0.8539587003327461,0.14604129966725388,1.34145052529224
c09,raw,2,8,any,2,817440,765086,0,244709,131,107,0,0.9359537091407321,0.06404629085926794,1.4702532971288125
c09,raw,2,8,1_percent,0,817440,520377,0,0,8,0,0,0.6365935114503817,0.3634064885496183,1.0
c09,raw,2,8,1_percent,1,817440,698060,0,177683,123,28,0,0.8539587003327461,0.14604129966725388,1.34145052529224
c09,raw,2,8,1_percent,2,817440,765086,0,244709,131,107,0,0.9359537091407321,0.06404629085926794,1.4702532971288125
c09,raw,2,8,5_percent,0,817440,439353,0,0,0,0,0,0.5374743100411039,0.4625256899588961,1.0
c09,raw,2,8,5_percent,1,817440,571836,0,132483,33,0,0,0.6995449207281268,0.3004550792718732,1.3015411297976798
c09,raw,2,8,5_percent,2,817440,640449,0,201096,95,0,0,0.7834813564298297,0.21651864357017025,1.4577094045107237
c09,raw,2,8,10_percent,0,817440,409357,0,0,0,0,0,0.500779262086514,0.499220737913486,1.0
c09,raw,2,8,10_percent,1,817440,529290,0,119933,7,0,0,0.6474970640046976,0.35250293599530236,1.2929789889998218
c09,raw,2,8,10_percent,2,817440,586992,0,177635,40,0,0,0.7180857310628302,0.28191426893716975,1.4339366372139721
c09,raw,2,16,any,0,204360,158743,0,0,90,0,0,0.7767811704834605,0.22321882951653949,1.0
c09,raw,2,16,any,1,204360,195890,0,37147,131,123,0,0.9585535329810139,0.04144646701898613,1.2340071688200425
c09,raw,2,16,any,2,204360,203155,0,44412,131,131,50,0.9941035427676649,0.005896457232335117,1.279772966367021
c09,raw,2,16,1_percent,0,204360,141277,0,0,31,0,0,0.6913143472303778,0.30868565276962223,1.0
c09,raw,2,16,1_percent,1,204360,180131,0,38854,124,62,0,0.8814396163632805,0.1185603836367195,1.2750199961777218
c09,raw,2,16,1_percent,2,204360,195672,0,54395,131,116,3,0.9574867880211392,0.04251321197886082,1.3850237476730112
c09,raw,2,16,5_percent,0,204360,120365,0,0,0,0,0,0.5889851242904678,0.4110148757095322,1.0
c09,raw,2,16,5_percent,1,204360,148000,0,27635,45,0,0,0.724212174593854,0.275787825406146,1.229593320317368
c09,raw,2,16,5_percent,2,204360,163525,0,43160,99,5,0,0.8001810530436485,0.1998189469563515,1.358575998006065
c09,raw,2,16,10_percent,0,204360,111654,0,0,0,0,0,0.5463593658250147,0.45364063417498535,1.0
c09,raw,2,16,10_percent,1,204360,137314,0,25660,13,0,0,0.6719220982579761,0.3280779017420239,1.2298171135830334
c09,raw,2,16,10_percent,2,204360,150400,0,38746,49,0,0,0.7359561558034841,0.26404384419651594,1.347018467766493
c09,raw,2,32,any,0,51090,46223,0,0,130,84,0,0.9047367390878841,0.0952632609121159,1.0
c09,raw,2,32,any,1,51090,50984,0,4761,131,131,99,0.9979252299862987,0.002074770013701266,1.1030006706617916
c09,raw,2,32,any,2,51090,51089,0,4866,131,131,130,0.9999804266979839,1.9573302016073768e-05,1.1052722670531987
c09,raw,2,32,1_percent,0,51090,37142,0,0,49,0,0,0.7269915834801332,0.27300841651986685,1.0
c09,raw,2,32,1_percent,1,51090,46079,0,8937,127,79,0,0.9019181835975729,0.09808181640242708,1.2406170911636423
c09,raw,2,32,1_percent,2,51090,49340,0,12198,131,118,35,0.9657467214719123,0.03425327852808768,1.3284152711216413
c09,raw,2,32,5_percent,0,51090,31839,0,0,0,0,0,0.6231943628890194,0.3768056371109806,1.0
c09,raw,2,32,5_percent,1,51090,38640,0,6801,65,0,0,0.7563123899001761,0.24368761009982387,1.213605954960897
c09,raw,2,32,5_percent,2,51090,42874,0,11035,131,11,0,0.8391857506361323,0.16081424936386768,1.3465875184522127
c09,raw,2,32,10_percent,0,51090,29971,0,0,0,0,0,0.5866314347230378,0.4133685652769622,1.0
c09,raw,2,32,10_percent,1,51090,37202,0,7231,32,0,0,0.7281659816010961,0.27183401839890386,1.2412665576724167
c09,raw,2,32,10_percent,2,51090,41617,0,11646,130,4,0,0.8145821100019573,0.18541788999804265,1.3885756231023323
c09,raw,2,64,any,0,13624,13392,1703,0,131,128,52,0.9829712272460364,0.01702877275396364,1.0
c09,raw,2,64,any,1,13624,13624,1703,232,131,131,131,1.0,0.0,1.0173237753882916
c09,raw,2,64,any,2,13624,13624,1703,232,131,131,131,1.0,0.0,1.0173237753882916
c09,raw,2,64,1_percent,0,13624,10335,1703,0,67,3,0,0.7585877862595419,0.24141221374045807,1.0
c09,raw,2,64,1_percent,1,13624,12575,1703,2240,131,86,29,0.9230035231943629,0.07699647680563715,1.2167392356071602
c09,raw,2,64,1_percent,2,13624,13292,1703,2957,131,131,62,0.9756312389900176,0.02436876100998242,1.2861151427189164
c09,raw,2,64,5_percent,0,13624,8809,1703,0,3,0,0,0.6465795654726952,0.35342043452730476,1.0
c09,raw,2,64,5_percent,1,13624,11173,1703,2364,131,4,0,0.8200968878449795,0.17990311215502053,1.268361902599614
c09,raw,2,64,5_percent,2,13624,12730,1703,3921,131,128,5,0.934380504991192,0.06561949500880804,1.44511295266205
c09,raw,2,64,10_percent,0,13624,8313,1703,0,0,0,0,0.610173223722842,0.389826776277158,1.0
c09,raw,2,64,10_percent,1,13624,10971,1703,2658,124,1,0,0.8052701115678215,0.19472988843217853,1.3197401660050523
c09,raw,2,64,10_percent,2,13624,12610,1703,4297,131,122,1,0.9255725190839694,0.07442748091603058,1.5169012390232166
c09,raw,4,8,any,0,817440,392405,0,0,0,0,0,0.4800413486005089,0.5199586513994912,1.0
c09,raw,4,8,any,1,817440,520521,0,128116,1,0,0,0.6367696711685261,0.3632303288314739,1.3264892139498732
c09,raw,4,8,any,2,817440,587929,0,195524,38,0,0,0.7192319925621452,0.2807680074378548,1.4982709190759547
c09,raw,4,8,1_percent,0,817440,392405,0,0,0,0,0,0.4800413486005089,0.5199586513994912,1.0
c09,raw,4,8,1_percent,1,817440,520521,0,128116,1,0,0,0.6367696711685261,0.3632303288314739,1.3264892139498732
c09,raw,4,8,1_percent,2,817440,587929,0,195524,38,0,0,0.7192319925621452,0.2807680074378548,1.4982709190759547
c09,raw,4,8,5_percent,0,817440,358805,0,0,0,0,0,0.43893741436680367,0.5610625856331963,1.0
c09,raw,4,8,5_percent,1,817440,476474,0,117669,0,0,0,0.5828855940497162,0.4171144059502838,1.3279469349646744
c09,raw,4,8,5_percent,2,817440,534226,0,175421,2,0,0,0.6535354276766491,0.34646457232335093,1.488903443374535
c09,raw,4,8,10_percent,0,817440,341990,0,0,0,0,0,0.41836709727931104,0.581632902720689,1.0
c09,raw,4,8,10_percent,1,817440,461383,0,119393,0,0,0,0.5644243002544529,0.4355756997455471,1.3491125471505014
c09,raw,4,8,10_percent,2,817440,516877,0,174887,0,0,0,0.6323118516343708,0.36768814836562924,1.5113804497207521
c09,raw,4,16,any,0,204360,118300,0,0,0,0,0,0.5788804071246819,0.4211195928753181,1.0
c09,raw,4,16,any,1,204360,153678,0,35378,63,0,0,0.7519964768056371,0.24800352319436292,1.29905325443787
c09,raw,4,16,any,2,204360,174652,0,56352,130,27,0,0.8546290859267959,0.14537091407320413,1.476348267117498
c09,raw,4,16,1_percent,0,204360,111896,0,0,0,0,0,0.5475435505969857,0.4524564494030143,1.0
c09,raw,4,16,1_percent,1,204360,142893,0,30997,17,0,0,0.699221961244862,0.300778038755138,1.2770161578608707
c09,raw,4,16,1_percent,2,204360,160051,0,48155,101,0,0,0.783181640242709,0.21681835975729102,1.4303549724744407
c09,raw,4,16,5_percent,0,204360,103182,0,0,0,0,0,0.5049031121550206,0.4950968878449794,1.0
c09,raw,4,16,5_percent,1,204360,131904,0,28722,3,0,0,0.6454492072812683,0.3545507927187317,1.2783625050880967
c09,raw,4,16,5_percent,2,204360,145799,0,42617,20,0,0,0.7134419651595224,0.2865580348404776,1.4130274660308968
c09,raw,4,16,10_percent,0,204360,96985,0,0,0,0,0,0.47457917400665495,0.525420825993345,1.0
c09,raw,4,16,10_percent,1,204360,128285,0,31300,0,0,0,0.627740262282247,0.372259737717753,1.3227303191215136
c09,raw,4,16,10_percent,2,204360,142814,0,45829,16,0,0,0.698835388530045,0.301164611469955,1.472536990256225
c09,raw,4,32,any,0,51090,34740,0,0,17,0,0,0.6799765120375807,0.3200234879624193,1.0
c09,raw,4,32,any,1,51090,45639,0,10899,131,61,0,0.8933059307105109,0.1066940692894891,1.3137305699481865
c09,raw,4,32,any,2,51090,49601,0,14861,131,129,4,0.9708553532981014,0.029144646701898647,1.4277777777777778
c09,raw,4,32,1_percent,0,51090,30897,0,0,0,0,0,0.6047563123899001,0.39524368761009987,1.0
c09,raw,4,32,1_percent,1,51090,38424,0,7527,64,0,0,0.7520845566647093,0.2479154433352907,1.2436158850373822
c09,raw,4,32,1_percent,2,51090,42732,0,11835,131,6,0,0.8364063417498532,0.16359365825014682,1.3830468977570638
c09,raw,4,32,5_percent,0,51090,28756,0,0,0,0,0,0.5628498727735369,0.43715012722646307,1.0
c09,raw,4,32,5_percent,1,51090,36856,0,8100,27,0,0,0.7213936191035427,0.2786063808964573,1.2816803449714842
c09,raw,4,32,5_percent,2,51090,41344,0,12588,129,0,0,0.8092385985515756,0.19076140144842435,1.437752121296425
c09,raw,4,32,10_percent,0,51090,26870,0,0,0,0,0,0.5259346251712664,0.47406537482873357,1.0
c09,raw,4,32,10_percent,1,51090,36058,0,9188,22,0,0,0.7057741240947348,0.29422587590526517,1.341942687011537
c09,raw,4,32,10_percent,2,51090,40858,0,13988,123,0,0,0.7997259737717753,0.20027402622822466,1.5205805731298847
c09,raw,4,64,any,0,13624,10629,1703,0,96,0,0,0.7801673517322373,0.21983264826776272,1.0
c09,raw,4,64,any,1,13624,13280,1703,2651,131,129,21,0.9747504403992954,0.02524955960070463,1.2494119860758304
c09,raw,4,64,any,2,13624,13608,1703,2979,131,131,120,0.998825601879037,0.0011743981209629828,1.2802709568162574
c09,raw,4,64,1_percent,0,13624,8822,1703,0,4,0,0,0.6475337639459777,0.3524662360540223,1.0
c09,raw,4,64,1_percent,1,13624,11186,1703,2364,131,5,0,0.8210510863182618,0.17894891368173815,1.2679664475175698
c09,raw,4,64,1_percent,2,13624,12733,1703,3911,131,127,5,0.9346007046388726,0.06539929536112743,1.4433235094082975
c09,raw,4,64,5_percent,0,13624,8286,1703,0,0,0,0,0.608191426893717,0.39180857310628303,1.0
c09,raw,4,64,5_percent,1,13624,10988,1703,2702,128,1,0,0.8065179095713447,0.19348209042865527,1.3260922037171132
c09,raw,4,64,5_percent,2,13624,12648,1703,4362,131,124,1,0.9283617146212566,0.0716382853787434,1.5264301230992035
c09,raw,4,64,10_percent,0,13624,7567,1703,0,0,0,0,0.5554169113329419,0.4445830886670581,1.0
c09,raw,4,64,10_percent,1,13624,10712,1703,3145,113,0,0,0.7862595419847328,0.2137404580152672,1.4156204572485793
c09,raw,4,64,10_percent,2,13624,12499,1703,4932,131,111,0,0.9174251321197886,0.0825748678802114,1.6517774547376767
c09,raw,8,8,any,0,817440,327873,0,0,0,0,0,0.4010973282442748,0.5989026717557252,1.0
c09,raw,8,8,any,1,817440,451998,0,124125,0,0,0,0.5529433352906635,0.44705666470933647,1.3785764610077682
c09,raw,8,8,any,2,817440,515490,0,187617,0,0,0,0.6306150910158543,0.36938490898414567,1.5722246113586662
c09,raw,8,8,1_percent,0,817440,327873,0,0,0,0,0,0.4010973282442748,0.5989026717557252,1.0
c09,raw,8,8,1_percent,1,817440,451998,0,124125,0,0,0,0.5529433352906635,0.44705666470933647,1.3785764610077682
c09,raw,8,8,1_percent,2,817440,515490,0,187617,0,0,0,0.6306150910158543,0.36938490898414567,1.5722246113586662
c09,raw,8,8,5_percent,0,817440,304395,0,0,0,0,0,0.3723759541984733,0.6276240458015268,1.0
c09,raw,8,8,5_percent,1,817440,432326,0,127931,0,0,0,0.5288779604619299,0.4711220395380701,1.4202795709522167
c09,raw,8,8,5_percent,2,817440,493689,0,189294,0,0,0,0.60394524368761,0.39605475631238996,1.6218696102104173
c09,raw,8,8,10_percent,0,817440,287637,0,0,0,0,0,0.3518753669994128,0.6481246330005872,1.0
c09,raw,8,8,10_percent,1,817440,421374,0,133737,0,0,0,0.5154800352319436,0.48451996476805637,1.4649506148374514
c09,raw,8,8,10_percent,2,817440,484567,0,196930,0,0,0,0.5927860148757095,0.4072139851242905,1.6846476635481527
c09,raw,8,16,any,0,204360,101806,0,0,0,0,0,0.4981698962614993,0.5018301037385007,1.0
c09,raw,8,16,any,1,204360,134761,0,32955,2,0,0,0.6594294382462321,0.3405705617537679,1.323703907431782
c09,raw,8,16,any,2,204360,152090,0,50284,56,0,0,0.7442258759052652,0.25577412409473477,1.4939198082627743
c09,raw,8,16,1_percent,0,204360,98497,0,0,0,0,0,0.48197788216872184,0.5180221178312782,1.0
c09,raw,8,16,1_percent,1,204360,130502,0,32005,0,0,0,0.6385887649246428,0.3614112350753572,1.324933754327543
c09,raw,8,16,1_percent,2,204360,146359,0,47862,21,0,0,0.7161822274417694,0.2838177725582306,1.4859234291399739
c09,raw,8,16,5_percent,0,204360,91391,0,0,0,0,0,0.44720591113720887,0.5527940888627911,1.0
c09,raw,8,16,5_percent,1,204360,125214,0,33823,0,0,0,0.6127128596594246,0.38728714034057543,1.3700911468306507
c09,raw,8,16,5_percent,2,204360,140823,0,49432,15,0,0,0.6890927774515561,0.31090722254844394,1.540884769835104
c09,raw,8,16,10_percent,0,204360,84130,0,0,0,0,0,0.41167547465257387,0.5883245253474261,1.0
c09,raw,8,16,10_percent,1,204360,121380,0,37250,0,0,0,0.5939518496770405,0.4060481503229595,1.4427671460834424
c09,raw,8,16,10_percent,2,204360,138518,0,54388,13,0,0,0.6778136621648072,0.3221863378351928,1.6464756923808392
c09,raw,8,32,any,0,51090,30407,0,0,0,0,0,0.5951653944020356,0.40483460559796436,1.0
c09,raw,8,32,any,1,51090,39687,0,9280,103,0,0,0.7768056371109806,0.2231943628890194,1.3051928832176802
c09,raw,8,32,any,2,51090,44554,0,14147,131,34,0,0.8720688980230965,0.1279311019769035,1.465254711086263
c09,raw,8,32,1_percent,0,51090,28551,0,0,0,0,0,0.5588373458602466,0.4411626541397534,1.0
c09,raw,8,32,1_percent,1,51090,36878,0,8327,24,0,0,0.7218242317478959,0.2781757682521041,1.291653532275577
c09,raw,8,32,1_percent,2,51090,41365,0,12814,130,0,0,0.8096496378939128,0.19035036210608725,1.4488108997933522
c09,raw,8,32,5_percent,0,51090,26246,0,0,0,0,0,0.5137208847132512,0.48627911528674883,1.0
c09,raw,8,32,5_percent,1,51090,35846,0,9600,21,0,0,0.7016245840673322,0.2983754159326678,1.3657700220986055
c09,raw,8,32,5_percent,2,51090,40722,0,14476,123,0,0,0.7970640046975925,0.20293599530240747,1.5515507124895223
c09,raw,8,32,10_percent,0,51090,23522,0,0,0,0,0,0.4604032100215306,0.5395967899784694,1.0
c09,raw,8,32,10_percent,1,51090,34568,0,11046,15,0,0,0.6766099040908201,0.3233900959091799,1.4696029249213503
c09,raw,8,32,10_percent,2,51090,40006,0,16484,102,0,0,0.7830495204541006,0.2169504795458994,1.7007907490859622
c09,raw,8,64,any,0,13624,9218,1703,0,6,0,0,0.6766001174398121,0.3233998825601879,1.0
c09,raw,8,64,any,1,13624,12004,1703,2786,131,50,0,0.8810921902524956,0.11890780974750437,1.3022347580820135
c09,raw,8,64,any,2,13624,13214,1703,3996,131,131,25,0.969906048150323,0.030093951849677003,1.4334996745497939
c09,raw,8,64,1_percent,0,13624,8462,1703,0,0,0,0,0.62110980622431,0.37889019377569,1.0
c09,raw,8,64,1_percent,1,13624,11051,1703,2589,131,1,0,0.8111421021726365,0.1888578978273635,1.305956038761522
c09,raw,8,64,1_percent,2,13624,12701,1703,4239,131,125,1,0.9322519083969466,0.0677480916030534,1.5009454029780194
c09,raw,8,64,5_percent,0,13624,7669,1703,0,0,0,0,0.562903699354081,0.437096300645919,1.0
c09,raw,8,64,5_percent,1,13624,10746,1703,3077,116,0,0,0.7887551379917792,0.2112448620082208,1.4012257139131568
c09,raw,8,64,5_percent,2,13624,12557,1703,4888,131,118,0,0.9216823253082795,0.07831767469172046,1.6373712348415699
c09,raw,8,64,10_percent,0,13624,6618,1703,0,0,0,0,0.48576042278332354,0.5142395772166765,1.0
c09,raw,8,64,10_percent,1,13624,10267,1703,3649,76,0,0,0.7535965942454492,0.24640340575455077,1.5513750377757631
c09,raw,8,64,10_percent,2,13624,12272,1703,5654,130,86,0,0.9007633587786259,0.0992366412213741,1.8543366576004836
c09,raw,16,8,any,0,817440,274524,0,0,0,0,0,0.33583382266588374,0.6641661773341163,1.0
c09,raw,16,8,any,1,817440,408222,0,133698,0,0,0,0.4993907809747504,0.5006092190252496,1.4870175285220963
c09,raw,16,8,any,2,817440,475334,0,200810,0,0,0,0.5814909962810726,0.4185090037189274,1.7314843146682986
c09,raw,16,8,1_percent,0,817440,274524,0,0,0,0,0,0.33583382266588374,0.6641661773341163,1.0
c09,raw,16,8,1_percent,1,817440,408222,0,133698,0,0,0,0.4993907809747504,0.5006092190252496,1.4870175285220963
c09,raw,16,8,1_percent,2,817440,475334,0,200810,0,0,0,0.5814909962810726,0.4185090037189274,1.7314843146682986
c09,raw,16,8,5_percent,0,817440,251424,0,0,0,0,0,0.3075748678802114,0.6924251321197886,1.0
c09,raw,16,8,5_percent,1,817440,393135,0,141711,0,0,0,0.4809343805049912,0.5190656194950087,1.5636335433371515
c09,raw,16,8,5_percent,2,817440,462221,0,210797,0,0,0,0.5654494519475436,0.4345505480524564,1.8384124029527809
c09,raw,16,8,10_percent,0,817440,233767,0,0,0,0,0,0.2859745057741241,0.7140254942258759,1.0
c09,raw,16,8,10_percent,1,817440,381030,0,147263,0,0,0,0.4661259541984733,0.5338740458015268,1.629956324032049
c09,raw,16,8,10_percent,2,817440,452260,0,218493,0,0,0,0.5532638481111763,0.44673615188882365,1.934661436387514
c09,raw,16,16,any,0,204360,90104,0,0,0,0,0,0.44090820121354474,0.5590917987864552,1.0
c09,raw,16,16,any,1,204360,124970,0,34866,0,0,0,0.6115188882364455,0.3884811117635545,1.3869528544792684
c09,raw,16,16,any,2,204360,141709,0,51605,15,0,0,0.6934282638481112,0.3065717361518888,1.5727270709402468
c09,raw,16,16,1_percent,0,204360,87328,0,0,0,0,0,0.427324329614406,0.572675670385594,1.0
c09,raw,16,16,1_percent,1,204360,123126,0,35798,0,0,0,0.6024955960070464,0.3975044039929536,1.4099257969952363
c09,raw,16,16,1_percent,2,204360,140236,0,52908,14,0,0,0.6862203953807007,0.3137796046192993,1.6058537925980212
c09,raw,16,16,5_percent,0,204360,79346,0,0,0,0,0,0.38826580544137795,0.6117341945586221,1.0
c09,raw,16,16,5_percent,1,204360,118016,0,38670,0,0,0,0.5774907026815423,0.42250929731845766,1.4873591611423387
c09,raw,16,16,5_percent,2,204360,136113,0,56767,11,0,0,0.6660452143276571,0.33395478567234294,1.7154361908602829
c09,raw,16,16,10_percent,0,204360,69774,0,0,0,0,0,0.34142689371697005,0.65857310628303,1.0
c09,raw,16,16,10_percent,1,204360,111980,0,42206,0,0,0,0.5479545899393228,0.4520454100606772,1.6048958064608594
c09,raw,16,16,10_percent,2,204360,132210,0,62436,8,0,0,0.6469465648854962,0.3530534351145038,1.8948318858027347
c09,raw,16,32,any,0,51090,27852,0,0,0,0,0,0.5451556077510276,0.45484439224897244,1.0
c09,raw,16,32,any,1,51090,36949,0,9097,26,0,0,0.7232139361910355,0.27678606380896453,1.3266192733017377
c09,raw,16,32,any,2,51090,41493,0,13641,131,0,0,0.8121550205519671,0.1878449794480329,1.4897673416630763
c09,raw,16,32,1_percent,0,51090,26323,0,0,0,0,0,0.515228028968487,0.48477197103151304,1.0
c09,raw,16,32,1_percent,1,51090,35869,0,9546,20,0,0,0.7020747700137013,0.29792522998629867,1.3626486342742088
c09,raw,16,32,1_percent,2,51090,40767,0,14444,124,0,0,0.7979448032883147,0.20205519671168526,1.5487216502678267
c09,raw,16,32,5_percent,0,51090,23256,0,0,0,0,0,0.4551967116852613,0.5448032883147387,1.0
c09,raw,16,32,5_percent,1,51090,34377,0,11121,15,0,0,0.6728714034057546,0.3271285965942454,1.4781991744066048
c09,raw,16,32,5_percent,2,51090,39876,0,16620,100,0,0,0.7805049911920141,0.2194950088079859,1.7146542827657378
c09,raw,16,32,10_percent,0,51090,19558,0,0,0,0,0,0.382814640829908,0.617185359170092,1.0
c09,raw,16,32,10_percent,1,51090,32157,0,12599,11,0,0,0.6294186729301233,0.3705813270698767,1.644186522139278
c09,raw,16,32,10_percent,2,51090,38560,0,19002,72,0,0,0.7547465257388921,0.24525347426110788,1.971571735351263
c09,raw,16,64,any,0,13624,8586,1703,0,0,0,0,0.6302113916617733,0.3697886083382267,1.0
c09,raw,16,64,any,1,13624,11191,1703,2605,131,1,0,0.8214180857310628,0.17858191426893721,1.3034008851618915
c09,raw,16,64,any,2,13624,12731,1703,4145,131,126,2,0.9344539048737522,0.06554609512624776,1.4827626368506872
c09,raw,16,64,1_percent,0,13624,8011,1703,0,0,0,0,0.5880064591896653,0.4119935408103347,1.0
c09,raw,16,64,1_percent,1,13624,10915,1703,2904,127,0,0,0.801159718144451,0.19884028185554903,1.3625015603545125
c09,raw,16,64,1_percent,2,13624,12656,1703,4645,131,122,0,0.9289489136817382,0.07105108631826185,1.579827736861815
c09,raw,16,64,5_percent,0,13624,6800,1703,0,0,0,0,0.49911920140927774,0.5008807985907222,1.0
c09,raw,16,64,5_percent,1,13624,10369,1703,3569,87,0,0,0.7610833822665883,0.23891661773341166,1.5248529411764706
c09,raw,16,64,5_percent,2,13624,12404,1703,5604,131,104,0,0.9104521432765708,0.08954785672342924,1.8241176470588236
c09,raw,16,64,10_percent,0,13624,5393,1703,0,0,0,0,0.39584556664709336,0.6041544333529066,1.0
c09,raw,16,64,10_percent,1,13624,9386,1703,3993,45,0,0,0.6889312977099237,0.3110687022900763,1.7404042277025775
c09,raw,16,64,10_percent,2,13624,11725,1703,6332,118,56,0,0.8606136230182032,0.1393863769817968,2.174114592990914
c09,translation_compensated,0,8,any,0,817440,806034,0,0,131,127,6,0.9860466823253082,0.013953317674691768,1.0
c09,translation_compensated,0,8,any,1,817440,816926,0,10892,131,131,113,0.9993712076727344,0.0006287923272656482,1.0135130776121106
c09,translation_compensated,0,8,any,2,817440,817407,0,11373,131,131,126,0.9999596300645919,4.036993540812439e-05,1.0141098266326234
c09,translation_compensated,0,8,1_percent,0,817440,806034,0,0,131,127,6,0.9860466823253082,0.013953317674691768,1.0
c09,translation_compensated,0,8,1_percent,1,817440,816926,0,10892,131,131,113,0.9993712076727344,0.0006287923272656482,1.0135130776121106
c09,translation_compensated,0,8,1_percent,2,817440,817407,0,11373,131,131,126,0.9999596300645919,4.036993540812439e-05,1.0141098266326234
c09,translation_compensated,0,8,5_percent,0,817440,793131,0,0,131,120,0,0.9702620375807399,0.029737962419260078,1.0
c09,translation_compensated,0,8,5_percent,1,817440,816469,0,23338,131,131,102,0.9988121452339009,0.0011878547660990613,1.0294251517088602
c09,translation_compensated,0,8,5_percent,2,817440,817358,0,24227,131,131,124,0.9998996868271678,0.00010031317283221153,1.0305460258141468
c09,translation_compensated,0,8,10_percent,0,817440,774662,0,0,127,112,0,0.947668330397338,0.052331669602662,1.0
c09,translation_compensated,0,8,10_percent,1,817440,815666,0,41004,131,131,95,0.9978298101389704,0.00217018986102957,1.0529314720484546
c09,translation_compensated,0,8,10_percent,2,817440,817244,0,42582,131,131,122,0.9997602270503034,0.0002397729496965706,1.0549684894831552
c09,translation_compensated,0,16,any,0,204360,203826,0,0,131,131,96,0.9973869641808573,0.0026130358191427394,1.0
c09,translation_compensated,0,16,any,1,204360,204360,0,534,131,131,131,1.0,0.0,1.0026198816637721
c09,translation_compensated,0,16,any,2,204360,204360,0,534,131,131,131,1.0,0.0,1.0026198816637721
c09,translation_compensated,0,16,1_percent,0,204360,203617,0,0,131,131,90,0.9963642591505187,0.0036357408494812615,1.0
c09,translation_compensated,0,16,1_percent,1,204360,204357,0,740,131,131,130,0.999985320023488,1.4679976512055326e-05,1.0036342741519617
c09,translation_compensated,0,16,1_percent,2,204360,204360,0,743,131,131,131,1.0,0.0,1.003649007695821
c09,translation_compensated,0,16,5_percent,0,204360,202256,0,0,131,127,69,0.9897044431395576,0.010295556860442368,1.0
c09,translation_compensated,0,16,5_percent,1,204360,204322,0,2066,131,131,126,0.9998140536308475,0.00018594636915247875,1.0102147773119214
c09,translation_compensated,0,16,5_percent,2,204360,204359,0,2103,131,131,130,0.999995106674496,4.893325504018442e-06,1.010397713788466
c09,translation_compensated,0,16,10_percent,0,204360,199548,0,0,130,121,25,0.9764533176746917,0.02354668232530832,1.0
c09,translation_compensated,0,16,10_percent,1,204360,204087,0,4539,131,131,120,0.9986641221374046,0.0013358778625953693,1.0227464068795478
c09,translation_compensated,0,16,10_percent,2,204360,204324,0,4776,131,131,128,0.9998238402818556,0.00017615971814444187,1.0239340910457635
c09,translation_compensated,0,32,any,0,51090,51083,0,0,131,131,126,0.9998629868858876,0.00013701311411240535,1.0
c09,translation_compensated,0,32,any,1,51090,51090,0,7,131,131,131,1.0,0.0,1.0001370318892782
c09,translation_compensated,0,32,any,2,51090,51090,0,7,131,131,131,1.0,0.0,1.0001370318892782
c09,translation_compensated,0,32,1_percent,0,51090,51060,0,0,131,131,124,0.9994128009395185,0.0005871990604815469,1.0
c09,translation_compensated,0,32,1_percent,1,51090,51090,0,30,131,131,131,1.0,0.0,1.000587544065805
c09,translation_compensated,0,32,1_percent,2,51090,51090,0,30,131,131,131,1.0,0.0,1.000587544065805
c09,translation_compensated,0,32,5_percent,0,51090,50850,0,0,131,128,108,0.995302407516148,0.004697592483852042,1.0
c09,translation_compensated,0,32,5_percent,1,51090,51090,0,240,131,131,131,1.0,0.0,1.0047197640117995
c09,translation_compensated,0,32,5_percent,2,51090,51090,0,240,131,131,131,1.0,0.0,1.0047197640117995
c09,translation_compensated,0,32,10_percent,0,51090,50297,0,0,130,123,86,0.9844783715012723,0.015521628498727735,1.0
c09,translation_compensated,0,32,10_percent,1,51090,51004,0,707,131,130,125,0.9983166960266197,0.0016833039733803457,1.0140565043640775
c09,translation_compensated,0,32,10_percent,2,51090,51067,0,770,131,131,130,0.9995498140536309,0.00045018594636914155,1.0153090641588962
c09,translation_compensated,0,64,any,0,13624,13624,1703,0,131,131,131,1.0,0.0,1.0
c09,translation_compensated,0,64,any,1,13624,13624,1703,0,131,131,131,1.0,0.0,1.0
c09,translation_compensated,0,64,any,2,13624,13624,1703,0,131,131,131,1.0,0.0,1.0
c09,translation_compensated,0,64,1_percent,0,13624,13622,1703,0,131,131,130,0.9998532002348797,0.00014679976512033122,1.0
c09,translation_compensated,0,64,1_percent,1,13624,13624,1703,2,131,131,131,1.0,0.0,1.0001468213184554
c09,translation_compensated,0,64,1_percent,2,13624,13624,1703,2,131,131,131,1.0,0.0,1.0001468213184554
c09,translation_compensated,0,64,5_percent,0,13624,13597,1703,0,131,130,125,0.998018203170875,0.0019817968291250265,1.0
c09,translation_compensated,0,64,5_percent,1,13624,13624,1703,27,131,131,131,1.0,0.0,1.001985732146797
c09,translation_compensated,0,64,5_percent,2,13624,13624,1703,27,131,131,131,1.0,0.0,1.001985732146797
c09,translation_compensated,0,64,10_percent,0,13624,13478,1703,0,131,126,115,0.9892836171462126,0.010716382853787398,1.0
c09,translation_compensated,0,64,10_percent,1,13624,13600,1703,122,131,130,128,0.9982384028185555,0.0017615971814445297,1.0090517880991245
c09,translation_compensated,0,64,10_percent,2,13624,13617,1703,139,131,131,129,0.9994862008220787,0.0005137991779212703,1.0103131028342485
c09,translation_compensated,1,8,any,0,817440,676838,0,0,116,20,0,0.8279971618712076,0.17200283812879236,1.0
c09,translation_compensated,1,8,any,1,817440,804109,0,127271,131,128,1,0.9836917694265023,0.01630823057349773,1.1880376101814614
c09,translation_compensated,1,8,any,2,817440,815798,0,138960,131,131,78,0.9979912898806028,0.0020087101193971835,1.2053076216169896
c09,translation_compensated,1,8,1_percent,0,817440,676838,0,0,116,20,0,0.8279971618712076,0.17200283812879236,1.0
c09,translation_compensated,1,8,1_percent,1,817440,804109,0,127271,131,128,1,0.9836917694265023,0.01630823057349773,1.1880376101814614
c09,translation_compensated,1,8,1_percent,2,817440,815798,0,138960,131,131,78,0.9979912898806028,0.0020087101193971835,1.2053076216169896
c09,translation_compensated,1,8,5_percent,0,817440,579407,0,0,37,0,0,0.7088067625758465,0.2911932374241535,1.0
c09,translation_compensated,1,8,5_percent,1,817440,727899,0,148492,130,58,0,0.8904616852613035,0.10953831473869646,1.2562827166395987
c09,translation_compensated,1,8,5_percent,2,817440,778720,0,199313,131,122,0,0.9526326091211588,0.04736739087884123,1.3439948084852271
c09,translation_compensated,1,8,10_percent,0,817440,536451,0,0,9,0,0,0.656257339988256,0.34374266001174403,1.0
c09,translation_compensated,1,8,10_percent,1,817440,683537,0,147086,125,8,0,0.8361922587590527,0.16380774124094732,1.27418347621684
c09,translation_compensated,1,8,10_percent,2,817440,743362,0,206911,131,85,0,0.90937805832844,0.09062194167156001,1.385703447285959
c09,translation_compensated,1,16,any,0,204360,193999,0,0,131,117,0,0.9493002544529262,0.05069974554707379,1.0
c09,translation_compensated,1,16,any,1,204360,204202,0,10203,131,131,112,0.999226854570366,0.0007731454296340257,1.0525930546033742
c09,translation_compensated,1,16,any,2,204360,204359,0,10360,131,131,130,0.999995106674496,4.893325504018442e-06,1.053402337125449
c09,translation_compensated,1,16,1_percent,0,204360,181508,0,0,127,60,0,0.8881777255823058,0.11182227441769421,1.0
c09,translation_compensated,1,16,1_percent,1,204360,202305,0,20797,131,130,44,0.9899442160892542,0.010055783910745797,1.1145789717257641
c09,translation_compensated,1,16,1_percent,2,204360,204173,0,22665,131,131,110,0.9990849481307497,0.0009150518692503384,1.1248705291226833
c09,translation_compensated,1,16,5_percent,0,204360,156614,0,0,87,0,0,0.7663632804854179,0.2336367195145821,1.0
c09,translation_compensated,1,16,5_percent,1,204360,188281,0,31667,131,98,0,0.9213202192209826,0.07867978077901738,1.2021977600980756
c09,translation_compensated,1,16,5_percent,2,204360,199424,0,42810,131,131,4,0.9758465453121942,0.02415345468780583,1.2733472103387948
c09,translation_compensated,1,16,10_percent,0,204360,143592,0,0,35,0,0,0.7026423957721668,0.2973576042278332,1.0
c09,translation_compensated,1,16,10_percent,1,204360,179380,0,35788,128,39,0,0.8777647289097671,0.12223527109023291,1.2492339406095048
c09,translation_compensated,1,16,10_percent,2,204360,194439,0,50847,131,127,0,0.9514533176746918,0.04854668232530823,1.3541074711683103
c09,translation_compensated,1,32,any,0,51090,50839,0,0,131,131,78,0.9950871011939714,0.004912898806028632,1.0
c09,translation_compensated,1,32,any,1,51090,51090,0,251,131,131,131,1.0,0.0,1.0049371545467063
c09,translation_compensated,1,32,any,2,51090,51090,0,251,131,131,131,1.0,0.0,1.0049371545467063
c09,translation_compensated,1,32,1_percent,0,51090,47503,0,0,131,99,1,0.9297905656684282,0.07020943433157179,1.0
c09,translation_compensated,1,32,1_percent,1,51090,50936,0,3433,131,131,91,0.9969857114895283,0.0030142885104716965,1.0722691198450625
c09,translation_compensated,1,32,1_percent,2,51090,51090,0,3587,131,131,131,1.0,0.0,1.075511020356609
c09,translation_compensated,1,32,5_percent,0,51090,41501,0,0,117,2,0,0.8123116069680956,0.18768839303190443,1.0
c09,translation_compensated,1,32,5_percent,1,51090,49684,0,8183,131,127,0,0.9724799373654336,0.02752006263456641,1.1971759716633334
c09,translation_compensated,1,32,5_percent,2,51090,50992,0,9491,131,131,111,0.9980818164024271,0.0019181835975728978,1.2286932844991687
c09,translation_compensated,1,32,10_percent,0,51090,38059,0,0,75,0,0,0.744940301428851,0.25505969857114896,1.0
c09,translation_compensated,1,32,10_percent,1,51090,47967,0,9908,130,116,0,0.9388725778038756,0.06112742219612444,1.2603326414251557
c09,translation_compensated,1,32,10_percent,2,51090,50442,0,12383,131,127,61,0.9873165002935995,0.01268349970640048,1.3253632517932683
c09,translation_compensated,1,64,any,0,13624,13624,1703,0,131,131,131,1.0,0.0,1.0
c09,translation_compensated,1,64,any,1,13624,13624,1703,0,131,131,131,1.0,0.0,1.0
c09,translation_compensated,1,64,any,2,13624,13624,1703,0,131,131,131,1.0,0.0,1.0
c09,translation_compensated,1,64,1_percent,0,13624,13220,1703,0,131,127,32,0.9703464474456841,0.0296535525543159,1.0
c09,translation_compensated,1,64,1_percent,1,13624,13622,1703,402,131,131,130,0.9998532002348797,0.00014679976512033122,1.030408472012103
c09,translation_compensated,1,64,1_percent,2,13624,13624,1703,404,131,131,131,1.0,0.0,1.0305597579425114
c09,translation_compensated,1,64,5_percent,0,13624,11934,1703,0,125,57,0,0.8759541984732825,0.12404580152671751,1.0
c09,translation_compensated,1,64,5_percent,1,13624,13528,1703,1594,131,128,109,0.992953611274222,0.007046388725778008,1.133567957097369
c09,translation_compensated,1,64,5_percent,2,13624,13605,1703,1671,131,131,126,0.9986054022313564,0.0013945977686435906,1.1400201106083458
c09,translation_compensated,1,64,10_percent,0,13624,10636,1703,0,92,5,0,0.7806811509101586,0.21931884908984145,1.0
c09,translation_compensated,1,64,10_percent,1,13624,13028,1703,2392,131,106,50,0.956253669994128,0.043746330005872025,1.2248965776607748
c09,translation_compensated,1,64,10_percent,2,13624,13483,1703,2847,131,131,101,0.9896506165590135,0.01034938344098646,1.267675817976683
c09,translation_compensated,2,8,any,0,817440,517454,0,0,3,0,0,0.6330177138383245,0.3669822861616755,1.0
c09,translation_compensated,2,8,any,1,817440,698118,0,180664,123,29,0,0.8540296535525543,0.14597034644744566,1.3491402134295996
c09,translation_compensated,2,8,any,2,817440,765239,0,247785,131,108,0,0.9361408788412605,0.06385912115873948,1.4788541590170334
c09,translation_compensated,2,8,1_percent,0,817440,517454,0,0,3,0,0,0.6330177138383245,0.3669822861616755,1.0
c09,translation_compensated,2,8,1_percent,1,817440,698118,0,180664,123,29,0,0.8540296535525543,0.14597034644744566,1.3491402134295996
c09,translation_compensated,2,8,1_percent,2,817440,765239,0,247785,131,108,0,0.9361408788412605,0.06385912115873948,1.4788541590170334
c09,translation_compensated,2,8,5_percent,0,817440,433961,0,0,0,0,0,0.530878107261695,0.46912189273830496,1.0
c09,translation_compensated,2,8,5_percent,1,817440,571897,0,137936,32,0,0,0.699619543942063,0.30038045605793695,1.3178534476600432
c09,translation_compensated,2,8,5_percent,2,817440,640915,0,206954,94,1,0,0.7840514288510472,0.21594857114895283,1.4768953892170034
c09,translation_compensated,2,8,10_percent,0,817440,402316,0,0,0,0,0,0.49216578586807597,0.5078342141319241,1.0
c09,translation_compensated,2,8,10_percent,1,817440,528945,0,126629,6,0,0,0.6470750146799765,0.3529249853200235,1.3147500969387247
c09,translation_compensated,2,8,10_percent,2,817440,588152,0,185836,44,0,0,0.7195047954589939,0.28049520454100607,1.461915509201722
c09,translation_compensated,2,16,any,0,204360,158689,0,0,91,0,0,0.7765169309062439,0.22348306909375615,1.0
c09,translation_compensated,2,16,any,1,204360,195900,0,37211,131,123,0,0.958602466236054,0.04139753376394595,1.2344901032837814
c09,translation_compensated,2,16,any,2,204360,203163,0,44474,131,131,49,0.994142689371697,0.00585731062830297,1.2802588711252827
c09,translation_compensated,2,16,1_percent,0,204360,141102,0,0,29,0,0,0.6904580152671755,0.30954198473282446,1.0
c09,translation_compensated,2,16,1_percent,1,204360,179968,0,38866,124,61,0,0.8806420043061265,0.11935799569387351,1.2754461311675243
c09,translation_compensated,2,16,1_percent,2,204360,195466,0,54364,131,116,3,0.9564787629673126,0.0435212370326874,1.3852815693611713
c09,translation_compensated,2,16,5_percent,0,204360,119893,0,0,0,0,0,0.5866754746525739,0.41332452534742614,1.0
c09,translation_compensated,2,16,5_percent,1,204360,148564,0,28671,50,0,0,0.7269720101781171,0.2730279898218829,1.2391382315898343
c09,translation_compensated,2,16,5_percent,2,204360,164270,0,44377,98,8,0,0.8038265805441378,0.1961734194558622,1.370138373382933
c09,translation_compensated,2,16,10_percent,0,204360,110629,0,0,0,0,0,0.5413437071834019,0.45865629281659814,1.0
c09,translation_compensated,2,16,10_percent,1,204360,137973,0,27344,13,0,0,0.6751467997651204,0.3248532002348796,1.2471684639651448
c09,translation_compensated,2,16,10_percent,2,204360,151544,0,40915,54,0,0,0.7415541201800744,0.2584458798199256,1.369839734608466
c09,translation_compensated,2,32,any,0,51090,46244,0,0,130,85,0,0.9051477784302212,0.0948522215697788,1.0
c09,translation_compensated,2,32,any,1,51090,50981,0,4737,131,131,97,0.9978665100802505,0.002133489919749487,1.1024349104748725
c09,translation_compensated,2,32,any,2,51090,51089,0,4845,131,131,130,0.9999804266979839,1.9573302016073768e-05,1.1047703485857625
c09,translation_compensated,2,32,1_percent,0,51090,37216,0,0,51,0,0,0.7284400078293208,0.27155999217067917,1.0
c09,translation_compensated,2,32,1_percent,1,51090,46124,0,8908,127,80,0,0.9027989821882951,0.09720101781170487,1.239359415305245
c09,translation_compensated,2,32,1_percent,2,51090,49345,0,12129,131,117,37,0.9658445879819926,0.034155412018007425,1.325908211521926
c09,translation_compensated,2,32,5_percent,0,51090,31935,0,0,3,0,0,0.6250733998825602,0.37492660011743983,1.0
c09,translation_compensated,2,32,5_percent,1,51090,38984,0,7049,67,2,0,0.7630456057936974,0.2369543942063026,1.2207296070142477
c09,translation_compensated,2,32,5_percent,2,51090,43301,0,11366,131,20,0,0.8475435505969857,0.15245644940301428,1.3559104430875215
c09,translation_compensated,2,32,10_percent,0,51090,29947,0,0,0,0,0,0.5861616754746526,0.4138383245253474,1.0
c09,translation_compensated,2,32,10_percent,1,51090,37616,0,7669,39,2,0,0.7362693286357408,0.2637306713642592,1.2560857514943067
c09,translation_compensated,2,32,10_percent,2,51090,42116,0,12169,130,12,0,0.8243491877079663,0.17565081229203372,1.4063512204895314
c09,translation_compensated,2,64,any,0,13624,13395,1703,0,131,128,52,0.983191426893717,0.01680857310628303,1.0
c09,translation_compensated,2,64,any,1,13624,13624,1703,229,131,131,131,1.0,0.0,1.0170959313176557
c09,translation_compensated,2,64,any,2,13624,13624,1703,229,131,131,131,1.0,0.0,1.0170959313176557
c09,translation_compensated,2,64,1_percent,0,13624,10414,1703,0,72,4,0,0.7643863769817968,0.2356136230182032,1.0
c09,translation_compensated,2,64,1_percent,1,13624,12639,1703,2225,131,87,39,0.9277011156782149,0.0722988843217851,1.2136546956020742
c09,translation_compensated,2,64,1_percent,2,13624,13301,1703,2887,131,131,67,0.9762918379330593,0.023708162066940708,1.2772229690800845
c09,translation_compensated,2,64,5_percent,0,13624,8936,1703,0,11,0,0,0.6559013505578392,0.34409864944216084,1.0
c09,translation_compensated,2,64,5_percent,1,13624,11347,1703,2411,131,14,2,0.8328684674104522,0.16713153258954783,1.2698075201432408
c09,translation_compensated,2,64,5_percent,2,13624,12800,1703,3864,131,128,15,0.9395184967704052,0.06048150322959478,1.432408236347359
c09,translation_compensated,2,64,10_percent,0,13624,8430,1703,0,5,0,0,0.618761009982384,0.38123899001761596,1.0
c09,translation_compensated,2,64,10_percent,1,13624,11160,1703,2730,124,14,2,0.819142689371697,0.18085731062830301,1.3238434163701067
c09,translation_compensated,2,64,10_percent,2,13624,12698,1703,4268,131,122,13,0.932031708749266,0.067968291250734,1.5062870699881377
c09,translation_compensated,4,8,any,0,817440,384650,0,0,0,0,0,0.4705544137796046,0.5294455862203954,1.0
c09,translation_compensated,4,8,any,1,817440,519039,0,134389,0,0,0,0.6349566940692895,0.36504330593071055,1.3493799558039776
c09,translation_compensated,4,8,any,2,817440,588825,0,204175,37,0,0,0.720328097475044,0.279671902524956,1.5308072273495386
c09,translation_compensated,4,8,1_percent,0,817440,384650,0,0,0,0,0,0.4705544137796046,0.5294455862203954,1.0
c09,translation_compensated,4,8,1_percent,1,817440,519039,0,134389,0,0,0,0.6349566940692895,0.36504330593071055,1.3493799558039776
c09,translation_compensated,4,8,1_percent,2,817440,588825,0,204175,37,0,0,0.720328097475044,0.279671902524956,1.5308072273495386
c09,translation_compensated,4,8,5_percent,0,817440,350213,0,0,0,0,0,0.42842655118418477,0.5715734488158153,1.0
c09,translation_compensated,4,8,5_percent,1,817440,474122,0,123909,0,0,0,0.5800083186533568,0.4199916813466432,1.3538103953879497
c09,translation_compensated,4,8,5_percent,2,817440,535197,0,184984,4,0,0,0.6547232824427481,0.34527671755725187,1.5282042642620348
c09,translation_compensated,4,8,10_percent,0,817440,332918,0,0,0,0,0,0.4072690350362106,0.5927309649637894,1.0
c09,translation_compensated,4,8,10_percent,1,817440,458939,0,126021,0,0,0,0.5614344783715013,0.4385655216284987,1.3785346541791073
c09,translation_compensated,4,8,10_percent,2,817440,517727,0,184809,1,0,0,0.6333516833039734,0.3666483166960266,1.5551186778726294
c09,translation_compensated,4,16,any,0,204360,117441,0,0,0,0,0,0.5746770405167352,0.4253229594832648,1.0
c09,translation_compensated,4,16,any,1,204360,154123,0,36682,67,0,0,0.7541740066549227,0.24582599334507726,1.3123440706397256
c09,translation_compensated,4,16,any,2,204360,175385,0,57944,130,28,0,0.8582158935212371,0.14178410647876294,1.4933881693786668
c09,translation_compensated,4,16,1_percent,0,204360,110855,0,0,0,0,0,0.5424495987473087,0.4575504012526913,1.0
c09,translation_compensated,4,16,1_percent,1,204360,143402,0,32547,19,0,0,0.7017126639264044,0.2982873360735956,1.293599747417798
c09,translation_compensated,4,16,1_percent,2,204360,161102,0,50247,103,1,0,0.7883245253474261,0.21167547465257386,1.4532677822380586
c09,translation_compensated,4,16,5_percent,0,204360,101966,0,0,0,0,0,0.49895282834214133,0.5010471716578586,1.0
c09,translation_compensated,4,16,5_percent,1,204360,132426,0,30460,5,0,0,0.6480035231943629,0.35199647680563706,1.298727026655944
c09,translation_compensated,4,16,5_percent,2,204360,147160,0,45194,29,0,0,0.7201017811704835,0.2798982188295165,1.443226173430359
c09,translation_compensated,4,16,10_percent,0,204360,95448,0,0,0,0,0,0.46705813270698765,0.5329418672930124,1.0
c09,translation_compensated,4,16,10_percent,1,204360,128714,0,33266,3,0,0,0.6298394989234684,0.37016050107653165,1.3485248512278938
c09,translation_compensated,4,16,10_percent,2,204360,144176,0,48728,21,0,0,0.7055000978665101,0.29449990213348987,1.5105188165283714
c09,translation_compensated,4,32,any,0,51090,34832,0,0,16,0,0,0.6817772558230574,0.31822274417694263,1.0
c09,translation_compensated,4,32,any,1,51090,45825,0,10993,131,67,0,0.8969465648854962,0.10305343511450382,1.3156005971520441
c09,translation_compensated,4,32,any,2,51090,49706,0,14874,131,129,12,0.9729105500097867,0.027089449990213343,1.4270211299954065
c09,translation_compensated,4,32,1_percent,0,51090,30984,0,0,0,0,0,0.6064591896652965,0.39354081033470345,1.0
c09,translation_compensated,4,32,1_percent,1,51090,38873,0,7889,69,2,0,0.7608729692699159,0.23912703073008412,1.2546152853085464
c09,translation_compensated,4,32,1_percent,2,51090,43263,0,12279,131,17,0,0.8467997651203758,0.1532002348796242,1.3963013168086755
c09,translation_compensated,4,32,5_percent,0,51090,28763,0,0,0,0,0,0.5629868858876492,0.4370131141123508,1.0
c09,translation_compensated,4,32,5_percent,1,51090,37335,0,8572,33,2,0,0.7307692307692307,0.2692307692307693,1.2980217640718978
c09,translation_compensated,4,32,5_percent,2,51090,41938,0,13175,129,12,0,0.8208651399491094,0.17913486005089063,1.4580537496088726
c09,translation_compensated,4,32,10_percent,0,51090,26779,0,0,0,0,0,0.5241534546878058,0.47584654531219417,1.0
c09,translation_compensated,4,32,10_percent,1,51090,36535,0,9756,30,2,0,0.7151105891563907,0.2848894108436093,1.364315321707308
c09,translation_compensated,4,32,10_percent,2,51090,41465,0,14686,123,11,0,0.8116069680955177,0.1883930319044823,1.5484148026438627
c09,translation_compensated,4,64,any,0,13624,10724,1703,0,100,3,0,0.7871403405754551,0.21285965942454488,1.0
c09,translation_compensated,4,64,any,1,13624,13322,1703,2598,131,129,32,0.9778332354668232,0.022166764533176786,1.242260350615442
c09,translation_compensated,4,64,any,2,13624,13610,1703,2886,131,131,122,0.9989724016441573,0.0010275983558426516,1.2691160014919807
c09,translation_compensated,4,64,1_percent,0,13624,8960,1703,0,11,0,0,0.6576629477392836,0.3423370522607164,1.0
c09,translation_compensated,4,64,1_percent,1,13624,11369,1703,2409,131,15,2,0.8344832648267763,0.16551673517322374,1.2688616071428571
c09,translation_compensated,4,64,1_percent,2,13624,12807,1703,3847,131,127,15,0.9400322959483265,0.05996770405167351,1.4293526785714286
c09,translation_compensated,4,64,5_percent,0,13624,8421,1703,0,6,0,0,0.6181004110393423,0.3818995889606577,1.0
c09,translation_compensated,4,64,5_percent,1,13624,11188,1703,2767,128,14,2,0.8211978860833823,0.1788021139166177,1.3285833036456478
c09,translation_compensated,4,64,5_percent,2,13624,12738,1703,4317,131,125,13,0.9349677040516735,0.06503229594832649,1.5126469540434628
c09,translation_compensated,4,64,10_percent,0,13624,7668,1703,0,4,0,0,0.5628302994715209,0.43716970052847914,1.0
c09,translation_compensated,4,64,10_percent,1,13624,10919,1703,3251,113,12,0,0.8014533176746917,0.19854668232530825,1.4239697443922796
c09,translation_compensated,4,64,10_percent,2,13624,12608,1703,4940,131,114,12,0.9254257193188491,0.0745742806811509,1.6442357850808555
c09,translation_compensated,8,8,any,0,817440,320309,0,0,0,0,0,0.39184404971618714,0.6081559502838129,1.0
c09,translation_compensated,8,8,any,1,817440,450189,0,129880,0,0,0,0.5507303288314739,0.4492696711685261,1.4054834550387283
c09,translation_compensated,8,8,any,2,817440,516440,0,196131,1,0,0,0.6317772558230573,0.3682227441769427,1.6123181053295412
c09,translation_compensated,8,8,1_percent,0,817440,320309,0,0,0,0,0,0.39184404971618714,0.6081559502838129,1.0
c09,translation_compensated,8,8,1_percent,1,817440,450189,0,129880,0,0,0,0.5507303288314739,0.4492696711685261,1.4054834550387283
c09,translation_compensated,8,8,1_percent,2,817440,516440,0,196131,1,0,0,0.6317772558230573,0.3682227441769427,1.6123181053295412
c09,translation_compensated,8,8,5_percent,0,817440,295778,0,0,0,0,0,0.3618345077314543,0.6381654922685457,1.0
c09,translation_compensated,8,8,5_percent,1,817440,430028,0,134250,0,0,0,0.5260667449598747,0.4739332550401253,1.4538877130821088
c09,translation_compensated,8,8,5_percent,2,817440,494561,0,198783,0,0,0,0.6050119886474848,0.39498801135251516,1.6720682403694662
c09,translation_compensated,8,8,10_percent,0,817440,278349,0,0,0,0,0,0.3405130651790957,0.6594869348209043,1.0
c09,translation_compensated,8,8,10_percent,1,817440,418751,0,140402,0,0,0,0.5122712370326874,0.4877287629673126,1.504409931417034
c09,translation_compensated,8,8,10_percent,2,817440,485231,0,206882,0,0,0,0.5935983069093757,0.40640169309062435,1.7432467873065827
c09,translation_compensated,8,16,any,0,204360,100934,0,0,0,0,0,0.4939029164220004,0.5060970835779997,1.0
c09,translation_compensated,8,16,any,1,204360,135271,0,34337,5,0,0,0.6619250342532785,0.33807496574672147,1.340192601105673
c09,translation_compensated,8,16,any,2,204360,153374,0,52440,64,0,0,0.7505089058524173,0.24949109414758275,1.5195474270315255
c09,translation_compensated,8,16,1_percent,0,204360,97503,0,0,0,0,0,0.4771139166177334,0.5228860833822666,1.0
c09,translation_compensated,8,16,1_percent,1,204360,131020,0,33517,3,0,0,0.6411235075357212,0.3588764924642788,1.3437535255325477
c09,translation_compensated,8,16,1_percent,2,204360,147725,0,50222,27,0,0,0.7228665100802505,0.2771334899197495,1.5150815872332133
c09,translation_compensated,8,16,5_percent,0,204360,90134,0,0,0,0,0,0.4410550009786651,0.5589449990213349,1.0
c09,translation_compensated,8,16,5_percent,1,204360,125707,0,35573,3,0,0,0.6151252691329028,0.3848747308670972,1.3946679388466061
c09,translation_compensated,8,16,5_percent,2,204360,142220,0,52086,18,0,0,0.6959287531806616,0.3040712468193384,1.5778729447267401
c09,translation_compensated,8,16,10_percent,0,204360,82439,0,0,0,0,0,0.40340086122528873,0.5965991387747113,1.0
c09,translation_compensated,8,16,10_percent,1,204360,121601,0,39162,1,0,0,0.5950332746134273,0.40496672538657275,1.4750421523793351
c09,translation_compensated,8,16,10_percent,2,204360,139777,0,57338,16,0,0,0.683974358974359,0.316025641025641,1.6955203241184391
c09,translation_compensated,8,32,any,0,51090,30493,0,0,0,0,0,0.596848698375416,0.403151301624584,1.0
c09,translation_compensated,8,32,any,1,51090,40120,0,9627,108,3,0,0.7852808768839303,0.21471912311606967,1.3157118027088184
c09,translation_compensated,8,32,any,2,51090,45020,0,14527,131,43,1,0.8811900567625759,0.11880994323742411,1.476404420686715
c09,translation_compensated,8,32,1_percent,0,51090,28592,0,0,0,0,0,0.5596398512429047,0.4403601487570953,1.0
c09,translation_compensated,8,32,1_percent,1,51090,37381,0,8789,30,2,0,0.7316696026619691,0.2683303973380309,1.307393676552882
c09,translation_compensated,8,32,1_percent,2,51090,41979,0,13387,130,12,0,0.8216676453317675,0.1783323546682325,1.4682078903189704
c09,translation_compensated,8,32,5_percent,0,51090,26191,0,0,0,0,0,0.5126443531023683,0.48735564689763167,1.0
c09,translation_compensated,8,32,5_percent,1,51090,36324,0,10133,28,2,0,0.7109806224310041,0.28901937756899587,1.3868886258638464
c09,translation_compensated,8,32,5_percent,2,51090,41346,0,15155,123,11,0,0.8092777451556078,0.1907222548443922,1.5786338818678172
c09,translation_compensated,8,32,10_percent,0,51090,23264,0,0,0,0,0,0.4553532981013897,0.5446467018986103,1.0
c09,translation_compensated,8,32,10_percent,1,51090,35020,0,11756,19,0,0,0.6854570366020748,0.3145429633979252,1.5053301237964236
c09,translation_compensated,8,32,10_percent,2,51090,40647,0,17383,103,10,0,0.7955960070463888,0.20440399295361122,1.7472059834938103
c09,translation_compensated,8,64,any,0,13624,9353,1703,0,13,0,0,0.6865091015854374,0.31349089841456257,1.0
c09,translation_compensated,8,64,any,1,13624,12157,1703,2804,131,60,3,0.8923223722842043,0.1076776277157957,1.2997968566235432
c09,translation_compensated,8,64,any,2,13624,13261,1703,3908,131,131,35,0.9733558426306518,0.02664415736934822,1.4178338501015717
c09,translation_compensated,8,64,1_percent,0,13624,8599,1703,0,7,0,0,0.6311655901350558,0.3688344098649442,1.0
c09,translation_compensated,8,64,1_percent,1,13624,11250,1703,2651,131,14,2,0.8257486788021139,0.1742513211978861,1.308291661821142
c09,translation_compensated,8,64,1_percent,2,13624,12783,1703,4184,131,126,13,0.938270698766882,0.06172930123311804,1.486568205605303
c09,translation_compensated,8,64,5_percent,0,13624,7767,1703,0,4,0,0,0.5700968878449795,0.42990311215502053,1.0
c09,translation_compensated,8,64,5_percent,1,13624,10963,1703,3196,116,13,2,0.80468291250734,0.19531708749265997,1.4114844856443929
c09,translation_compensated,8,64,5_percent,2,13624,12664,1703,4897,131,120,12,0.9295361127422196,0.07046388725778041,1.6304879618900476
c09,translation_compensated,8,64,10_percent,0,13624,6680,1703,0,1,0,0,0.4903112155020552,0.5096887844979447,1.0
c09,translation_compensated,8,64,10_percent,1,13624,10478,1703,3798,78,8,0,0.7690839694656488,0.23091603053435117,1.568562874251497
c09,translation_compensated,8,64,10_percent,2,13624,12396,1703,5716,130,90,12,0.9098649442160892,0.09013505578391079,1.855688622754491
c09,translation_compensated,16,8,any,0,817440,266484,0,0,0,0,0,0.32599823840281855,0.6740017615971814,1.0
c09,translation_compensated,16,8,any,1,817440,405746,0,139262,0,0,0,0.4963618124877667,0.5036381875122333,1.5225904744750154
c09,translation_compensated,16,8,any,2,817440,475691,0,209207,0,0,0,0.5819277255823058,0.41807227441769423,1.7850640188529143
c09,translation_compensated,16,8,1_percent,0,817440,266484,0,0,0,0,0,0.32599823840281855,0.6740017615971814,1.0
c09,translation_compensated,16,8,1_percent,1,817440,405746,0,139262,0,0,0,0.4963618124877667,0.5036381875122333,1.5225904744750154
c09,translation_compensated,16,8,1_percent,2,817440,475691,0,209207,0,0,0,0.5819277255823058,0.41807227441769423,1.7850640188529143
c09,translation_compensated,16,8,5_percent,0,817440,242447,0,0,0,0,0,0.2965930221178313,0.7034069778821688,1.0
c09,translation_compensated,16,8,5_percent,1,817440,390014,0,147567,0,0,0,0.4771163632804854,0.5228836367195147,1.6086567373487815
c09,translation_compensated,16,8,5_percent,2,817440,462144,0,219697,0,0,0,0.5653552554315913,0.43464474456840874,1.9061650587551093
c09,translation_compensated,16,8,10_percent,0,817440,224112,0,0,0,0,0,0.27416324133881387,0.7258367586611861,1.0
c09,translation_compensated,16,8,10_percent,1,817440,377391,0,153279,0,0,0,0.4616742513211979,0.5383257486788021,1.68393928035982
c09,translation_compensated,16,8,10_percent,2,817440,451673,0,227561,0,0,0,0.5525457525934625,0.4474542474065375,2.015389626615264
c09,translation_compensated,16,16,any,0,204360,88985,0,0,0,0,0,0.4354325699745547,0.5645674300254453,1.0
c09,translation_compensated,16,16,any,1,204360,125386,0,36401,2,0,0,0.6135545116461147,0.38644548835388526,1.4090689442040794
c09,translation_compensated,16,16,any,2,204360,143041,0,54056,19,0,0,0.6999461734194559,0.30005382658054414,1.6074731696353317
c09,translation_compensated,16,16,1_percent,0,204360,86086,0,0,0,0,0,0.4212468193384224,0.5787531806615775,1.0
c09,translation_compensated,16,16,1_percent,1,204360,123493,0,37407,1,0,0,0.6042914464670189,0.39570855353298107,1.4345305856933763
c09,translation_compensated,16,16,1_percent,2,204360,141574,0,55488,18,0,0,0.6927676649050695,0.30723233509493053,1.6445647375879935
c09,translation_compensated,16,16,5_percent,0,204360,77798,0,0,0,0,0,0.38069093756116656,0.6193090624388334,1.0
c09,translation_compensated,16,16,5_percent,1,204360,118151,0,40353,0,0,0,0.5781513016245841,0.42184869837541594,1.5186894264634052
c09,translation_compensated,16,16,5_percent,2,204360,137302,0,59504,14,0,0,0.671863378351928,0.328136621648072,1.7648525669040336
c09,translation_compensated,16,16,10_percent,0,204360,67711,0,0,0,0,0,0.3313319632021922,0.6686680367978077,1.0
c09,translation_compensated,16,16,10_percent,1,204360,111776,0,44065,0,0,0,0.5469563515365042,0.45304364846349576,1.6507805231055515
c09,translation_compensated,16,16,10_percent,2,204360,133273,0,65562,11,0,0,0.6521481698962615,0.34785183010373855,1.9682621730590304
c09,translation_compensated,16,32,any,0,51090,27887,0,0,0,0,0,0.5458406733215894,0.45415932667841064,1.0
c09,translation_compensated,16,32,any,1,51090,37420,0,9533,35,2,0,0.732432961440595,0.267567038559405,1.3418438699035393
c09,translation_compensated,16,32,any,2,51090,42076,0,14189,131,12,0,0.8235662556273243,0.17643374437267567,1.5088033850898268
c09,translation_compensated,16,32,1_percent,0,51090,26296,0,0,0,0,0,0.5146995498140536,0.48530045018594636,1.0
c09,translation_compensated,16,32,1_percent,1,51090,36334,0,10038,28,1,0,0.7111763554511646,0.28882364454883536,1.3817310617584424
c09,translation_compensated,16,32,1_percent,2,51090,41388,0,15092,124,12,0,0.8100998238402819,0.1899001761597181,1.5739275935503498
c09,translation_compensated,16,32,5_percent,0,51090,23091,0,0,0,0,0,0.45196711685261304,0.548032883147387,1.0
c09,translation_compensated,16,32,5_percent,1,51090,34810,0,11719,21,0,0,0.6813466431787042,0.3186533568212958,1.5075137499458664
c09,translation_compensated,16,32,5_percent,2,51090,40501,0,17410,102,9,0,0.7927383049520454,0.20726169504795455,1.7539734095535058
c09,translation_compensated,16,32,10_percent,0,51090,19133,0,0,0,0,0,0.3744959874730867,0.6255040125269133,1.0
c09,translation_compensated,16,32,10_percent,1,51090,32453,0,13320,13,0,0,0.6352123703268742,0.36478762967312583,1.696179375947316
c09,translation_compensated,16,32,10_percent,2,51090,39118,0,19985,73,7,0,0.7656684282638481,0.23433157173615193,2.044530392515549
c09,translation_compensated,16,64,any,0,13624,8728,1703,0,6,0,0,0.64063417498532,0.35936582501467995,1.0
c09,translation_compensated,16,64,any,1,13624,11381,1703,2653,131,14,2,0.8353640634174986,0.16463593658250142,1.3039642529789184
c09,translation_compensated,16,64,any,2,13624,12812,1703,4084,131,127,13,0.9403992953611274,0.05960070463887257,1.4679193400549955
c09,translation_compensated,16,64,1_percent,0,13624,8133,1703,0,4,0,0,0.5969612448620082,0.4030387551379918,1.0
c09,translation_compensated,16,64,1_percent,1,13624,11122,1703,2989,127,14,2,0.8163534938344099,0.18364650616559008,1.3675150620927088
c09,translation_compensated,16,64,1_percent,2,13624,12741,1703,4608,131,123,12,0.9351879036993541,0.06481209630064588,1.566580597565474
c09,translation_compensated,16,64,5_percent,0,13624,6861,1703,0,0,0,0,0.5035965942454492,0.4964034057545508,1.0
c09,translation_compensated,16,64,5_percent,1,13624,10566,1703,3705,89,11,0,0.7755431591309454,0.2244568408690546,1.540008745080892
c09,translation_compensated,16,64,5_percent,2,13624,12520,1703,5659,131,106,12,0.9189665296535525,0.08103347034644748,1.824806879463635
c09,translation_compensated,16,64,10_percent,0,13624,5359,1703,0,0,0,0,0.39334997064004695,0.606650029359953,1.0
c09,translation_compensated,16,64,10_percent,1,13624,9571,1703,4212,52,6,0,0.7025102759835584,0.2974897240164416,1.7859675312558314
c09,translation_compensated,16,64,10_percent,2,13624,11853,1703,6494,118,63,11,0.8700088079859072,0.12999119201409282,2.2117932450083972
c10,raw,0,8,any,0,617760,607939,0,0,99,99,0,0.9841022403522404,0.015897759647759635,1.0
c10,raw,0,8,any,1,617760,617276,0,9337,99,99,28,0.9992165242165242,0.0007834757834758177,1.0153584487917373
c10,raw,0,8,any,2,617760,617738,0,9799,99,99,88,0.9999643874643874,3.5612535612572493e-05,1.0161183934572382
c10,raw,0,8,1_percent,0,617760,607939,0,0,99,99,0,0.9841022403522404,0.015897759647759635,1.0
c10,raw,0,8,1_percent,1,617760,617276,0,9337,99,99,28,0.9992165242165242,0.0007834757834758177,1.0153584487917373
c10,raw,0,8,1_percent,2,617760,617738,0,9799,99,99,88,0.9999643874643874,3.5612535612572493e-05,1.0161183934572382
c10,raw,0,8,5_percent,0,617760,599799,0,0,99,99,0,0.9709256021756022,0.029074397824397802,1.0
c10,raw,0,8,5_percent,1,617760,616841,0,17042,99,99,16,0.9985123672623673,0.0014876327376327492,1.0284128516386324
c10,raw,0,8,5_percent,2,617760,617713,0,17914,99,99,83,0.9999239186739187,7.608132608127871e-05,1.0298666720017873
c10,raw,0,8,10_percent,0,617760,589957,0,0,99,93,0,0.9549938487438487,0.04500615125615126,1.0
c10,raw,0,8,10_percent,1,617760,615957,0,26000,99,99,5,0.9970813908313908,0.0029186091686091986,1.044071008565031
c10,raw,0,8,10_percent,2,617760,617583,0,27626,99,99,62,0.999713480963481,0.00028651903651899513,1.0468271416391364
c10,raw,0,16,any,0,154440,154000,0,0,99,99,18,0.9971509971509972,0.002849002849002802,1.0
c10,raw,0,16,any,1,154440,154440,0,440,99,99,99,1.0,0.0,1.002857142857143
c10,raw,0,16,any,2,154440,154440,0,440,99,99,99,1.0,0.0,1.002857142857143
c10,raw,0,16,1_percent,0,154440,153850,0,0,99,99,12,0.9961797461797461,0.0038202538202538605,1.0
c10,raw,0,16,1_percent,1,154440,154440,0,590,99,99,99,1.0,0.0,1.0038349041273968
c10,raw,0,16,1_percent,2,154440,154440,0,590,99,99,99,1.0,0.0,1.0038349041273968
c10,raw,0,16,5_percent,0,154440,152689,0,0,99,99,2,0.9886622636622636,0.011337736337736382,1.0
c10,raw,0,16,5_percent,1,154440,154421,0,1732,99,99,88,0.9998769748769749,0.00012302512302508894,1.0113433187721448
c10,raw,0,16,5_percent,2,154440,154439,0,1750,99,99,98,0.999993524993525,6.475006474992995e-06,1.0114612054568437
c10,raw,0,16,10_percent,0,154440,150607,0,0,99,99,0,0.9751813001813002,0.024818699818699774,1.0
c10,raw,0,16,10_percent,1,154440,154351,0,3744,99,99,74,0.9994237244237244,0.0005762755762755978,1.0248594022854183
c10,raw,0,16,10_percent,2,154440,154428,0,3821,99,99,93,0.9999222999223,7.770007770002696e-05,1.025370666702079
c10,raw,0,32,any,0,38610,38610,0,0,99,99,99,1.0,0.0,1.0
c10,raw,0,32,any,1,38610,38610,0,0,99,99,99,1.0,0.0,1.0
c10,raw,0,32,any,2,38610,38610,0,0,99,99,99,1.0,0.0,1.0
c10,raw,0,32,1_percent,0,38610,38602,0,0,99,99,92,0.9997927997927998,0.00020720020720021992,1.0
c10,raw,0,32,1_percent,1,38610,38610,0,8,99,99,99,1.0,0.0,1.0002072431480233
c10,raw,0,32,1_percent,2,38610,38610,0,8,99,99,99,1.0,0.0,1.0002072431480233
c10,raw,0,32,5_percent,0,38610,38525,0,0,99,99,60,0.9977984977984978,0.00220150220150217,1.0
c10,raw,0,32,5_percent,1,38610,38610,0,85,99,99,99,1.0,0.0,1.0022063595068138
c10,raw,0,32,5_percent,2,38610,38610,0,85,99,99,99,1.0,0.0,1.0022063595068138
c10,raw,0,32,10_percent,0,38610,38225,0,0,99,99,34,0.99002849002849,0.009971509971509973,1.0
c10,raw,0,32,10_percent,1,38610,38608,0,383,99,99,97,0.9999481999482,5.180005180005498e-05,1.0100196206671026
c10,raw,0,32,10_percent,2,38610,38610,0,385,99,99,99,1.0,0.0,1.0100719424460431
c10,raw,0,64,any,0,10296,10296,1287,0,99,99,99,1.0,0.0,1.0
c10,raw,0,64,any,1,10296,10296,1287,0,99,99,99,1.0,0.0,1.0
c10,raw,0,64,any,2,10296,10296,1287,0,99,99,99,1.0,0.0,1.0
c10,raw,0,64,1_percent,0,10296,10296,1287,0,99,99,99,1.0,0.0,1.0
c10,raw,0,64,1_percent,1,10296,10296,1287,0,99,99,99,1.0,0.0,1.0
c10,raw,0,64,1_percent,2,10296,10296,1287,0,99,99,99,1.0,0.0,1.0
c10,raw,0,64,5_percent,0,10296,10294,1287,0,99,99,97,0.9998057498057498,0.00019425019425023393,1.0
c10,raw,0,64,5_percent,1,10296,10296,1287,2,99,99,99,1.0,0.0,1.0001942879347192
c10,raw,0,64,5_percent,2,10296,10296,1287,2,99,99,99,1.0,0.0,1.0001942879347192
c10,raw,0,64,10_percent,0,10296,10260,1287,0,99,99,77,0.9965034965034965,0.0034965034965035446,1.0
c10,raw,0,64,10_percent,1,10296,10296,1287,36,99,99,99,1.0,0.0,1.0035087719298246
c10,raw,0,64,10_percent,2,10296,10296,1287,36,99,99,99,1.0,0.0,1.0035087719298246
c10,raw,1,8,any,0,617760,546402,0,0,99,33,0,0.884489121989122,0.115510878010878,1.0
c10,raw,1,8,any,1,617760,610217,0,63815,99,99,0,0.9877897565397565,0.012210243460243464,1.116791300178257
c10,raw,1,8,any,2,617760,616861,0,70459,99,99,12,0.9985447422947423,0.0014552577052576732,1.1289508457143276
c10,raw,1,8,1_percent,0,617760,546402,0,0,99,33,0,0.884489121989122,0.115510878010878,1.0
c10,raw,1,8,1_percent,1,617760,610217,0,63815,99,99,0,0.9877897565397565,0.012210243460243464,1.116791300178257
c10,raw,1,8,1_percent,2,617760,616861,0,70459,99,99,12,0.9985447422947423,0.0014552577052576732,1.1289508457143276
c10,raw,1,8,5_percent,0,617760,498993,0,0,98,1,0,0.8077457264957265,0.1922542735042735,1.0
c10,raw,1,8,5_percent,1,617760,579789,0,80796,99,95,0,0.9385343822843822,0.06146561771561776,1.161918103059562
c10,raw,1,8,5_percent,2,617760,606976,0,107983,99,99,2,0.9825433825433826,0.017456617456617418,1.2164018332922506
c10,raw,1,8,10_percent,0,617760,476549,0,0,68,0,0,0.7714144651644652,0.2285855348355348,1.0
c10,raw,1,8,10_percent,1,617760,560497,0,83948,99,58,0,0.9073054260554261,0.09269457394457392,1.1761581705134205
c10,raw,1,8,10_percent,2,617760,594246,0,117697,99,99,0,0.9619366744366744,0.03806332556332559,1.246977750451685
c10,raw,1,16,any,0,154440,148839,0,0,99,99,0,0.9637334887334887,0.03626651126651126,1.0
c10,raw,1,16,any,1,154440,154400,0,5561,99,99,75,0.9997409997409997,0.0002590002590002749,1.0373625192321905
c10,raw,1,16,any,2,154440,154438,0,5599,99,99,97,0.99998704998705,1.295001294998599e-05,1.037617828660499
c10,raw,1,16,1_percent,0,154440,143520,0,0,99,85,0,0.9292929292929293,0.07070707070707072,1.0
c10,raw,1,16,1_percent,1,154440,154204,0,10684,99,99,48,0.9984718984718984,0.0015281015281015664,1.074442586399108
c10,raw,1,16,1_percent,2,154440,154438,0,10918,99,99,97,0.99998704998705,1.295001294998599e-05,1.0760730211817169
c10,raw,1,16,5_percent,0,154440,131862,0,0,99,8,0,0.8538073038073039,0.14619269619269615,1.0
c10,raw,1,16,5_percent,1,154440,150626,0,18764,99,99,2,0.9753043253043253,0.024695674695674685,1.1423002836298555
c10,raw,1,16,5_percent,2,154440,154317,0,22455,99,99,62,0.9992035742035742,0.0007964257964258037,1.1702916685625881
c10,raw,1,16,10_percent,0,154440,125172,0,0,96,0,0,0.8104895104895105,0.18951048951048954,1.0
c10,raw,1,16,10_percent,1,154440,147308,0,22136,99,99,0,0.9538202538202538,0.046179746179746184,1.1768446617454382
c10,raw,1,16,10_percent,2,154440,153773,0,28601,99,99,21,0.9956811706811707,0.00431882931882932,1.2284935928162848
c10,raw,1,32,any,0,38610,38544,0,0,99,99,59,0.9982905982905983,0.0017094017094017033,1.0
c10,raw,1,32,any,1,38610,38610,0,66,99,99,99,1.0,0.0,1.0017123287671232
c10,raw,1,32,any,2,38610,38610,0,66,99,99,99,1.0,0.0,1.0017123287671232
c10,raw,1,32,1_percent,0,38610,37514,0,0,99,99,4,0.9716135716135716,0.028386428386428353,1.0
c10,raw,1,32,1_percent,1,38610,38610,0,1096,99,99,99,1.0,0.0,1.0292157594498055
c10,raw,1,32,1_percent,2,38610,38610,0,1096,99,99,99,1.0,0.0,1.0292157594498055
c10,raw,1,32,5_percent,0,38610,34721,0,0,99,49,0,0.8992747992747993,0.10072520072520075,1.0
c10,raw,1,32,5_percent,1,38610,38546,0,3825,99,99,67,0.9983423983423984,0.0016576016576016483,1.1101638777684975
c10,raw,1,32,5_percent,2,38610,38610,0,3889,99,99,99,1.0,0.0,1.1120071426514213
c10,raw,1,32,10_percent,0,38610,32752,0,0,98,9,0,0.8482776482776483,0.1517223517223517,1.0
c10,raw,1,32,10_percent,1,38610,38014,0,5262,99,99,19,0.9845635845635846,0.015436415436415385,1.1606619443087445
c10,raw,1,32,10_percent,2,38610,38601,0,5849,99,99,92,0.9997668997668998,0.0002331002331001919,1.178584513922814
c10,raw,1,64,any,0,10296,10296,1287,0,99,99,99,1.0,0.0,1.0
c10,raw,1,64,any,1,10296,10296,1287,0,99,99,99,1.0,0.0,1.0
c10,raw,1,64,any,2,10296,10296,1287,0,99,99,99,1.0,0.0,1.0
c10,raw,1,64,1_percent,0,10296,10245,1287,0,99,99,67,0.99504662004662,0.004953379953379966,1.0
c10,raw,1,64,1_percent,1,10296,10296,1287,51,99,99,99,1.0,0.0,1.0049780380673499
c10,raw,1,64,1_percent,2,10296,10296,1287,51,99,99,99,1.0,0.0,1.0049780380673499
c10,raw,1,64,5_percent,0,10296,9704,1287,0,99,87,5,0.9425019425019425,0.057498057498057475,1.0
c10,raw,1,64,5_percent,1,10296,10296,1287,592,99,99,99,1.0,0.0,1.0610057708161582
c10,raw,1,64,5_percent,2,10296,10296,1287,592,99,99,99,1.0,0.0,1.0610057708161582
c10,raw,1,64,10_percent,0,10296,9229,1287,0,99,43,0,0.8963675213675214,0.1036324786324786,1.0
c10,raw,1,64,10_percent,1,10296,10291,1287,1062,99,99,95,0.9995143745143745,0.0004856254856254738,1.1150720554772997
c10,raw,1,64,10_percent,2,10296,10296,1287,1067,99,99,99,1.0,0.0,1.1156138259833135
c10,raw,2,8,any,0,617760,472083,0,0,60,0,0,0.7641851204351204,0.23581487956487956,1.0
c10,raw,2,8,any,1,617760,561075,0,88992,99,57,0,0.9082410644910645,0.09175893550893555,1.188509224013574
c10,raw,2,8,any,2,617760,597187,0,125104,99,99,0,0.966697422947423,0.033302577052577,1.2650042471345082
c10,raw,2,8,1_percent,0,617760,472083,0,0,60,0,0,0.7641851204351204,0.23581487956487956,1.0
c10,raw,2,8,1_percent,1,617760,561075,0,88992,99,57,0,0.9082410644910645,0.09175893550893555,1.188509224013574
c10,raw,2,8,1_percent,2,617760,597187,0,125104,99,99,0,0.966697422947423,0.033302577052577,1.2650042471345082
c10,raw,2,8,5_percent,0,617760,433566,0,0,9,0,0,0.7018356643356644,0.29816433566433564,1.0
c10,raw,2,8,5_percent,1,617760,509005,0,75439,99,3,0,0.8239526677026677,0.17604733229733227,1.1739965772223837
c10,raw,2,8,5_percent,2,617760,544679,0,111113,99,26,0,0.881700012950013,0.11829998704998701,1.2562770143415305
c10,raw,2,8,10_percent,0,617760,415508,0,0,3,0,0,0.6726042476042476,0.32739575239575236,1.0
c10,raw,2,8,10_percent,1,617760,495745,0,80237,98,0,0,0.8024880212380212,0.1975119787619788,1.1931057885768745
c10,raw,2,8,10_percent,2,617760,529944,0,114436,99,6,0,0.8578477078477078,0.1421522921522922,1.2754122664304899
c10,raw,2,16,any,0,154440,132243,0,0,99,9,0,0.8562742812742813,0.1437257187257187,1.0
c10,raw,2,16,any,1,154440,151739,0,19496,99,99,2,0.9825110075110075,0.017488992488992494,1.1474255726201008
c10,raw,2,16,any,2,154440,154300,0,22057,99,99,71,0.9990934990934991,0.0009065009065009066,1.1667914369758703
c10,raw,2,16,1_percent,0,154440,124634,0,0,98,0,0,0.807005957005957,0.192994042994043,1.0
c10,raw,2,16,1_percent,1,154440,144906,0,20272,99,89,0,0.9382672882672882,0.061732711732711776,1.162652245775631
c10,raw,2,16,1_percent,2,154440,152068,0,27434,99,99,12,0.9846412846412846,0.015358715358715358,1.2201165011152655
c10,raw,2,16,5_percent,0,154440,116046,0,0,49,0,0,0.7513986013986014,0.24860139860139863,1.0
c10,raw,2,16,5_percent,1,154440,134717,0,18671,99,6,0,0.8722934472934473,0.12770655270655273,1.16089309411785
c10,raw,2,16,5_percent,2,154440,142880,0,26834,99,98,0,0.9251489251489251,0.0748510748510749,1.2312358892163453
c10,raw,2,16,10_percent,0,154440,110992,0,0,22,0,0,0.7186739186739187,0.2813260813260813,1.0
c10,raw,2,16,10_percent,1,154440,132637,0,21645,99,2,0,0.8588254338254339,0.14117456617456614,1.1950140550670318
c10,raw,2,16,10_percent,2,154440,141380,0,30388,99,94,0,0.9154364154364154,0.08456358456358459,1.2737854980539138
c10,raw,2,32,any,0,38610,36615,0,0,99,97,0,0.9483294483294483,0.05167055167055168,1.0
c10,raw,2,32,any,1,38610,38609,0,1994,99,99,98,0.9999740999741,2.590002589997198e-05,1.0544585552369248
c10,raw,2,32,any,2,38610,38610,0,1995,99,99,99,1.0,0.0,1.0544858664481769
c10,raw,2,32,1_percent,0,38610,32958,0,0,99,9,0,0.8536130536130536,0.14638694638694638,1.0
c10,raw,2,32,1_percent,1,38610,37454,0,4496,99,99,13,0.9700595700595701,0.02994042994042989,1.1364160446629044
c10,raw,2,32,1_percent,2,38610,38599,0,5641,99,99,89,0.9997150997150998,0.0002849002849002469,1.1711572304144668
c10,raw,2,32,5_percent,0,38610,30940,0,0,98,0,0,0.8013468013468014,0.19865319865319864,1.0
c10,raw,2,32,5_percent,1,38610,36020,0,5080,99,99,0,0.9329189329189329,0.06708106708106709,1.1641887524240466
c10,raw,2,32,5_percent,2,38610,38458,0,7518,99,99,7,0.996063196063196,0.0039368039368039565,1.2429864253393665
c10,raw,2,32,10_percent,0,38610,29500,0,0,69,0,0,0.764050764050764,0.235949235949236,1.0
c10,raw,2,32,10_percent,1,38610,35485,0,5985,99,89,0,0.919062419062419,0.08093758093758097,1.2028813559322034
c10,raw,2,32,10_percent,2,38610,38148,0,8648,99,99,1,0.9880341880341881,0.011965811965811923,1.2931525423728814
c10,raw,2,64,any,0,10296,10248,1287,0,99,99,69,0.9953379953379954,0.004662004662004615,1.0
c10,raw,2,64,any,1,10296,10296,1287,48,99,99,99,1.0,0.0,1.0046838407494145
c10,raw,2,64,any,2,10296,10296,1287,48,99,99,99,1.0,0.0,1.0046838407494145
c10,raw,2,64,1_percent,0,10296,9322,1287,0,99,48,0,0.9054001554001554,0.0945998445998446,1.0
c10,raw,2,64,1_percent,1,10296,10296,1287,974,99,99,99,1.0,0.0,1.1044840163055138
c10,raw,2,64,1_percent,2,10296,10296,1287,974,99,99,99,1.0,0.0,1.1044840163055138
c10,raw,2,64,5_percent,0,10296,8913,1287,0,99,2,0,0.8656759906759907,0.13432400932400934,1.0
c10,raw,2,64,5_percent,1,10296,10285,1287,1372,99,99,90,0.9989316239316239,0.0010683760683760646,1.153932458207113
c10,raw,2,64,5_percent,2,10296,10296,1287,1383,99,99,99,1.0,0.0,1.155166610568832
c10,raw,2,64,10_percent,0,10296,8436,1287,0,88,0,0,0.8193473193473193,0.1806526806526807,1.0
c10,raw,2,64,10_percent,1,10296,10138,1287,1702,99,97,48,0.9846542346542346,0.015345765345765372,1.2017543859649122
c10,raw,2,64,10_percent,2,10296,10280,1287,1844,99,99,95,0.9984459984459985,0.0015540015540015384,1.2185870080606922
c10,raw,4,8,any,0,617760,415974,0,0,0,0,0,0.6733585858585859,0.3266414141414141,1.0
c10,raw,4,8,any,1,617760,494472,0,78498,98,0,0,0.8004273504273505,0.19957264957264953,1.1887089096914711
c10,raw,4,8,any,2,617760,527586,0,111612,99,0,0,0.8540306915306916,0.14596930846930845,1.2683148466009895
c10,raw,4,8,1_percent,0,617760,415974,0,0,0,0,0,0.6733585858585859,0.3266414141414141,1.0
c10,raw,4,8,1_percent,1,617760,494472,0,78498,98,0,0,0.8004273504273505,0.19957264957264953,1.1887089096914711
c10,raw,4,8,1_percent,2,617760,527586,0,111612,99,0,0,0.8540306915306916,0.14596930846930845,1.2683148466009895
c10,raw,4,8,5_percent,0,617760,384106,0,0,0,0,0,0.6217722092722092,0.3782277907277908,1.0
c10,raw,4,8,5_percent,1,617760,480488,0,96382,93,0,0,0.7777907277907278,0.22220927220927222,1.250925525766325
c10,raw,4,8,5_percent,2,617760,520576,0,136470,99,0,0,0.8426832426832427,0.15731675731675732,1.3552925494524948
c10,raw,4,8,10_percent,0,617760,360895,0,0,0,0,0,0.5841993654493655,0.41580063455063454,1.0
c10,raw,4,8,10_percent,1,617760,469863,0,108968,69,0,0,0.7605914918414919,0.23940850815850812,1.301938236883304
c10,raw,4,8,10_percent,2,617760,514864,0,153969,99,0,0,0.8334369334369335,0.16656306656306652,1.426631014561022
c10,raw,4,16,any,0,154440,116853,0,0,59,0,0,0.7566239316239316,0.2433760683760684,1.0
c10,raw,4,16,any,1,154440,134839,0,17986,99,0,0,0.8730833980833981,0.12691660191660192,1.1539198822452141
c10,raw,4,16,any,2,154440,142610,0,25757,99,99,0,0.9234006734006734,0.07659932659932656,1.2204222399082607
c10,raw,4,16,1_percent,0,154440,113958,0,0,38,0,0,0.7378787878787879,0.2621212121212121,1.0
c10,raw,4,16,1_percent,1,154440,134098,0,20140,99,0,0,0.8682854182854183,0.13171458171458172,1.1767317783744888
c10,raw,4,16,1_percent,2,154440,142249,0,28291,99,99,0,0.9210631960631961,0.07893680393680391,1.2482581301883149
c10,raw,4,16,5_percent,0,154440,106509,0,0,2,0,0,0.6896464646464646,0.3103535353535354,1.0
c10,raw,4,16,5_percent,1,154440,131685,0,25176,99,0,0,0.8526612276612276,0.14733877233877235,1.2363743908965439
c10,raw,4,16,5_percent,2,154440,141223,0,34714,99,94,0,0.9144198394198394,0.0855801605801606,1.3259255086424622
c10,raw,4,16,10_percent,0,154440,98940,0,0,0,0,0,0.6406371406371406,0.3593628593628594,1.0
c10,raw,4,16,10_percent,1,154440,128302,0,29362,96,0,0,0.8307562807562807,0.16924371924371928,1.2967657165959168
c10,raw,4,16,10_percent,2,154440,139581,0,40641,99,74,0,0.9037878787878788,0.0962121212121212,1.4107640994542148
c10,raw,4,32,any,0,38610,32205,0,0,99,0,0,0.8341103341103341,0.16588966588966592,1.0
c10,raw,4,32,any,1,38610,36427,0,4222,99,99,0,0.9434602434602435,0.056539756539756514,1.1310976556435337
c10,raw,4,32,any,2,38610,38581,0,6376,99,99,71,0.9992488992488993,0.0007511007511007417,1.1979816798633753
c10,raw,4,32,1_percent,0,38610,31209,0,0,98,0,0,0.8083139083139084,0.19168609168609163,1.0
c10,raw,4,32,1_percent,1,38610,36213,0,5004,99,99,0,0.9379176379176379,0.062082362082362064,1.1603383639334808
c10,raw,4,32,1_percent,2,38610,38541,0,7332,99,99,41,0.9982128982128982,0.0017871017871018413,1.2349322310871864
c10,raw,4,32,5_percent,0,38610,29107,0,0,62,0,0,0.7538720538720539,0.24612794612794608,1.0
c10,raw,4,32,5_percent,1,38610,35614,0,6507,99,90,0,0.9224035224035224,0.07759647759647759,1.2235544714329887
c10,raw,4,32,5_percent,2,38610,38295,0,9188,99,99,3,0.9918414918414918,0.00815850815850816,1.3156628989590133
c10,raw,4,32,10_percent,0,38610,26724,0,0,16,0,0,0.6921522921522921,0.3078477078477079,1.0
c10,raw,4,32,10_percent,1,38610,34575,0,7851,99,60,0,0.8954933954933955,0.10450660450660454,1.2937808711270768
c10,raw,4,32,10_percent,2,38610,37603,0,10879,99,95,0,0.9739186739186739,0.026081326081326073,1.4070872623858703
c10,raw,4,64,any,0,10296,9233,1287,0,99,31,0,0.8967560217560218,0.10324397824397824,1.0
c10,raw,4,64,any,1,10296,10296,1287,1063,99,99,99,1.0,0.0,1.1151305101267193
c10,raw,4,64,any,2,10296,10296,1287,1063,99,99,99,1.0,0.0,1.1151305101267193
c10,raw,4,64,1_percent,0,10296,9072,1287,0,99,6,0,0.8811188811188811,0.11888111888111885,1.0
c10,raw,4,64,1_percent,1,10296,10296,1287,1224,99,99,99,1.0,0.0,1.1349206349206349
c10,raw,4,64,1_percent,2,10296,10296,1287,1224,99,99,99,1.0,0.0,1.1349206349206349
c10,raw,4,64,5_percent,0,10296,8470,1287,0,91,0,0,0.8226495726495726,0.1773504273504274,1.0
c10,raw,4,64,5_percent,1,10296,10185,1287,1715,99,98,61,0.9892191142191142,0.010780885780885763,1.2024793388429753
c10,raw,4,64,5_percent,2,10296,10284,1287,1814,99,99,95,0.9988344988344988,0.0011655011655011815,1.2141676505312868
c10,raw,4,64,10_percent,0,10296,7719,1287,0,57,0,0,0.7497086247086248,0.25029137529137524,1.0
c10,raw,4,64,10_percent,1,10296,9851,1287,2132,99,85,21,0.9567793317793318,0.04322066822066817,1.2762015805156108
c10,raw,4,64,10_percent,2,10296,10232,1287,2513,99,98,85,0.9937839937839937,0.006216006216006265,1.3255603057390855
c10,raw,8,8,any,0,617760,355762,0,0,0,0,0,0.5758903133903134,0.4241096866096866,1.0
c10,raw,8,8,any,1,617760,469304,0,113542,70,0,0,0.7596866096866097,0.24031339031339027,1.3191515676210501
c10,raw,8,8,any,2,617760,515085,0,159323,99,0,0,0.8337946775446775,0.1662053224553225,1.4478359127731462
c10,raw,8,8,1_percent,0,617760,355762,0,0,0,0,0,0.5758903133903134,0.4241096866096866,1.0
c10,raw,8,8,1_percent,1,617760,469304,0,113542,70,0,0,0.7596866096866097,0.24031339031339027,1.3191515676210501
c10,raw,8,8,1_percent,2,617760,515085,0,159323,99,0,0,0.8337946775446775,0.1662053224553225,1.4478359127731462
c10,raw,8,8,5_percent,0,617760,309129,0,0,0,0,0,0.5004030691530692,0.4995969308469308,1.0
c10,raw,8,8,5_percent,1,617760,442367,0,133238,17,0,0,0.7160822973322973,0.28391770266770266,1.4310110018794742
c10,raw,8,8,5_percent,2,617760,499533,0,190404,96,0,0,0.8086198523698523,0.19138014763014766,1.6159370359946819
c10,raw,8,8,10_percent,0,617760,279102,0,0,0,0,0,0.4517968142968143,0.5482031857031857,1.0
c10,raw,8,8,10_percent,1,617760,421404,0,142302,3,0,0,0.6821484071484072,0.3178515928515928,1.5098566115613647
c10,raw,8,8,10_percent,2,617760,485851,0,206749,84,0,0,0.7864720927220927,0.21352790727790727,1.740765024972949
c10,raw,8,16,any,0,154440,107485,0,0,4,0,0,0.695966070966071,0.304033929033929,1.0
c10,raw,8,16,any,1,154440,132669,0,25184,99,0,0,0.8590326340326341,0.14096736596736592,1.234302460808485
c10,raw,8,16,any,2,154440,141958,0,34473,99,98,0,0.9191789691789691,0.08082103082103087,1.3207238219286412
c10,raw,8,16,1_percent,0,154440,102448,0,0,0,0,0,0.6633514633514633,0.33664853664853667,1.0
c10,raw,8,16,1_percent,1,154440,131021,0,28573,99,0,0,0.8483618233618233,0.1516381766381767,1.2789024675933156
c10,raw,8,16,1_percent,2,154440,141390,0,38942,99,92,0,0.9155011655011654,0.08449883449883455,1.3801147899422146
c10,raw,8,16,5_percent,0,154440,89856,0,0,0,0,0,0.5818181818181818,0.4181818181818182,1.0
c10,raw,8,16,5_percent,1,154440,125469,0,35613,95,0,0,0.8124125874125874,0.18758741258741263,1.3963341346153846
c10,raw,8,16,5_percent,2,154440,138851,0,48995,99,64,0,0.899061124061124,0.10093887593887596,1.545261306980057
c10,raw,8,16,10_percent,0,154440,78706,0,0,0,0,0,0.5096218596218596,0.4903781403781404,1.0
c10,raw,8,16,10_percent,1,154440,118443,0,39737,71,0,0,0.7669191919191919,0.2330808080808081,1.5048789164739664
c10,raw,8,16,10_percent,2,154440,134622,0,55916,96,26,0,0.8716783216783217,0.1283216783216783,1.710441389474754
c10,raw,8,32,any,0,38610,31111,0,0,97,0,0,0.8057757057757058,0.1942242942242942,1.0
c10,raw,8,32,any,1,38610,36298,0,5187,99,99,0,0.9401191401191401,0.059880859880859894,1.1667255954485551
c10,raw,8,32,any,2,38610,38564,0,7453,99,99,58,0.9988085988085988,0.0011914011914011535,1.2395615698627496
c10,raw,8,32,1_percent,0,38610,29236,0,0,64,0,0,0.7572131572131572,0.24278684278684282,1.0
c10,raw,8,32,1_percent,1,38610,35960,0,6724,99,96,0,0.9313649313649314,0.06863506863506863,1.2299904227664524
c10,raw,8,32,1_percent,2,38610,38487,0,9251,99,99,26,0.9968142968142968,0.0031857031857032148,1.3164249555342729
c10,raw,8,32,5_percent,0,38610,25293,0,0,1,0,0,0.6550893550893551,0.34491064491064494,1.0
c10,raw,8,32,5_percent,1,38610,34539,0,9246,99,60,0,0.8945609945609946,0.10543900543900542,1.3655556873443244
c10,raw,8,32,5_percent,2,38610,37786,0,12493,99,94,2,0.9786583786583787,0.02134162134162132,1.493931127189341
c10,raw,8,32,10_percent,0,38610,21578,0,0,0,0,0,0.5588707588707589,0.4411292411292411,1.0
c10,raw,8,32,10_percent,1,38610,32266,0,10688,87,18,0,0.8356902356902357,0.1643097643097643,1.4953193067012698
c10,raw,8,32,10_percent,2,38610,36170,0,14592,97,80,0,0.9368039368039368,0.06319606319606319,1.676244322921494
c10,raw,8,64,any,0,10296,9168,1287,0,99,18,0,0.8904428904428905,0.10955710955710951,1.0
c10,raw,8,64,any,1,10296,10296,1287,1128,99,99,99,1.0,0.0,1.1230366492146597
c10,raw,8,64,any,2,10296,10296,1287,1128,99,99,99,1.0,0.0,1.1230366492146597
c10,raw,8,64,1_percent,0,10296,8750,1287,0,99,0,0,0.8498445998445998,0.1501554001554002,1.0
c10,raw,8,64,1_percent,1,10296,10275,1287,1525,99,99,93,0.997960372960373,0.002039627039627012,1.1742857142857144
c10,raw,8,64,1_percent,2,10296,10293,1287,1543,99,99,98,0.9997086247086248,0.0002913752913752399,1.1763428571428571
c10,raw,8,64,5_percent,0,10296,7619,1287,0,50,0,0,0.739996114996115,0.26000388500388505,1.0
c10,raw,8,64,5_percent,1,10296,9886,1287,2267,99,85,31,0.9601787101787101,0.03982128982128985,1.2975456096600604
c10,raw,8,64,5_percent,2,10296,10218,1287,2599,99,97,85,0.9924242424242424,0.007575757575757569,1.3411208820055125
c10,raw,8,64,10_percent,0,10296,6378,1287,0,12,0,0,0.6194638694638694,0.38053613053613056,1.0
c10,raw,8,64,10_percent,1,10296,9153,1287,2775,93,44,10,0.888986013986014,0.11101398601398604,1.4350893697083724
c10,raw,8,64,10_percent,2,10296,9932,1287,3554,99,84,42,0.9646464646464646,0.03535353535353536,1.557227971150831
c10,raw,16,8,any,0,617760,260925,0,0,0,0,0,0.42237276612276614,0.5776272338772339,1.0
c10,raw,16,8,any,1,617760,406674,0,145749,0,0,0,0.6583041958041959,0.34169580419580414,1.55858580051739
c10,raw,16,8,any,2,617760,477918,0,216993,81,0,0,0.7736305361305361,0.22636946386946388,1.8316297786720321
c10,raw,16,8,1_percent,0,617760,260925,0,0,0,0,0,0.42237276612276614,0.5776272338772339,1.0
c10,raw,16,8,1_percent,1,617760,406674,0,145749,0,0,0,0.6583041958041959,0.34169580419580414,1.55858580051739
c10,raw,16,8,1_percent,2,617760,477918,0,216993,81,0,0,0.7736305361305361,0.22636946386946388,1.8316297786720321
c10,raw,16,8,5_percent,0,617760,213128,0,0,0,0,0,0.345001295001295,0.6549987049987049,1.0
c10,raw,16,8,5_percent,1,617760,365041,0,151913,0,0,0,0.5909107096607097,0.4090892903392903,1.712778236552682
c10,raw,16,8,5_percent,2,617760,446310,0,233182,34,0,0,0.722465034965035,0.277534965034965,2.0940936901767953
c10,raw,16,8,10_percent,0,617760,183763,0,0,0,0,0,0.2974666537166537,0.7025333462833463,1.0
c10,raw,16,8,10_percent,1,617760,338088,0,154325,0,0,0,0.5472804972804973,0.4527195027195027,1.8398045308359137
c10,raw,16,8,10_percent,2,617760,423659,0,239896,7,0,0,0.685798692048692,0.31420130795130796,2.3054641032199084
c10,raw,16,16,any,0,154440,87497,0,0,0,0,0,0.5665436415436416,0.43345635845635844,1.0
c10,raw,16,16,any,1,154440,125540,0,38043,93,0,0,0.8128723128723129,0.18712768712768713,1.4347920500131432
c10,raw,16,16,any,2,154440,139418,0,51921,99,70,0,0.9027324527324527,0.09726754726754727,1.5934032023955107
c10,raw,16,16,1_percent,0,154440,80676,0,0,0,0,0,0.5223776223776224,0.4776223776223776,1.0
c10,raw,16,16,1_percent,1,154440,121736,0,41060,86,0,0,0.7882413882413882,0.21175861175861177,1.5089493777579455
c10,raw,16,16,1_percent,2,154440,137765,0,57089,99,50,0,0.892029267029267,0.10797073297073301,1.707633001140364
c10,raw,16,16,5_percent,0,154440,65698,0,0,0,0,0,0.4253949753949754,0.5746050246050246,1.0
c10,raw,16,16,5_percent,1,154440,110975,0,45277,35,0,0,0.7185638435638436,0.2814361564361564,1.6891686200493166
c10,raw,16,16,5_percent,2,154440,131234,0,65536,93,2,0,0.8497409997409997,0.1502590002590003,1.9975341715120705
c10,raw,16,16,10_percent,0,154440,52916,0,0,0,0,0,0.34263144263144263,0.6573685573685574,1.0
c10,raw,16,16,10_percent,1,154440,97863,0,44947,3,0,0,0.6336635586635586,0.3663364413364414,1.8494028271222314
c10,raw,16,16,10_percent,2,154440,120236,0,67320,68,1,0,0.7785288785288785,0.22147112147112147,2.2722050041575326
c10,raw,16,32,any,0,38610,28150,0,0,31,0,0,0.7290857290857291,0.2709142709142709,1.0
c10,raw,16,32,any,1,38610,35931,0,7781,99,96,0,0.9306138306138306,0.06938616938616937,1.276412078152753
c10,raw,16,32,any,2,38610,38494,0,10344,99,99,47,0.996995596995597,0.003004403004402967,1.3674600355239788
c10,raw,16,32,1_percent,0,38610,24732,0,0,0,0,0,0.6405594405594406,0.3594405594405594,1.0
c10,raw,16,32,1_percent,1,38610,34959,0,10227,99,72,0,0.9054390054390055,0.09456099456099454,1.413512857836002
c10,raw,16,32,1_percent,2,38610,38233,0,13501,99,99,15,0.9902356902356902,0.009764309764309753,1.5458919618308264
c10,raw,16,32,5_percent,0,38610,18996,0,0,0,0,0,0.491996891996892,0.508003108003108,1.0
c10,raw,16,32,5_percent,1,38610,31347,0,12351,78,10,0,0.8118881118881119,0.18811188811188806,1.6501895135818068
c10,raw,16,32,5_percent,2,38610,36042,0,17046,96,75,0,0.9334887334887335,0.06651126651126649,1.8973468098547062
c10,raw,16,32,10_percent,0,38610,14601,0,0,0,0,0,0.3781662781662782,0.6218337218337218,1.0
c10,raw,16,32,10_percent,1,38610,27053,0,12452,34,0,0,0.7006734006734007,0.29932659932659933,1.8528183001164304
c10,raw,16,32,10_percent,2,38610,32803,0,18202,76,38,0,0.8495985495985496,0.15040145040145037,2.246626943360044
c10,raw,16,64,any,0,10296,8901,1287,0,99,1,0,0.8645104895104895,0.13548951048951052,1.0
c10,raw,16,64,any,1,10296,10294,1287,1393,99,99,98,0.9998057498057498,0.00019425019425023393,1.1564992697449725
c10,raw,16,64,any,2,10296,10296,1287,1395,99,99,99,1.0,0.0,1.1567239635995956
c10,raw,16,64,1_percent,0,10296,7949,1287,0,78,0,0,0.772047397047397,0.227952602952603,1.0
c10,raw,16,64,1_percent,1,10296,10192,1287,2243,99,97,81,0.98989898989899,0.010101010101010055,1.282173858346962
c10,raw,16,64,1_percent,2,10296,10275,1287,2326,99,99,94,0.997960372960373,0.002039627039627012,1.2926154233236886
c10,raw,16,64,5_percent,0,10296,5863,1287,0,1,0,0,0.5694444444444444,0.4305555555555556,1.0
c10,raw,16,64,5_percent,1,10296,9155,1287,3292,90,47,19,0.8891802641802642,0.11081973581973581,1.5614872931946102
c10,raw,16,64,5_percent,2,10296,9914,1287,4051,99,82,39,0.9628982128982129,0.03710178710178713,1.6909432031383251
c10,raw,16,64,10_percent,0,10296,4394,1287,0,0,0,0,0.42676767676767674,0.5732323232323233,1.0
c10,raw,16,64,10_percent,1,10296,8040,1287,3646,55,15,7,0.7808857808857809,0.21911421911421913,1.8297678652708238
c10,raw,16,64,10_percent,2,10296,9244,1287,4850,98,48,14,0.8978243978243978,0.10217560217560218,2.1037778789258077
c10,translation_compensated,0,8,any,0,617760,607965,0,0,99,99,0,0.9841443278943279,0.01585567210567207,1.0
c10,translation_compensated,0,8,any,1,617760,617279,0,9314,99,99,30,0.9992213804713804,0.000778619528619573,1.0153199608530097
c10,translation_compensated,0,8,any,2,617760,617738,0,9773,99,99,88,0.9999643874643874,3.5612535612572493e-05,1.0160749385244217
c10,translation_compensated,0,8,1_percent,0,617760,607965,0,0,99,99,0,0.9841443278943279,0.01585567210567207,1.0
c10,translation_compensated,0,8,1_percent,1,617760,617279,0,9314,99,99,30,0.9992213804713804,0.000778619528619573,1.0153199608530097
c10,translation_compensated,0,8,1_percent,2,617760,617738,0,9773,99,99,88,0.9999643874643874,3.5612535612572493e-05,1.0160749385244217
c10,translation_compensated,0,8,5_percent,0,617760,599818,0,0,99,99,0,0.9709563584563584,0.029043641543641585,1.0
c10,translation_compensated,0,8,5_percent,1,617760,616843,0,17025,99,99,17,0.9985156047656047,0.0014843952343952527,1.0283836096949408
c10,translation_compensated,0,8,5_percent,2,617760,617713,0,17895,99,99,83,0.9999239186739187,7.608132608127871e-05,1.0298340496617306
c10,translation_compensated,0,8,10_percent,0,617760,589985,0,0,99,93,0,0.9550391737891738,0.0449608262108262,1.0
c10,translation_compensated,0,8,10_percent,1,617760,615968,0,25983,99,99,8,0.9970991970991971,0.002900802900802857,1.044040102714476
c10,translation_compensated,0,8,10_percent,2,617760,617583,0,27598,99,99,62,0.999713480963481,0.00028651903651899513,1.0467774604439095
c10,translation_compensated,0,16,any,0,154440,154000,0,0,99,99,18,0.9971509971509972,0.002849002849002802,1.0
c10,translation_compensated,0,16,any,1,154440,154440,0,440,99,99,99,1.0,0.0,1.002857142857143
c10,translation_compensated,0,16,any,2,154440,154440,0,440,99,99,99,1.0,0.0,1.002857142857143
c10,translation_compensated,0,16,1_percent,0,154440,153848,0,0,99,99,11,0.9961667961667962,0.0038332038332038465,1.0
c10,translation_compensated,0,16,1_percent,1,154440,154440,0,592,99,99,99,1.0,0.0,1.0038479538245542
c10,translation_compensated,0,16,1_percent,2,154440,154440,0,592,99,99,99,1.0,0.0,1.0038479538245542
c10,translation_compensated,0,16,5_percent,0,154440,152695,0,0,99,99,1,0.9887011137011137,0.011298886298886313,1.0
c10,translation_compensated,0,16,5_percent,1,154440,154421,0,1726,99,99,88,0.9998769748769749,0.00012302512302508894,1.0113035790300926
c10,translation_compensated,0,16,5_percent,2,154440,154439,0,1744,99,99,98,0.999993524993525,6.475006474992995e-06,1.0114214610825503
c10,translation_compensated,0,16,10_percent,0,154440,150611,0,0,99,99,0,0.9752072002072002,0.024792799792799802,1.0
c10,translation_compensated,0,16,10_percent,1,154440,154351,0,3740,99,99,74,0.9994237244237244,0.0005762755762755978,1.0248321835722491
c10,translation_compensated,0,16,10_percent,2,154440,154428,0,3817,99,99,93,0.9999222999223,7.770007770002696e-05,1.0253434344105012
c10,translation_compensated,0,32,any,0,38610,38610,0,0,99,99,99,1.0,0.0,1.0
c10,translation_compensated,0,32,any,1,38610,38610,0,0,99,99,99,1.0,0.0,1.0
c10,translation_compensated,0,32,any,2,38610,38610,0,0,99,99,99,1.0,0.0,1.0
c10,translation_compensated,0,32,1_percent,0,38610,38602,0,0,99,99,92,0.9997927997927998,0.00020720020720021992,1.0
c10,translation_compensated,0,32,1_percent,1,38610,38610,0,8,99,99,99,1.0,0.0,1.0002072431480233
c10,translation_compensated,0,32,1_percent,2,38610,38610,0,8,99,99,99,1.0,0.0,1.0002072431480233
c10,translation_compensated,0,32,5_percent,0,38610,38525,0,0,99,99,60,0.9977984977984978,0.00220150220150217,1.0
c10,translation_compensated,0,32,5_percent,1,38610,38610,0,85,99,99,99,1.0,0.0,1.0022063595068138
c10,translation_compensated,0,32,5_percent,2,38610,38610,0,85,99,99,99,1.0,0.0,1.0022063595068138
c10,translation_compensated,0,32,10_percent,0,38610,38226,0,0,99,99,35,0.99005439005439,0.009945609945610001,1.0
c10,translation_compensated,0,32,10_percent,1,38610,38608,0,382,99,99,97,0.9999481999482,5.180005180005498e-05,1.009993198346675
c10,translation_compensated,0,32,10_percent,2,38610,38610,0,384,99,99,99,1.0,0.0,1.010045518756867
c10,translation_compensated,0,64,any,0,10296,10296,1287,0,99,99,99,1.0,0.0,1.0
c10,translation_compensated,0,64,any,1,10296,10296,1287,0,99,99,99,1.0,0.0,1.0
c10,translation_compensated,0,64,any,2,10296,10296,1287,0,99,99,99,1.0,0.0,1.0
c10,translation_compensated,0,64,1_percent,0,10296,10296,1287,0,99,99,99,1.0,0.0,1.0
c10,translation_compensated,0,64,1_percent,1,10296,10296,1287,0,99,99,99,1.0,0.0,1.0
c10,translation_compensated,0,64,1_percent,2,10296,10296,1287,0,99,99,99,1.0,0.0,1.0
c10,translation_compensated,0,64,5_percent,0,10296,10294,1287,0,99,99,97,0.9998057498057498,0.00019425019425023393,1.0
c10,translation_compensated,0,64,5_percent,1,10296,10296,1287,2,99,99,99,1.0,0.0,1.0001942879347192
c10,translation_compensated,0,64,5_percent,2,10296,10296,1287,2,99,99,99,1.0,0.0,1.0001942879347192
c10,translation_compensated,0,64,10_percent,0,10296,10260,1287,0,99,99,77,0.9965034965034965,0.0034965034965035446,1.0
c10,translation_compensated,0,64,10_percent,1,10296,10296,1287,36,99,99,99,1.0,0.0,1.0035087719298246
c10,translation_compensated,0,64,10_percent,2,10296,10296,1287,36,99,99,99,1.0,0.0,1.0035087719298246
c10,translation_compensated,1,8,any,0,617760,545911,0,0,99,33,0,0.8836943149443149,0.11630568505568506,1.0
c10,translation_compensated,1,8,any,1,617760,610213,0,64302,99,99,0,0.9877832815332815,0.012216718466718457,1.1177884307148966
c10,translation_compensated,1,8,any,2,617760,616858,0,70947,99,99,11,0.9985398860398861,0.001460113960113918,1.1299607445169635
c10,translation_compensated,1,8,1_percent,0,617760,545911,0,0,99,33,0,0.8836943149443149,0.11630568505568506,1.0
c10,translation_compensated,1,8,1_percent,1,617760,610213,0,64302,99,99,0,0.9877832815332815,0.012216718466718457,1.1177884307148966
c10,translation_compensated,1,8,1_percent,2,617760,616858,0,70947,99,99,11,0.9985398860398861,0.001460113960113918,1.1299607445169635
c10,translation_compensated,1,8,5_percent,0,617760,498138,0,0,98,0,0,0.8063616938616939,0.19363830613830613,1.0
c10,translation_compensated,1,8,5_percent,1,617760,579591,0,81453,99,95,0,0.9382138694638694,0.06178613053613058,1.1635149295978222
c10,translation_compensated,1,8,5_percent,2,617760,606951,0,108813,99,99,1,0.9825029137529138,0.017497086247086235,1.2184394685809956
c10,translation_compensated,1,8,10_percent,0,617760,475622,0,0,68,0,0,0.7699138824138824,0.23008611758611763,1.0
c10,translation_compensated,1,8,10_percent,1,617760,560553,0,84931,99,58,0,0.9073960761460761,0.09260392385392391,1.1785682748064639
c10,translation_compensated,1,8,10_percent,2,617760,594437,0,118815,99,99,0,0.962245855995856,0.03775414400414401,1.249809722847135
c10,translation_compensated,1,16,any,0,154440,148807,0,0,99,99,0,0.9635262885262885,0.03647371147371148,1.0
c10,translation_compensated,1,16,any,1,154440,154400,0,5593,99,99,75,0.9997409997409997,0.0002590002590002749,1.0375855974517327
c10,translation_compensated,1,16,any,2,154440,154438,0,5631,99,99,97,0.99998704998705,1.295001294998599e-05,1.0378409617827118
c10,translation_compensated,1,16,1_percent,0,154440,143443,0,0,99,85,0,0.9287943537943538,0.07120564620564618,1.0
c10,translation_compensated,1,16,1_percent,1,154440,154204,0,10761,99,99,48,0.9984718984718984,0.0015281015281015664,1.0750193456634343
c10,translation_compensated,1,16,1_percent,2,154440,154438,0,10995,99,99,97,0.99998704998705,1.295001294998599e-05,1.0766506556611337
c10,translation_compensated,1,16,5_percent,0,154440,131755,0,0,99,6,0,0.8531144781144782,0.14688552188552184,1.0
c10,translation_compensated,1,16,5_percent,1,154440,150644,0,18889,99,99,1,0.9754208754208754,0.02457912457912459,1.143364578194376
c10,translation_compensated,1,16,5_percent,2,154440,154316,0,22561,99,99,61,0.9991970991970992,0.0008029008029007967,1.1712344882547152
c10,translation_compensated,1,16,10_percent,0,154440,124965,0,0,96,0,0,0.8091491841491841,0.19085081585081587,1.0
c10,translation_compensated,1,16,10_percent,1,154440,147314,0,22349,99,99,0,0.9538591038591039,0.046140896140896115,1.1788420757812188
c10,translation_compensated,1,16,10_percent,2,154440,153776,0,28811,99,99,20,0.9957005957005957,0.004299404299404341,1.2305525547153202
c10,translation_compensated,1,32,any,0,38610,38544,0,0,99,99,59,0.9982905982905983,0.0017094017094017033,1.0
c10,translation_compensated,1,32,any,1,38610,38610,0,66,99,99,99,1.0,0.0,1.0017123287671232
c10,translation_compensated,1,32,any,2,38610,38610,0,66,99,99,99,1.0,0.0,1.0017123287671232
c10,translation_compensated,1,32,1_percent,0,38610,37511,0,0,99,99,4,0.9715358715358715,0.02846412846412849,1.0
c10,translation_compensated,1,32,1_percent,1,38610,38610,0,1099,99,99,99,1.0,0.0,1.0292980725653809
c10,translation_compensated,1,32,1_percent,2,38610,38610,0,1099,99,99,99,1.0,0.0,1.0292980725653809
c10,translation_compensated,1,32,5_percent,0,38610,34705,0,0,99,49,0,0.8988603988603988,0.10113960113960119,1.0
c10,translation_compensated,1,32,5_percent,1,38610,38545,0,3840,99,99,67,0.9983164983164983,0.0016835016835017313,1.110646880852903
c10,translation_compensated,1,32,5_percent,2,38610,38610,0,3905,99,99,99,1.0,0.0,1.1125198098256734
c10,translation_compensated,1,32,10_percent,0,38610,32733,0,0,98,9,0,0.8477855477855478,0.15221445221445218,1.0
c10,translation_compensated,1,32,10_percent,1,38610,38015,0,5282,99,99,19,0.9845894845894846,0.015410515410515413,1.1613662053585068
c10,translation_compensated,1,32,10_percent,2,38610,38601,0,5868,99,99,92,0.9997668997668998,0.0002331002331001919,1.1792686279901017
c10,translation_compensated,1,64,any,0,10296,10296,1287,0,99,99,99,1.0,0.0,1.0
c10,translation_compensated,1,64,any,1,10296,10296,1287,0,99,99,99,1.0,0.0,1.0
c10,translation_compensated,1,64,any,2,10296,10296,1287,0,99,99,99,1.0,0.0,1.0
c10,translation_compensated,1,64,1_percent,0,10296,10245,1287,0,99,99,67,0.99504662004662,0.004953379953379966,1.0
c10,translation_compensated,1,64,1_percent,1,10296,10296,1287,51,99,99,99,1.0,0.0,1.0049780380673499
c10,translation_compensated,1,64,1_percent,2,10296,10296,1287,51,99,99,99,1.0,0.0,1.0049780380673499
c10,translation_compensated,1,64,5_percent,0,10296,9707,1287,0,99,87,2,0.9427933177933178,0.057206682206682236,1.0
c10,translation_compensated,1,64,5_percent,1,10296,10296,1287,589,99,99,99,1.0,0.0,1.0606778613371795
c10,translation_compensated,1,64,5_percent,2,10296,10296,1287,589,99,99,99,1.0,0.0,1.0606778613371795
c10,translation_compensated,1,64,10_percent,0,10296,9221,1287,0,99,43,0,0.8955905205905206,0.10440947940947942,1.0
c10,translation_compensated,1,64,10_percent,1,10296,10291,1287,1070,99,99,95,0.9995143745143745,0.0004856254856254738,1.1160394751111593
c10,translation_compensated,1,64,10_percent,2,10296,10296,1287,1075,99,99,99,1.0,0.0,1.1165817156490618
c10,translation_compensated,2,8,any,0,617760,471133,0,0,60,0,0,0.7626473063973064,0.23735269360269362,1.0
c10,translation_compensated,2,8,any,1,617760,560802,0,89669,99,57,0,0.9077991452991453,0.0922008547008547,1.1903262985186773
c10,translation_compensated,2,8,any,2,617760,597203,0,126070,99,99,0,0.966723322973323,0.033276677026677026,1.26758898230436
c10,translation_compensated,2,8,1_percent,0,617760,471133,0,0,60,0,0,0.7626473063973064,0.23735269360269362,1.0
c10,translation_compensated,2,8,1_percent,1,617760,560802,0,89669,99,57,0,0.9077991452991453,0.0922008547008547,1.1903262985186773
c10,translation_compensated,2,8,1_percent,2,617760,597203,0,126070,99,99,0,0.966723322973323,0.033276677026677026,1.26758898230436
c10,translation_compensated,2,8,5_percent,0,617760,432452,0,0,3,0,0,0.700032375032375,0.29996762496762497,1.0
c10,translation_compensated,2,8,5_percent,1,617760,508580,0,76128,99,1,0,0.8232646982646983,0.17673530173530172,1.176038034278949
c10,translation_compensated,2,8,5_percent,2,617760,544572,0,112120,99,26,0,0.8815268065268065,0.11847319347319352,1.2592657682239878
c10,translation_compensated,2,8,10_percent,0,617760,414191,0,0,1,0,0,0.6704723517223518,0.32952764827764824,1.0
c10,translation_compensated,2,8,10_percent,1,617760,495342,0,81151,98,0,0,0.8018356643356643,0.19816433566433567,1.1959265169933677
c10,translation_compensated,2,8,10_percent,2,617760,530054,0,115863,99,5,0,0.8580257705257706,0.14197422947422944,1.2797332631563698
c10,translation_compensated,2,16,any,0,154440,132098,0,0,99,6,0,0.8553354053354053,0.1446645946645947,1.0
c10,translation_compensated,2,16,any,1,154440,151742,0,19644,99,99,1,0.9825304325304325,0.017469567469567515,1.1487077775590848
c10,translation_compensated,2,16,any,2,154440,154300,0,22202,99,99,71,0.9990934990934991,0.0009065009065009066,1.1680721888295054
c10,translation_compensated,2,16,1_percent,0,154440,124406,0,0,98,0,0,0.8055296555296555,0.1944703444703445,1.0
c10,translation_compensated,2,16,1_percent,1,154440,144893,0,20487,99,89,0,0.9381831131831132,0.061816886816886796,1.1646785524813916
c10,translation_compensated,2,16,1_percent,2,154440,152077,0,27671,99,99,12,0.9846995596995597,0.01530044030044031,1.2224249634262012
c10,translation_compensated,2,16,5_percent,0,154440,115865,0,0,49,0,0,0.7502266252266252,0.2497733747733748,1.0
c10,translation_compensated,2,16,5_percent,1,154440,134853,0,18988,99,9,0,0.8731740481740482,0.1268259518259518,1.163880378026151
c10,translation_compensated,2,16,5_percent,2,154440,143040,0,27175,99,98,0,0.9261849261849262,0.0738150738150738,1.2345401976438095
c10,translation_compensated,2,16,10_percent,0,154440,110715,0,0,20,0,0,0.7168803418803419,0.2831196581196581,1.0
c10,translation_compensated,2,16,10_percent,1,154440,132644,0,21929,99,1,0,0.8588707588707589,0.14112924112924108,1.1980671092444566
c10,translation_compensated,2,16,10_percent,2,154440,141470,0,30755,99,94,0,0.916019166019166,0.083980833980834,1.277785304610938
c10,translation_compensated,2,32,any,0,38610,36610,0,0,99,97,0,0.9481999481999482,0.05180005180005176,1.0
c10,translation_compensated,2,32,any,1,38610,38609,0,1999,99,99,98,0.9999740999741,2.590002589997198e-05,1.0546025676044797
c10,translation_compensated,2,32,any,2,38610,38610,0,2000,99,99,99,1.0,0.0,1.0546298825457525
c10,translation_compensated,2,32,1_percent,0,38610,32937,0,0,99,8,0,0.8530691530691531,0.1469308469308469,1.0
c10,translation_compensated,2,32,1_percent,1,38610,37439,0,4502,99,99,10,0.9696710696710696,0.03032893032893036,1.136685186871907
c10,translation_compensated,2,32,1_percent,2,38610,38599,0,5662,99,99,89,0.9997150997150998,0.0002849002849002469,1.171903937820688
c10,translation_compensated,2,32,5_percent,0,38610,30917,0,0,98,0,0,0.8007511007511008,0.19924889924889921,1.0
c10,translation_compensated,2,32,5_percent,1,38610,36060,0,5143,99,99,0,0.933954933954934,0.06604506604506599,1.1663486107966492
c10,translation_compensated,2,32,5_percent,2,38610,38469,0,7552,99,99,13,0.9963480963480964,0.0036519036519035986,1.2442669081734967
c10,translation_compensated,2,32,10_percent,0,38610,29455,0,0,69,0,0,0.7628852628852629,0.23711473711473707,1.0
c10,translation_compensated,2,32,10_percent,1,38610,35508,0,6053,99,89,0,0.9196581196581196,0.08034188034188039,1.2054999151247665
c10,translation_compensated,2,32,10_percent,2,38610,38148,0,8693,99,99,2,0.9880341880341881,0.011965811965811923,1.2951281616024444
c10,translation_compensated,2,64,any,0,10296,10250,1287,0,99,99,69,0.9955322455322455,0.004467754467754492,1.0
c10,translation_compensated,2,64,any,1,10296,10296,1287,46,99,99,99,1.0,0.0,1.0044878048780488
c10,translation_compensated,2,64,any,2,10296,10296,1287,46,99,99,99,1.0,0.0,1.0044878048780488
c10,translation_compensated,2,64,1_percent,0,10296,9312,1287,0,99,47,0,0.9044289044289044,0.09557109557109555,1.0
c10,translation_compensated,2,64,1_percent,1,10296,10296,1287,984,99,99,99,1.0,0.0,1.1056701030927836
c10,translation_compensated,2,64,1_percent,2,10296,10296,1287,984,99,99,99,1.0,0.0,1.1056701030927836
c10,translation_compensated,2,64,5_percent,0,10296,8920,1287,0,99,4,0,0.8663558663558664,0.13364413364413363,1.0
c10,translation_compensated,2,64,5_percent,1,10296,10285,1287,1365,99,99,90,0.9989316239316239,0.0010683760683760646,1.1530269058295963
c10,translation_compensated,2,64,5_percent,2,10296,10296,1287,1376,99,99,99,1.0,0.0,1.1542600896860986
c10,translation_compensated,2,64,10_percent,0,10296,8440,1287,0,88,0,0,0.8197358197358198,0.18026418026418023,1.0
c10,translation_compensated,2,64,10_percent,1,10296,10140,1287,1700,99,97,50,0.9848484848484849,0.015151515151515138,1.2014218009478672
c10,translation_compensated,2,64,10_percent,2,10296,10280,1287,1840,99,99,95,0.9984459984459985,0.0015540015540015384,1.2180094786729858
c10,translation_compensated,4,8,any,0,617760,415068,0,0,0,0,0,0.6718919968919969,0.32810800310800314,1.0
c10,translation_compensated,4,8,any,1,617760,494227,0,79159,98,0,0,0.8000307562807563,0.19996924371924374,1.1907133289003247
c10,translation_compensated,4,8,any,2,617760,527645,0,112577,99,0,0,0.8541261978761979,0.14587380212380208,1.271225437759596
c10,translation_compensated,4,8,1_percent,0,617760,415068,0,0,0,0,0,0.6718919968919969,0.32810800310800314,1.0
c10,translation_compensated,4,8,1_percent,1,617760,494227,0,79159,98,0,0,0.8000307562807563,0.19996924371924374,1.1907133289003247
c10,translation_compensated,4,8,1_percent,2,617760,527645,0,112577,99,0,0,0.8541261978761979,0.14587380212380208,1.271225437759596
c10,translation_compensated,4,8,5_percent,0,617760,382700,0,0,0,0,0,0.6194962444962445,0.3805037555037555,1.0
c10,translation_compensated,4,8,5_percent,1,617760,480069,0,97369,93,0,0,0.7771124708624708,0.22288752913752918,1.254426443689574
c10,translation_compensated,4,8,5_percent,2,617760,520654,0,137954,99,0,0,0.8428095053095053,0.15719049469049473,1.3604755683302847
c10,translation_compensated,4,8,10_percent,0,617760,359232,0,0,0,0,0,0.5815073815073815,0.41849261849261854,1.0
c10,translation_compensated,4,8,10_percent,1,617760,469251,0,110019,69,0,0,0.7596008158508158,0.24039918414918415,1.3062616916087653
c10,translation_compensated,4,8,10_percent,2,617760,514838,0,155606,99,0,0,0.8333948458948459,0.16660515410515409,1.4331629698913237
c10,translation_compensated,4,16,any,0,154440,116731,0,0,59,0,0,0.7558339808339808,0.2441660191660192,1.0
c10,translation_compensated,4,16,any,1,154440,134900,0,18169,99,0,0,0.8734783734783734,0.12652162652162657,1.155648456708158
c10,translation_compensated,4,16,any,2,154440,142689,0,25958,99,99,0,0.9239121989121989,0.07608780108780111,1.2223745191937017
c10,translation_compensated,4,16,1_percent,0,154440,113796,0,0,36,0,0,0.7368298368298368,0.2631701631701632,1.0
c10,translation_compensated,4,16,1_percent,1,154440,134162,0,20366,99,0,0,0.8686998186998187,0.13130018130018128,1.1789693838096242
c10,translation_compensated,4,16,1_percent,2,154440,142346,0,28550,99,99,0,0.9216912716912717,0.07830872830872826,1.2508875531653134
c10,translation_compensated,4,16,5_percent,0,154440,106274,0,0,1,0,0,0.6881248381248382,0.31187516187516184,1.0
c10,translation_compensated,4,16,5_percent,1,154440,131710,0,25436,99,0,0,0.8528231028231028,0.1471768971768972,1.2393435835670061
c10,translation_compensated,4,16,5_percent,2,154440,141340,0,35066,99,94,0,0.9151774151774151,0.08482258482258487,1.3299584093945838
c10,translation_compensated,4,16,10_percent,0,154440,98623,0,0,0,0,0,0.6385845635845636,0.3614154364154364,1.0
c10,translation_compensated,4,16,10_percent,1,154440,128280,0,29657,96,0,0,0.8306138306138307,0.16938616938616935,1.3007107875444877
c10,translation_compensated,4,16,10_percent,2,154440,139666,0,41043,99,75,0,0.9043382543382543,0.09566174566174568,1.4161605305050546
c10,translation_compensated,4,32,any,0,38610,32217,0,0,99,0,0,0.8344211344211344,0.16557886557886559,1.0
c10,translation_compensated,4,32,any,1,38610,36445,0,4228,99,99,0,0.943926443926444,0.05607355607355602,1.1312350622342242
c10,translation_compensated,4,32,any,2,38610,38581,0,6364,99,99,71,0.9992488992488993,0.0007511007511007417,1.1975354626439458
c10,translation_compensated,4,32,1_percent,0,38610,31219,0,0,98,0,0,0.8085729085729085,0.19142709142709147,1.0
c10,translation_compensated,4,32,1_percent,1,38610,36244,0,5025,99,99,0,0.9387205387205387,0.06127946127946127,1.1609596719946187
c10,translation_compensated,4,32,1_percent,2,38610,38542,0,7323,99,99,42,0.9982387982387982,0.0017612017612017583,1.2345686921426056
c10,translation_compensated,4,32,5_percent,0,38610,29086,0,0,63,0,0,0.7533281533281533,0.24667184667184672,1.0
c10,translation_compensated,4,32,5_percent,1,38610,35644,0,6558,99,90,0,0.9231805231805231,0.07681947681947687,1.225469297944028
c10,translation_compensated,4,32,5_percent,2,38610,38300,0,9214,99,99,5,0.9919709919709919,0.008029008029008078,1.316784707419377
c10,translation_compensated,4,32,10_percent,0,38610,26646,0,0,12,0,0,0.6901320901320901,0.3098679098679099,1.0
c10,translation_compensated,4,32,10_percent,1,38610,34581,0,7935,99,61,0,0.8956487956487956,0.10435120435120437,1.2977932897995947
c10,translation_compensated,4,32,10_percent,2,38610,37602,0,10956,99,95,2,0.9738927738927738,0.026107226107226156,1.4111686557081737
c10,translation_compensated,4,64,any,0,10296,9241,1287,0,99,33,0,0.8975330225330226,0.10246697746697742,1.0
c10,translation_compensated,4,64,any,1,10296,10296,1287,1055,99,99,99,1.0,0.0,1.114165133643545
c10,translation_compensated,4,64,any,2,10296,10296,1287,1055,99,99,99,1.0,0.0,1.114165133643545
c10,translation_compensated,4,64,1_percent,0,10296,9087,1287,0,99,12,0,0.8825757575757576,0.11742424242424243,1.0
c10,translation_compensated,4,64,1_percent,1,10296,10296,1287,1209,99,99,99,1.0,0.0,1.1330472103004292
c10,translation_compensated,4,64,1_percent,2,10296,10296,1287,1209,99,99,99,1.0,0.0,1.1330472103004292
c10,translation_compensated,4,64,5_percent,0,10296,8473,1287,0,91,0,0,0.822940947940948,0.17705905205905204,1.0
c10,translation_compensated,4,64,5_percent,1,10296,10185,1287,1712,99,98,61,0.9892191142191142,0.010780885780885763,1.2020535819662457
c10,translation_compensated,4,64,5_percent,2,10296,10284,1287,1811,99,99,95,0.9988344988344988,0.0011655011655011815,1.2137377552224713
c10,translation_compensated,4,64,10_percent,0,10296,7714,1287,0,57,0,0,0.7492229992229992,0.2507770007770008,1.0
c10,translation_compensated,4,64,10_percent,1,10296,9851,1287,2137,99,85,21,0.9567793317793318,0.04322066822066817,1.277028778843661
c10,translation_compensated,4,64,10_percent,2,10296,10232,1287,2518,99,98,85,0.9937839937839937,0.006216006216006265,1.326419497018408
c10,translation_compensated,8,8,any,0,617760,354198,0,0,0,0,0,0.5733585858585859,0.4266414141414141,1.0
c10,translation_compensated,8,8,any,1,617760,468953,0,114755,70,0,0,0.7591184278684279,0.24088157213157213,1.3239854544633227
c10,translation_compensated,8,8,any,2,617760,515211,0,161013,99,0,0,0.8339986402486402,0.16600135975135977,1.4545847237985534
c10,translation_compensated,8,8,1_percent,0,617760,354198,0,0,0,0,0,0.5733585858585859,0.4266414141414141,1.0
c10,translation_compensated,8,8,1_percent,1,617760,468953,0,114755,70,0,0,0.7591184278684279,0.24088157213157213,1.3239854544633227
c10,translation_compensated,8,8,1_percent,2,617760,515211,0,161013,99,0,0,0.8339986402486402,0.16600135975135977,1.4545847237985534
c10,translation_compensated,8,8,5_percent,0,617760,306936,0,0,0,0,0,0.49685314685314685,0.5031468531468531,1.0
c10,translation_compensated,8,8,5_percent,1,617760,441340,0,134404,15,0,0,0.7144198394198394,0.28558016058016056,1.437889331978002
c10,translation_compensated,8,8,5_percent,2,617760,499275,0,192339,96,0,0,0.8082022144522144,0.1917977855477856,1.6266420361247949
c10,translation_compensated,8,8,10_percent,0,617760,276681,0,0,0,0,0,0.4478778166278166,0.5521221833721834,1.0
c10,translation_compensated,8,8,10_percent,1,617760,419972,0,143291,2,0,0,0.6798303548303548,0.3201696451696452,1.5178924465359023
c10,translation_compensated,8,8,10_percent,2,617760,485256,0,208575,84,0,0,0.7855089355089355,0.21449106449106448,1.753846487471131
c10,translation_compensated,8,16,any,0,154440,107300,0,0,3,0,0,0.6947681947681947,0.30523180523180526,1.0
c10,translation_compensated,8,16,any,1,154440,132728,0,25428,99,0,0,0.8594146594146594,0.14058534058534056,1.2369804287045667
c10,translation_compensated,8,16,any,2,154440,142069,0,34769,99,98,0,0.9198976948976949,0.0801023051023051,1.32403541472507
c10,translation_compensated,8,16,1_percent,0,154440,102197,0,0,0,0,0,0.6617262367262368,0.33827376327376324,1.0
c10,translation_compensated,8,16,1_percent,1,154440,131056,0,28859,99,0,0,0.8485884485884486,0.15141155141155138,1.282385980018983
c10,translation_compensated,8,16,1_percent,2,154440,141488,0,39291,99,92,0,0.9161357161357161,0.0838642838642839,1.3844633404111666
c10,translation_compensated,8,16,5_percent,0,154440,89413,0,0,0,0,0,0.5789497539497539,0.4210502460502461,1.0
c10,translation_compensated,8,16,5_percent,1,154440,125373,0,35960,95,0,0,0.8117909867909868,0.18820901320901318,1.4021786541106998
c10,translation_compensated,8,16,5_percent,2,154440,138869,0,49456,99,64,0,0.8991776741776741,0.10082232582232586,1.5531186740183194
c10,translation_compensated,8,16,10_percent,0,154440,78151,0,0,0,0,0,0.506028231028231,0.493971768971769,1.0
c10,translation_compensated,8,16,10_percent,1,154440,118211,0,40060,71,0,0,0.7654169904169904,0.2345830095830096,1.5125974075827564
c10,translation_compensated,8,16,10_percent,2,154440,134563,0,56412,96,22,0,0.8712962962962963,0.12870370370370365,1.7218333738531817
c10,translation_compensated,8,32,any,0,38610,31111,0,0,97,0,0,0.8057757057757058,0.1942242942242942,1.0
c10,translation_compensated,8,32,any,1,38610,36326,0,5215,99,99,0,0.9408443408443409,0.059155659155659124,1.1676255986628523
c10,translation_compensated,8,32,any,2,38610,38564,0,7453,99,99,58,0.9988085988085988,0.0011914011914011535,1.2395615698627496
c10,translation_compensated,8,32,1_percent,0,38610,29208,0,0,63,0,0,0.7564879564879565,0.24351204351204347,1.0
c10,translation_compensated,8,32,1_percent,1,38610,35981,0,6773,99,96,0,0.9319088319088319,0.06809116809116811,1.231888523692139
c10,translation_compensated,8,32,1_percent,2,38610,38490,0,9282,99,99,28,0.9968919968919969,0.0031080031080030768,1.3177896466721446
c10,translation_compensated,8,32,5_percent,0,38610,25218,0,0,1,0,0,0.6531468531468532,0.34685314685314683,1.0
c10,translation_compensated,8,32,5_percent,1,38610,34531,0,9313,99,61,0,0.8943537943537944,0.10564620564620564,1.3692997065588073
c10,translation_compensated,8,32,5_percent,2,38610,37786,0,12568,99,94,4,0.9786583786583787,0.02134162134162132,1.4983741771750336
c10,translation_compensated,8,32,10_percent,0,38610,21425,0,0,0,0,0,0.554908054908055,0.44509194509194505,1.0
c10,translation_compensated,8,32,10_percent,1,38610,32196,0,10771,87,13,0,0.8338772338772339,0.1661227661227661,1.502730455075846
c10,translation_compensated,8,32,10_percent,2,38610,36150,0,14725,97,80,1,0.9362859362859363,0.06371406371406374,1.6872812135355892
c10,translation_compensated,8,64,any,0,10296,9177,1287,0,99,23,0,0.8913170163170163,0.10868298368298368,1.0
c10,translation_compensated,8,64,any,1,10296,10296,1287,1119,99,99,99,1.0,0.0,1.1219352729650212
c10,translation_compensated,8,64,any,2,10296,10296,1287,1119,99,99,99,1.0,0.0,1.1219352729650212
c10,translation_compensated,8,64,1_percent,0,10296,8751,1287,0,99,0,0,0.8499417249417249,0.15005827505827507,1.0
c10,translation_compensated,8,64,1_percent,1,10296,10275,1287,1524,99,99,93,0.997960372960373,0.002039627039627012,1.1741515255399384
c10,translation_compensated,8,64,1_percent,2,10296,10293,1287,1542,99,99,98,0.9997086247086248,0.0002913752913752399,1.176208433321906
c10,translation_compensated,8,64,5_percent,0,10296,7609,1287,0,50,0,0,0.739024864024864,0.260975135975136,1.0
c10,translation_compensated,8,64,5_percent,1,10296,9882,1287,2273,99,85,30,0.9597902097902098,0.04020979020979021,1.298725193849389
c10,translation_compensated,8,64,5_percent,2,10296,10218,1287,2609,99,97,85,0.9924242424242424,0.007575757575757569,1.342883427520042
c10,translation_compensated,8,64,10_percent,0,10296,6347,1287,0,10,0,0,0.6164529914529915,0.3835470085470085,1.0
c10,translation_compensated,8,64,10_percent,1,10296,9137,1287,2790,93,44,9,0.8874320124320124,0.11256798756798758,1.439577753269261
c10,translation_compensated,8,64,10_percent,2,10296,9930,1287,3583,99,84,40,0.9644522144522144,0.03554778554778559,1.5645186702379077
c10,translation_compensated,16,8,any,0,617760,259183,0,0,0,0,0,0.4195529008029008,0.5804470991970991,1.0
c10,translation_compensated,16,8,any,1,617760,405346,0,146163,0,0,0,0.6561544936544936,0.34384550634550637,1.563937449601247
c10,translation_compensated,16,8,any,2,617760,477243,0,218060,81,0,0,0.7725378787878788,0.22746212121212117,1.8413360444164935
c10,translation_compensated,16,8,1_percent,0,617760,259183,0,0,0,0,0,0.4195529008029008,0.5804470991970991,1.0
c10,translation_compensated,16,8,1_percent,1,617760,405346,0,146163,0,0,0,0.6561544936544936,0.34384550634550637,1.563937449601247
c10,translation_compensated,16,8,1_percent,2,617760,477243,0,218060,81,0,0,0.7725378787878788,0.22746212121212117,1.8413360444164935
c10,translation_compensated,16,8,5_percent,0,617760,211406,0,0,0,0,0,0.3422138047138047,0.6577861952861953,1.0
c10,translation_compensated,16,8,5_percent,1,617760,363457,0,152051,0,0,0,0.5883466070966071,0.41165339290339287,1.7192369185358978
c10,translation_compensated,16,8,5_percent,2,617760,445103,0,233697,29,0,0,0.7205112017612018,0.27948879823879824,2.105441662015269
c10,translation_compensated,16,8,10_percent,0,617760,182015,0,0,0,0,0,0.2946370758870759,0.7053629241129241,1.0
c10,translation_compensated,16,8,10_percent,1,617760,336233,0,154218,0,0,0,0.544277713027713,0.455722286972287,1.847281817432629
c10,translation_compensated,16,8,10_percent,2,617760,422080,0,240065,4,0,0,0.6832426832426832,0.3167573167573168,2.318929758536384
c10,translation_compensated,16,16,any,0,154440,87120,0,0,0,0,0,0.5641025641025641,0.4358974358974359,1.0
c10,translation_compensated,16,16,any,1,154440,125438,0,38318,93,0,0,0.8122118622118623,0.18778813778813774,1.4398301193755738
c10,translation_compensated,16,16,any,2,154440,139439,0,52319,99,70,0,0.9028684278684279,0.09713157213157209,1.6005394857667585
c10,translation_compensated,16,16,1_percent,0,154440,80315,0,0,0,0,0,0.5200401450401451,0.47995985495985494,1.0
c10,translation_compensated,16,16,1_percent,1,154440,121526,0,41211,86,0,0,0.7868816368816369,0.21311836311836307,1.5131171014131857
c10,translation_compensated,16,16,1_percent,2,154440,137721,0,57406,99,48,0,0.8917443667443667,0.10825563325563325,1.714760630019299
c10,translation_compensated,16,16,5_percent,0,154440,65271,0,0,0,0,0,0.4226301476301476,0.5773698523698524,1.0
c10,translation_compensated,16,16,5_percent,1,154440,110625,0,45354,31,0,0,0.7162975912975913,0.2837024087024087,1.6948568276876408
c10,translation_compensated,16,16,5_percent,2,154440,131052,0,65781,93,2,0,0.8485625485625485,0.15143745143745146,2.007813577239509
c10,translation_compensated,16,16,10_percent,0,154440,52468,0,0,0,0,0,0.3397306397306397,0.6602693602693603,1.0
c10,translation_compensated,16,16,10_percent,1,154440,97430,0,44962,1,0,0,0.6308598808598809,0.3691401191401191,1.8569413737897384
c10,translation_compensated,16,16,10_percent,2,154440,119896,0,67428,68,1,0,0.7763273763273764,0.22367262367262364,2.2851261721430207
c10,translation_compensated,16,32,any,0,38610,28121,0,0,30,0,0,0.7283346283346284,0.27166537166537164,1.0
c10,translation_compensated,16,32,any,1,38610,35946,0,7825,99,96,0,0.931002331002331,0.06899766899766901,1.2782617972333843
c10,translation_compensated,16,32,any,2,38610,38493,0,10372,99,99,47,0.996969696969697,0.00303030303030305,1.3688346787098609
c10,translation_compensated,16,32,1_percent,0,38610,24675,0,0,0,0,0,0.6390831390831391,0.3609168609168609,1.0
c10,translation_compensated,16,32,1_percent,1,38610,34936,0,10261,99,72,0,0.9048433048433049,0.09515669515669511,1.4158459979736575
c10,translation_compensated,16,32,1_percent,2,38610,38228,0,13553,99,99,16,0.99010619010619,0.009893809893809946,1.549260385005066
c10,translation_compensated,16,32,5_percent,0,38610,18904,0,0,0,0,0,0.4896140896140896,0.5103859103859104,1.0
c10,translation_compensated,16,32,5_percent,1,38610,31262,0,12358,78,6,0,0.8096866096866097,0.19031339031339034,1.6537240795598815
c10,translation_compensated,16,32,5_percent,2,38610,36014,0,17110,96,75,0,0.9327635327635327,0.06723646723646726,1.9050994498518832
c10,translation_compensated,16,32,10_percent,0,38610,14426,0,0,0,0,0,0.37363377363377365,0.6263662263662264,1.0
c10,translation_compensated,16,32,10_percent,1,38610,26878,0,12452,33,0,0,0.6961408961408961,0.30385910385910386,1.8631637321502843
c10,translation_compensated,16,32,10_percent,2,38610,32688,0,18262,76,37,0,0.8466200466200466,0.15337995337995336,2.2659087758214334
c10,translation_compensated,16,64,any,0,10296,8900,1287,0,99,1,0,0.8644133644133644,0.13558663558663564,1.0
c10,translation_compensated,16,64,any,1,10296,10294,1287,1394,99,99,98,0.9998057498057498,0.00019425019425023393,1.156629213483146
c10,translation_compensated,16,64,any,2,10296,10296,1287,1396,99,99,99,1.0,0.0,1.1568539325842697
c10,translation_compensated,16,64,1_percent,0,10296,7929,1287,0,77,0,0,0.7701048951048951,0.2298951048951049,1.0
c10,translation_compensated,16,64,1_percent,1,10296,10192,1287,2263,99,97,81,0.98989898989899,0.010101010101010055,1.2854079959641822
c10,translation_compensated,16,64,1_percent,2,10296,10275,1287,2346,99,99,94,0.997960372960373,0.002039627039627012,1.2958758986000756
c10,translation_compensated,16,64,5_percent,0,10296,5833,1287,0,0,0,0,0.5665306915306916,0.4334693084693084,1.0
c10,translation_compensated,16,64,5_percent,1,10296,9144,1287,3311,90,47,13,0.8881118881118881,0.11188811188811187,1.567632436139208
c10,translation_compensated,16,64,5_percent,2,10296,9913,1287,4080,99,82,38,0.9628010878010878,0.03719891219891225,1.6994685410594892
c10,translation_compensated,16,64,10_percent,0,10296,4331,1287,0,0,0,0,0.42064879564879565,0.5793512043512044,1.0
c10,translation_compensated,16,64,10_percent,1,10296,7993,1287,3662,55,14,1,0.7763209013209014,0.22367909867909863,1.8455322096513507
c10,translation_compensated,16,64,10_percent,2,10296,9245,1287,4914,98,48,14,0.8979215229215229,0.10207847707847706,2.1346109443546526
c11,raw,0,8,any,0,861120,281208,0,0,0,0,0,0.32656075808249724,0.6734392419175028,1.0
c11,raw,0,8,any,1,861120,298072,0,16864,0,0,0,0.34614455592716464,0.6538554440728354,1.0599698443856505
c11,raw,0,8,any,2,861120,314639,0,33431,0,0,0,0.3653834541062802,0.6346165458937199,1.1188835310517482
c11,raw,0,8,1_percent,0,861120,281208,0,0,0,0,0,0.32656075808249724,0.6734392419175028,1.0
c11,raw,0,8,1_percent,1,861120,298072,0,16864,0,0,0,0.34614455592716464,0.6538554440728354,1.0599698443856505
c11,raw,0,8,1_percent,2,861120,314639,0,33431,0,0,0,0.3653834541062802,0.6346165458937199,1.1188835310517482
c11,raw,0,8,5_percent,0,861120,280956,0,0,0,0,0,0.326268115942029,0.673731884057971,1.0
c11,raw,0,8,5_percent,1,861120,298067,0,17111,0,0,0,0.3461387495354887,0.6538612504645114,1.0609027748117144
c11,raw,0,8,5_percent,2,861120,314639,0,33683,0,0,0,0.3653834541062802,0.6346165458937199,1.1198870997593928
c11,raw,0,8,10_percent,0,861120,280434,0,0,0,0,0,0.3256619286510591,0.6743380713489409,1.0
c11,raw,0,8,10_percent,1,861120,298030,0,17596,0,0,0,0.3460957822370866,0.6539042177629134,1.0627456014605932
c11,raw,0,8,10_percent,2,861120,314626,0,34192,0,0,0,0.3653683574879227,0.6346316425120773,1.1219253014969655
c11,raw,0,16,any,0,215280,74508,0,0,0,0,0,0.34609810479375697,0.653901895206243,1.0
c11,raw,0,16,any,1,215280,82800,0,8292,0,0,0,0.38461538461538464,0.6153846153846154,1.111290062812047
c11,raw,0,16,any,2,215280,91080,0,16572,0,0,0,0.4230769230769231,0.5769230769230769,1.2224190690932517
c11,raw,0,16,1_percent,0,215280,74504,0,0,0,0,0,0.3460795243403939,0.6539204756596061,1.0
c11,raw,0,16,1_percent,1,215280,82800,0,8296,0,0,0,0.38461538461538464,0.6153846153846154,1.1113497261891978
c11,raw,0,16,1_percent,2,215280,91080,0,16576,0,0,0,0.4230769230769231,0.5769230769230769,1.2224846988081177
c11,raw,0,16,5_percent,0,215280,74428,0,0,0,0,0,0.3457264957264957,0.6542735042735043,1.0
c11,raw,0,16,5_percent,1,215280,82791,0,8363,0,0,0,0.3845735785953177,0.6154264214046823,1.1123636265921428
c11,raw,0,16,5_percent,2,215280,91079,0,16651,0,0,0,0.4230722779635823,0.5769277220364177,1.223719567904552
c11,raw,0,16,10_percent,0,215280,74143,0,0,0,0,0,0.34440263842437757,0.6555973615756224,1.0
c11,raw,0,16,10_percent,1,215280,82700,0,8557,0,0,0,0.38415087328130804,0.615849126718692,1.1154121090325453
c11,raw,0,16,10_percent,2,215280,91045,0,16902,0,0,0,0.4229143441099963,0.5770856558900037,1.2279648786803878
c11,raw,0,32,any,0,53820,20700,0,0,0,0,0,0.38461538461538464,0.6153846153846154,1.0
c11,raw,0,32,any,1,53820,24840,0,4140,0,0,0,0.46153846153846156,0.5384615384615384,1.2
c11,raw,0,32,any,2,53820,28980,0,8280,0,0,0,0.5384615384615384,0.46153846153846156,1.4
c11,raw,0,32,1_percent,0,53820,20696,0,0,0,0,0,0.38454106280193234,0.6154589371980677,1.0
c11,raw,0,32,1_percent,1,53820,24840,0,4144,0,0,0,0.46153846153846156,0.5384615384615384,1.2002319288751448
c11,raw,0,32,1_percent,2,53820,28980,0,8284,0,0,0,0.5384615384615384,0.46153846153846156,1.4002705836876692
c11,raw,0,32,5_percent,0,53820,20562,0,0,0,0,0,0.382051282051282,0.617948717948718,1.0
c11,raw,0,32,5_percent,1,53820,24812,0,4250,0,0,0,0.4610182088442958,0.5389817911557042,1.206691956035405
c11,raw,0,32,5_percent,2,53820,28972,0,8410,0,0,0,0.538312894834634,0.46168710516536604,1.4090069059430017
c11,raw,0,32,10_percent,0,53820,20221,0,0,0,0,0,0.3757153474544779,0.6242846525455221,1.0
c11,raw,0,32,10_percent,1,53820,24580,0,4359,0,0,0,0.4567075436640654,0.5432924563359346,1.2155679738885317
c11,raw,0,32,10_percent,2,53820,28848,0,8627,0,0,0,0.5360089186176142,0.46399108138238576,1.4266356757826022
c11,raw,0,64,any,0,14352,5520,1794,0,0,0,0,0.38461538461538464,0.6153846153846154,1.0
c11,raw,0,64,any,1,14352,7728,1794,2208,0,0,0,0.5384615384615384,0.46153846153846156,1.4
c11,raw,0,64,any,2,14352,9936,1794,4416,0,0,0,0.6923076923076923,0.3076923076923077,1.8
c11,raw,0,64,1_percent,0,14352,5520,1794,0,0,0,0,0.38461538461538464,0.6153846153846154,1.0
c11,raw,0,64,1_percent,1,14352,7728,1794,2208,0,0,0,0.5384615384615384,0.46153846153846156,1.4
c11,raw,0,64,1_percent,2,14352,9936,1794,4416,0,0,0,0.6923076923076923,0.3076923076923077,1.8
c11,raw,0,64,5_percent,0,14352,5519,1794,0,0,0,0,0.38454570791527315,0.6154542920847268,1.0
c11,raw,0,64,5_percent,1,14352,7728,1794,2209,0,0,0,0.5384615384615384,0.46153846153846156,1.4002536691429608
c11,raw,0,64,5_percent,2,14352,9936,1794,4417,0,0,0,0.6923076923076923,0.3076923076923077,1.8003261460409494
c11,raw,0,64,10_percent,0,14352,5514,1794,0,0,0,0,0.3841973244147157,0.6158026755852843,1.0
c11,raw,0,64,10_percent,1,14352,7728,1794,2214,0,0,0,0.5384615384615384,0.46153846153846156,1.4015233949945594
c11,raw,0,64,10_percent,2,14352,9936,1794,4422,0,0,0,0.6923076923076923,0.3076923076923077,1.8019586507072904
c11,raw,1,8,any,0,861120,276076,0,0,0,0,0,0.32060107766629503,0.6793989223337049,1.0
c11,raw,1,8,any,1,861120,296444,0,20368,0,0,0,0.34425399479747304,0.655746005202527,1.0737767861023777
c11,raw,1,8,any,2,861120,313911,0,37835,0,0,0,0.36453804347826085,0.6354619565217392,1.1370455961401933
c11,raw,1,8,1_percent,0,861120,276076,0,0,0,0,0,0.32060107766629503,0.6793989223337049,1.0
c11,raw,1,8,1_percent,1,861120,296444,0,20368,0,0,0,0.34425399479747304,0.655746005202527,1.0737767861023777
c11,raw,1,8,1_percent,2,861120,313911,0,37835,0,0,0,0.36453804347826085,0.6354619565217392,1.1370455961401933
c11,raw,1,8,5_percent,0,861120,270729,0,0,0,0,0,0.31439172240802676,0.6856082775919732,1.0
c11,raw,1,8,5_percent,1,861120,294095,0,23366,0,0,0,0.3415261519881085,0.6584738480118915,1.086307709923946
c11,raw,1,8,5_percent,2,861120,312354,0,41625,0,0,0,0.3627299331103679,0.6372700668896321,1.153751537515375
c11,raw,1,8,10_percent,0,861120,266330,0,0,0,0,0,0.3092832590115199,0.6907167409884801,1.0
c11,raw,1,8,10_percent,1,861120,292009,0,25679,0,0,0,0.3391037253808993,0.6608962746191007,1.0964179776968423
c11,raw,1,8,10_percent,2,861120,311100,0,44770,0,0,0,0.3612736900780379,0.6387263099219621,1.1680997259039538
c11,raw,1,16,any,0,215280,73779,0,0,0,0,0,0.34271181716833893,0.657288182831661,1.0
c11,raw,1,16,any,1,215280,82636,0,8857,0,0,0,0.3838535860274991,0.6161464139725009,1.1200477100529962
c11,raw,1,16,any,2,215280,91039,0,17260,0,0,0,0.42288647342995167,0.5771135265700483,1.2339419075888802
c11,raw,1,16,1_percent,0,215280,73380,0,0,0,0,0,0.34085841694537344,0.6591415830546266,1.0
c11,raw,1,16,1_percent,1,215280,82432,0,9052,0,0,0,0.38290598290598293,0.6170940170940171,1.1233578631779777
c11,raw,1,16,1_percent,2,215280,90973,0,17593,0,0,0,0.42257989594946116,0.5774201040505389,1.239751976015263
c11,raw,1,16,5_percent,0,215280,72116,0,0,0,0,0,0.33498699368264584,0.6650130063173542,1.0
c11,raw,1,16,5_percent,1,215280,81841,0,9725,0,0,0,0.3801607209215905,0.6198392790784095,1.1348521825947084
c11,raw,1,16,5_percent,2,215280,90693,0,18577,0,0,0,0.4212792642140468,0.5787207357859532,1.2575988684896555
c11,raw,1,16,10_percent,0,215280,70671,0,0,0,0,0,0.3282748049052397,0.6717251950947603,1.0
c11,raw,1,16,10_percent,1,215280,80936,0,10265,0,0,0,0.3759568933481977,0.6240431066518023,1.14525052709032
c11,raw,1,16,10_percent,2,215280,90094,0,19423,0,0,0,0.4184968413229283,0.5815031586770717,1.274836920377524
c11,raw,1,32,any,0,53820,20589,0,0,0,0,0,0.38255295429208475,0.6174470457079153,1.0
c11,raw,1,32,any,1,53820,24832,0,4243,0,0,0,0.46138981791155703,0.538610182088443,1.2060809169945117
c11,raw,1,32,any,2,53820,28977,0,8388,0,0,0,0.5384057971014493,0.4615942028985507,1.4074020107824567
c11,raw,1,32,1_percent,0,53820,20377,0,0,0,0,0,0.37861389817911556,0.6213861018208844,1.0
c11,raw,1,32,1_percent,1,53820,24787,0,4410,0,0,0,0.46055369751021924,0.5394463024897808,1.2164204740638955
c11,raw,1,32,1_percent,2,53820,28977,0,8600,0,0,0,0.5384057971014493,0.4615942028985507,1.422044461893311
c11,raw,1,32,5_percent,0,53820,19835,0,0,0,0,0,0.36854329245633594,0.6314567075436641,1.0
c11,raw,1,32,5_percent,1,53820,24471,0,4636,0,0,0,0.45468227424749164,0.5453177257525084,1.233728258129569
c11,raw,1,32,5_percent,2,53820,28817,0,8982,0,0,0,0.5354329245633593,0.46456707543664066,1.4528358961431813
c11,raw,1,32,10_percent,0,53820,19195,0,0,0,0,0,0.3566518023039762,0.6433481976960238,1.0
c11,raw,1,32,10_percent,1,53820,23990,0,4795,0,0,0,0.4457450761798588,0.5542549238201412,1.249804636624121
c11,raw,1,32,10_percent,2,53820,28434,0,9239,0,0,0,0.5283166109253066,0.4716833890746934,1.4813232612659546
c11,raw,1,64,any,0,14352,5518,1794,0,0,0,0,0.38447603121516166,0.6155239687848384,1.0
c11,raw,1,64,any,1,14352,7728,1794,2210,0,0,0,0.5384615384615384,0.46153846153846156,1.4005074302283436
c11,raw,1,64,any,2,14352,9936,1794,4418,0,0,0,0.6923076923076923,0.3076923076923077,1.8006524102935846
c11,raw,1,64,1_percent,0,14352,5481,1794,0,0,0,0,0.3818979933110368,0.6181020066889632,1.0
c11,raw,1,64,1_percent,1,14352,7728,1794,2247,0,0,0,0.5384615384615384,0.46153846153846156,1.4099616858237547
c11,raw,1,64,1_percent,2,14352,9936,1794,4455,0,0,0,0.6923076923076923,0.3076923076923077,1.812807881773399
c11,raw,1,64,5_percent,0,14352,5417,1794,0,0,0,0,0.3774386845039019,0.6225613154960981,1.0
c11,raw,1,64,5_percent,1,14352,7716,1794,2299,0,0,0,0.5376254180602007,0.4623745819397993,1.424404652021414
c11,raw,1,64,5_percent,2,14352,9932,1794,4515,0,0,0,0.6920289855072463,0.30797101449275366,1.8334871700203064
c11,raw,1,64,10_percent,0,14352,5265,1794,0,0,0,0,0.36684782608695654,0.6331521739130435,1.0
c11,raw,1,64,10_percent,1,14352,7644,1794,2379,0,0,0,0.532608695652174,0.46739130434782605,1.451851851851852
c11,raw,1,64,10_percent,2,14352,9897,1794,4632,0,0,0,0.6895903010033445,0.3104096989966555,1.8797720797720798
c11,raw,2,8,any,0,861120,265631,0,0,0,0,0,0.3084715254552211,0.691528474544779,1.0
c11,raw,2,8,any,1,861120,291405,0,25774,0,0,0,0.3384023132664437,0.6615976867335562,1.0970293376902545
c11,raw,2,8,any,2,861120,310327,0,44696,0,0,0,0.36037602192493495,0.639623978075065,1.168263493342268
c11,raw,2,8,1_percent,0,861120,265631,0,0,0,0,0,0.3084715254552211,0.691528474544779,1.0
c11,raw,2,8,1_percent,1,861120,291405,0,25774,0,0,0,0.3384023132664437,0.6615976867335562,1.0970293376902545
c11,raw,2,8,1_percent,2,861120,310327,0,44696,0,0,0,0.36037602192493495,0.639623978075065,1.168263493342268
c11,raw,2,8,5_percent,0,861120,254840,0,0,0,0,0,0.29594017094017094,0.704059829059829,1.0
c11,raw,2,8,5_percent,1,861120,284048,0,29208,0,0,0,0.32985878855444073,0.6701412114455593,1.11461309056663
c11,raw,2,8,5_percent,2,861120,304524,0,49684,0,0,0,0.3536371237458194,0.6463628762541807,1.1949615444985089
c11,raw,2,8,10_percent,0,861120,247836,0,0,0,0,0,0.28780657748049054,0.7121934225195095,1.0
c11,raw,2,8,10_percent,1,861120,278877,0,31041,0,0,0,0.3238538182831661,0.6761461817168339,1.1252481479688181
c11,raw,2,8,10_percent,2,861120,300303,0,52467,0,0,0,0.3487353678929766,0.6512646321070235,1.2117004793492472
c11,raw,2,16,any,0,215280,72043,0,0,0,0,0,0.33464790040876996,0.6653520995912301,1.0
c11,raw,2,16,any,1,215280,81788,0,9745,0,0,0,0.3799145299145299,0.6200854700854701,1.1352664380994684
c11,raw,2,16,any,2,215280,90643,0,18600,0,0,0,0.42104700854700855,0.5789529914529914,1.2581791430118123
c11,raw,2,16,1_percent,0,215280,70921,0,0,0,0,0,0.32943608324043105,0.670563916759569,1.0
c11,raw,2,16,1_percent,1,215280,81044,0,10123,0,0,0,0.37645856558900037,0.6235414344109996,1.142736284034348
c11,raw,2,16,1_percent,2,215280,90166,0,19245,0,0,0,0.4188312894834634,0.5811687105165366,1.2713582718799792
c11,raw,2,16,5_percent,0,215280,68261,0,0,0,0,0,0.3170800817539948,0.6829199182460052,1.0
c11,raw,2,16,5_percent,1,215280,79158,0,10897,0,0,0,0.3676978818283166,0.6323021181716835,1.1596372745784562
c11,raw,2,16,5_percent,2,215280,88814,0,20553,0,0,0,0.4125510962467484,0.5874489037532515,1.3010943291191164
c11,raw,2,16,10_percent,0,215280,65966,0,0,0,0,0,0.30641954663693793,0.6935804533630621,1.0
c11,raw,2,16,10_percent,1,215280,77356,0,11390,0,0,0,0.35932738758825716,0.6406726124117428,1.1726647060606978
c11,raw,2,16,10_percent,2,215280,87358,0,21392,0,0,0,0.40578781122259383,0.5942121887774061,1.3242882697147016
c11,raw,2,32,any,0,53820,20236,0,0,0,0,0,0.3759940542549238,0.6240059457450762,1.0
c11,raw,2,32,any,1,53820,24747,0,4511,0,0,0,0.45981047937569675,0.5401895206243033,1.2229195493180471
c11,raw,2,32,any,2,53820,28972,0,8736,0,0,0,0.538312894834634,0.46168710516536604,1.4317058707254398
c11,raw,2,32,1_percent,0,53820,19706,0,0,0,0,0,0.3661464139725009,0.6338535860274991,1.0
c11,raw,2,32,1_percent,1,53820,24441,0,4735,0,0,0,0.4541248606465998,0.5458751393534003,1.2402821475692682
c11,raw,2,32,1_percent,2,53820,28853,0,9147,0,0,0,0.5361018208844296,0.4638981791155704,1.4641733482188166
c11,raw,2,32,5_percent,0,53820,18765,0,0,0,0,0,0.3486622073578595,0.6513377926421404,1.0
c11,raw,2,32,5_percent,1,53820,23800,0,5035,0,0,0,0.442214790040877,0.557785209959123,1.2683186783906208
c11,raw,2,32,5_percent,2,53820,28381,0,9616,0,0,0,0.5273318468970642,0.47266815310293575,1.512443378630429
c11,raw,2,32,10_percent,0,53820,17678,0,0,0,0,0,0.3284652545522111,0.6715347454477889,1.0
c11,raw,2,32,10_percent,1,53820,22756,0,5078,0,0,0,0.4228167967298402,0.5771832032701598,1.2872496888788325
c11,raw,2,32,10_percent,2,53820,27408,0,9730,0,0,0,0.5092530657748049,0.4907469342251951,1.5504016291435683
c11,raw,2,64,any,0,14352,5484,1794,0,0,0,0,0.38210702341137126,0.6178929765886287,1.0
c11,raw,2,64,any,1,14352,7728,1794,2244,0,0,0,0.5384615384615384,0.46153846153846156,1.4091903719912473
c11,raw,2,64,any,2,14352,9936,1794,4452,0,0,0,0.6923076923076923,0.3076923076923077,1.811816192560175
c11,raw,2,64,1_percent,0,14352,5365,1794,0,0,0,0,0.37381549609810477,0.6261845039018952,1.0
c11,raw,2,64,1_percent,1,14352,7714,1794,2349,0,0,0,0.5374860646599777,0.4625139353400223,1.4378378378378378
c11,raw,2,64,1_percent,2,14352,9929,1794,4564,0,0,0,0.6918199554069119,0.3081800445930881,1.8506989748369058
c11,raw,2,64,5_percent,0,14352,5150,1794,0,0,0,0,0.358835005574136,0.6411649944258639,1.0
c11,raw,2,64,5_percent,1,14352,7604,1794,2454,0,0,0,0.5298216276477146,0.47017837235228543,1.476504854368932
c11,raw,2,64,5_percent,2,14352,9879,1794,4729,0,0,0,0.6883361204013378,0.31166387959866215,1.918252427184466
c11,raw,2,64,10_percent,0,14352,4939,1794,0,0,0,0,0.3441332218506132,0.6558667781493868,1.0
c11,raw,2,64,10_percent,1,14352,7416,1794,2477,0,0,0,0.5167224080267558,0.48327759197324416,1.5015185260174124
c11,raw,2,64,10_percent,2,14352,9780,1794,4841,0,0,0,0.681438127090301,0.31856187290969895,1.980157926705811
c11,raw,4,8,any,0,861120,243082,0,0,0,0,0,0.2822858602749907,0.7177141397250093,1.0
c11,raw,4,8,any,1,861120,275599,0,32517,0,0,0,0.3200471479004088,0.6799528520995912,1.1337696744308505
c11,raw,4,8,any,2,861120,297549,0,54467,0,0,0,0.34553720735785953,0.6544627926421405,1.2240684213557564
c11,raw,4,8,1_percent,0,861120,243082,0,0,0,0,0,0.2822858602749907,0.7177141397250093,1.0
c11,raw,4,8,1_percent,1,861120,275599,0,32517,0,0,0,0.3200471479004088,0.6799528520995912,1.1337696744308505
c11,raw,4,8,1_percent,2,861120,297549,0,54467,0,0,0,0.34553720735785953,0.6544627926421405,1.2240684213557564
c11,raw,4,8,5_percent,0,861120,226428,0,0,0,0,0,0.2629459308807135,0.7370540691192865,1.0
c11,raw,4,8,5_percent,1,861120,264908,0,38480,0,0,0,0.3076319212188777,0.6923680787811223,1.1699436465454802
c11,raw,4,8,5_percent,2,861120,288676,0,62248,0,0,0,0.3352331846897064,0.6647668153102936,1.274912996625859
c11,raw,4,8,10_percent,0,861120,214046,0,0,0,0,0,0.24856698253437384,0.7514330174656262,1.0
c11,raw,4,8,10_percent,1,861120,256667,0,42621,0,0,0,0.2980618264585656,0.7019381735414344,1.1991207497453817
c11,raw,4,8,10_percent,2,861120,282095,0,68049,0,0,0,0.32759081196581197,0.672409188034188,1.3179176438709437
c11,raw,4,16,any,0,215280,67394,0,0,0,0,0,0.3130527684875511,0.686947231512449,1.0
c11,raw,4,16,any,1,215280,78784,0,11390,0,0,0,0.3659606094388703,0.6340393905611297,1.1690061429800873
c11,raw,4,16,any,2,215280,88786,0,21392,0,0,0,0.412421033073207,0.587578966926793,1.3174169807401253
c11,raw,4,16,1_percent,0,215280,65749,0,0,0,0,0,0.3054115570419918,0.6945884429580083,1.0
c11,raw,4,16,1_percent,1,215280,77586,0,11837,0,0,0,0.36039576365663323,0.6396042363433667,1.180033156397816
c11,raw,4,16,1_percent,2,215280,87969,0,22220,0,0,0,0.4086259754738016,0.5913740245261985,1.33795190801381
c11,raw,4,16,5_percent,0,215280,61546,0,0,0,0,0,0.2858881456707544,0.7141118543292456,1.0
c11,raw,4,16,5_percent,1,215280,74676,0,13130,0,0,0,0.3468784838350056,0.6531215161649944,1.2133363662951289
c11,raw,4,16,5_percent,2,215280,85507,0,23961,0,0,0,0.3971897064288369,0.6028102935711631,1.3893185584765866
c11,raw,4,16,10_percent,0,215280,57130,0,0,0,0,0,0.26537532515793383,0.7346246748420662,1.0
c11,raw,4,16,10_percent,1,215280,71027,0,13897,0,0,0,0.3299284652545522,0.6700715347454478,1.2432522317521442
c11,raw,4,16,10_percent,2,215280,82161,0,25031,0,0,0,0.38164715719063547,0.6183528428093645,1.4381410817433922
c11,raw,4,32,any,0,53820,19247,0,0,0,0,0,0.35761798587885546,0.6423820141211445,1.0
c11,raw,4,32,any,1,53820,24298,0,5051,0,0,0,0.4514678558156819,0.5485321441843181,1.2624305086506988
c11,raw,4,32,any,2,53820,28801,0,9554,0,0,0,0.5351356373095504,0.4648643626904496,1.4963890476437887
c11,raw,4,32,1_percent,0,53820,18459,0,0,0,0,0,0.34297658862876257,0.6570234113712374,1.0
c11,raw,4,32,1_percent,1,53820,23806,0,5347,0,0,0,0.44232627276105535,0.5576737272389447,1.2896689961536378
c11,raw,4,32,1_percent,2,53820,28496,0,10037,0,0,0,0.5294685990338164,0.4705314009661836,1.543745598353107
c11,raw,4,32,5_percent,0,53820,16785,0,0,0,0,0,0.31187290969899667,0.6881270903010033,1.0
c11,raw,4,32,5_percent,1,53820,22349,0,5564,0,0,0,0.41525455221107394,0.584745447788926,1.3314864462317546
c11,raw,4,32,5_percent,2,53820,27151,0,10366,0,0,0,0.504477889260498,0.49552211073950203,1.6175752159666368
c11,raw,4,32,10_percent,0,53820,14945,0,0,0,0,0,0.2776848755109625,0.7223151244890376,1.0
c11,raw,4,32,10_percent,1,53820,20491,0,5546,0,0,0,0.38073206986250463,0.6192679301374954,1.3710940113750418
c11,raw,4,32,10_percent,2,53820,25368,0,10423,0,0,0,0.4713489409141583,0.5286510590858418,1.697423887587822
c11,raw,4,64,any,0,14352,5301,1794,0,0,0,0,0.3693561872909699,0.6306438127090301,1.0
c11,raw,4,64,any,1,14352,7710,1794,2409,0,0,0,0.5372073578595318,0.4627926421404682,1.454442558007923
c11,raw,4,64,any,2,14352,9927,1794,4626,0,0,0,0.691680602006689,0.308319397993311,1.8726655348047538
c11,raw,4,64,1_percent,0,14352,5081,1794,0,0,0,0,0.3540273132664437,0.6459726867335562,1.0
c11,raw,4,64,1_percent,1,14352,7631,1794,2550,0,0,0,0.5317028985507246,0.4682971014492754,1.5018697106868726
c11,raw,4,64,1_percent,2,14352,9894,1794,4813,0,0,0,0.68938127090301,0.31061872909698995,1.947254477465066
c11,raw,4,64,5_percent,0,14352,4673,1794,0,0,0,0,0.3255992196209587,0.6744007803790413,1.0
c11,raw,4,64,5_percent,1,14352,7260,1794,2587,0,0,0,0.5058528428093646,0.4941471571906354,1.5536058206719452
c11,raw,4,64,5_percent,2,14352,9609,1794,4936,0,0,0,0.6695234113712375,0.3304765886287625,2.0562807618232397
c11,raw,4,64,10_percent,0,14352,4243,1794,0,0,0,0,0.2956382385730212,0.7043617614269788,1.0
c11,raw,4,64,10_percent,1,14352,6757,1794,2514,0,0,0,0.47080546265328876,0.5291945373467113,1.5925053028517557
c11,raw,4,64,10_percent,2,14352,9165,1794,4922,0,0,0,0.6385869565217391,0.36141304347826086,2.160028281876031
c11,raw,8,8,any,0,861120,202780,0,0,0,0,0,0.23548402081010777,0.7645159791898922,1.0
c11,raw,8,8,any,1,861120,254350,0,51570,0,0,0,0.29537114455592717,0.7046288554440728,1.254315021205247
c11,raw,8,8,any,2,861120,281640,0,78860,0,0,0,0.3270624303232999,0.6729375696767002,1.3888943682808956
c11,raw,8,8,1_percent,0,861120,202780,0,0,0,0,0,0.23548402081010777,0.7645159791898922,1.0
c11,raw,8,8,1_percent,1,861120,254350,0,51570,0,0,0,0.29537114455592717,0.7046288554440728,1.254315021205247
c11,raw,8,8,1_percent,2,861120,281640,0,78860,0,0,0,0.3270624303232999,0.6729375696767002,1.3888943682808956
c11,raw,8,8,5_percent,0,861120,166946,0,0,0,0,0,0.1938707729468599,0.8061292270531402,1.0
c11,raw,8,8,5_percent,1,861120,227992,0,61046,0,0,0,0.2647621701969528,0.7352378298030472,1.3656631485630084
c11,raw,8,8,5_percent,2,861120,258461,0,91515,0,0,0,0.30014515979189893,0.6998548402081011,1.548171264959927
c11,raw,8,8,10_percent,0,861120,140905,0,0,0,0,0,0.16362992382014122,0.8363700761798588,1.0
c11,raw,8,8,10_percent,1,861120,209047,0,68142,0,0,0,0.24276175213675213,0.7572382478632479,1.4836024271672403
c11,raw,8,8,10_percent,2,861120,242219,0,101314,0,0,0,0.28128367707172053,0.7187163229282795,1.7190234555196764
c11,raw,8,16,any,0,215280,60347,0,0,0,0,0,0.28031865477517653,0.7196813452248234,1.0
c11,raw,8,16,any,1,215280,75073,0,14726,0,0,0,0.3487225938312895,0.6512774061687105,1.2440220723482527
c11,raw,8,16,any,2,215280,86298,0,25951,0,0,0,0.4008639910813824,0.5991360089186176,1.4300296617893185
c11,raw,8,16,1_percent,0,215280,56537,0,0,0,0,0,0.2626207729468599,0.7373792270531401,1.0
c11,raw,8,16,1_percent,1,215280,72063,0,15526,0,0,0,0.33474080267558526,0.6652591973244147,1.2746166227426288
c11,raw,8,16,1_percent,2,215280,83709,0,27172,0,0,0,0.38883779264214047,0.6111622073578595,1.4806056210976883
c11,raw,8,16,5_percent,0,215280,47137,0,0,0,0,0,0.21895670754366406,0.781043292456336,1.0
c11,raw,8,16,5_percent,1,215280,63873,0,16736,0,0,0,0.29669732441471575,0.7033026755852843,1.3550501729002695
c11,raw,8,16,5_percent,2,215280,75911,0,28774,0,0,0,0.35261519881085096,0.647384801189149,1.6104334174852026
c11,raw,8,16,10_percent,0,215280,37955,0,0,0,0,0,0.1763052768487551,0.8236947231512449,1.0
c11,raw,8,16,10_percent,1,215280,55987,0,18032,0,0,0,0.2600659606094389,0.7399340393905611,1.4750889210907654
c11,raw,8,16,10_percent,2,215280,68407,0,30452,0,0,0,0.3177582683017466,0.6822417316982534,1.802318535107364
c11,raw,8,32,any,0,53820,17982,0,0,0,0,0,0.33411371237458193,0.6658862876254181,1.0
c11,raw,8,32,any,1,53820,23699,0,5717,0,0,0,0.44033816425120775,0.5596618357487922,1.3179290401512624
c11,raw,8,32,any,2,53820,28474,0,10492,0,0,0,0.5290598290598291,0.47094017094017093,1.5834723612501391
c11,raw,8,32,1_percent,0,53820,15936,0,0,0,0,0,0.296098104793757,0.703901895206243,1.0
c11,raw,8,32,1_percent,1,53820,22059,0,6123,0,0,0,0.40986622073578594,0.5901337792642141,1.3842243975903614
c11,raw,8,32,1_percent,2,53820,27098,0,11162,0,0,0,0.5034931252322556,0.49650687476774436,1.7004267068273093
c11,raw,8,32,5_percent,0,53820,12590,0,0,0,0,0,0.23392790784095133,0.7660720921590487,1.0
c11,raw,8,32,5_percent,1,53820,18602,0,6012,0,0,0,0.3456335934596804,0.6543664065403196,1.4775218427323273
c11,raw,8,32,5_percent,2,53820,23608,0,11018,0,0,0,0.4386473429951691,0.5613526570048308,1.8751389992057188
c11,raw,8,32,10_percent,0,53820,9652,0,0,0,0,0,0.17933853586027498,0.820661464139725,1.0
c11,raw,8,32,10_percent,1,53820,15327,0,5675,0,0,0,0.2847826086956522,0.7152173913043478,1.5879610443431413
c11,raw,8,32,10_percent,2,53820,20088,0,10436,0,0,0,0.3732441471571906,0.6267558528428094,2.081226688769167
c11,raw,8,64,any,0,14352,5079,1794,0,0,0,0,0.35388795986622074,0.6461120401337792,1.0
c11,raw,8,64,any,1,14352,7655,1794,2576,0,0,0,0.5333751393534002,0.4666248606465998,1.507186454026383
c11,raw,8,64,any,2,14352,9907,1794,4828,0,0,0,0.6902870680044593,0.30971293199554073,1.9505808229966528
c11,raw,8,64,1_percent,0,14352,4518,1794,0,0,0,0,0.3147993311036789,0.685200668896321,1.0
c11,raw,8,64,1_percent,1,14352,7207,1794,2689,0,0,0,0.502159977703456,0.497840022296544,1.5951748561310315
c11,raw,8,64,1_percent,2,14352,9596,1794,5078,0,0,0,0.6686176142697882,0.33138238573021184,2.1239486498450644
c11,raw,8,64,5_percent,0,14352,3603,1794,0,0,0,0,0.25104515050167225,0.7489548494983278,1.0
c11,raw,8,64,5_percent,1,14352,6162,1794,2559,0,0,0,0.42934782608695654,0.5706521739130435,1.710241465445462
c11,raw,8,64,5_percent,2,14352,8470,1794,4867,0,0,0,0.5901616499442587,0.4098383500557413,2.350818762142659
c11,raw,8,64,10_percent,0,14352,2721,1794,0,0,0,0,0.18959030100334448,0.8104096989966555,1.0
c11,raw,8,64,10_percent,1,14352,5043,1794,2322,0,0,0,0.35137959866220736,0.6486204013377926,1.8533627342888643
c11,raw,8,64,10_percent,2,14352,7256,1794,4535,0,0,0,0.5055741360089187,0.49442586399108135,2.6666666666666665
c11,raw,16,8,any,0,861120,122930,0,0,0,0,0,0.1427559457450762,0.8572440542549238,1.0
c11,raw,16,8,any,1,861120,204793,0,81863,0,0,0,0.23782167409884802,0.762178325901152,1.6659318311234035
c11,raw,16,8,any,2,861120,242196,0,119266,0,0,0,0.2812569676700111,0.7187430323299888,1.9701944195883836
c11,raw,16,8,1_percent,0,861120,122930,0,0,0,0,0,0.1427559457450762,0.8572440542549238,1.0
c11,raw,16,8,1_percent,1,861120,204793,0,81863,0,0,0,0.23782167409884802,0.762178325901152,1.6659318311234035
c11,raw,16,8,1_percent,2,861120,242196,0,119266,0,0,0,0.2812569676700111,0.7187430323299888,1.9701944195883836
c11,raw,16,8,5_percent,0,861120,72647,0,0,0,0,0,0.08436338721664809,0.915636612783352,1.0
c11,raw,16,8,5_percent,1,861120,145545,0,72898,0,0,0,0.16901825529542922,0.8309817447045708,2.003455063526367
c11,raw,16,8,5_percent,2,861120,187206,0,114559,0,0,0,0.21739827201783724,0.7826017279821628,2.5769267829366664
c11,raw,16,8,10_percent,0,861120,49089,0,0,0,0,0,0.05700599219620959,0.9429940078037904,1.0
c11,raw,16,8,10_percent,1,861120,110690,0,61601,0,0,0,0.1285418989223337,0.8714581010776663,2.254883986229094
c11,raw,16,8,10_percent,2,861120,149452,0,100363,0,0,0,0.17355536975102193,0.8264446302489781,3.044510990242213
c11,raw,16,16,any,0,215280,44786,0,0,0,0,0,0.20803604607952433,0.7919639539204757,1.0
c11,raw,16,16,any,1,215280,65506,0,20720,0,0,0,0.3042827945001858,0.6957172054998142,1.4626445764301343
c11,raw,16,16,any,2,215280,78275,0,33489,0,0,0,0.36359624674842067,0.6364037532515794,1.7477559951770643
c11,raw,16,16,1_percent,0,215280,36538,0,0,0,0,0,0.16972315124489037,0.8302768487551097,1.0
c11,raw,16,16,1_percent,1,215280,58089,0,21551,0,0,0,0.269829988851728,0.7301700111482721,1.5898242925173791
c11,raw,16,16,1_percent,2,215280,71402,0,34864,0,0,0,0.3316703827573393,0.6683296172426607,1.9541846844381192
c11,raw,16,16,5_percent,0,215280,21260,0,0,0,0,0,0.09875510962467485,0.9012448903753252,1.0
c11,raw,16,16,5_percent,1,215280,39691,0,18431,0,0,0,0.18436919360832404,0.815630806391676,1.8669332079021637
c11,raw,16,16,5_percent,2,215280,53054,0,31794,0,0,0,0.24644184318097362,0.7535581568190264,2.4954844778927563
c11,raw,16,16,10_percent,0,215280,12488,0,0,0,0,0,0.05800817539947975,0.9419918246005202,1.0
c11,raw,16,16,10_percent,1,215280,26440,0,13952,0,0,0,0.12281679672984021,0.8771832032701598,2.1172325432415118
c11,raw,16,16,10_percent,2,215280,37136,0,24648,0,0,0,0.17250092902266814,0.8274990709773319,2.973734785393978
c11,raw,16,32,any,0,53820,14878,0,0,0,0,0,0.27643998513563733,0.7235600148643626,1.0
c11,raw,16,32,any,1,53820,21643,0,6765,0,0,0,0.40213675213675215,0.5978632478632478,1.4546982121252856
c11,raw,16,32,any,2,53820,26828,0,11950,0,0,0,0.4984764028242289,0.5015235971757711,1.803199354751983
c11,raw,16,32,1_percent,0,53820,10508,0,0,0,0,0,0.19524340393905612,0.8047565960609439,1.0
c11,raw,16,32,1_percent,1,53820,17556,0,7048,0,0,0,0.3261984392419175,0.6738015607580825,1.6707270650932622
c11,raw,16,32,1_percent,2,53820,23020,0,12512,0,0,0,0.4277220364176886,0.5722779635823114,2.1907118385991624
c11,raw,16,32,5_percent,0,53820,5404,0,0,0,0,0,0.10040876997398737,0.8995912300260126,1.0
c11,raw,16,32,5_percent,1,53820,10597,0,5193,0,0,0,0.19689706428836865,0.8031029357116314,1.9609548482605477
c11,raw,16,32,5_percent,2,53820,15242,0,9838,0,0,0,0.2832032701597919,0.716796729840208,2.8205033308660252
c11,raw,16,32,10_percent,0,53820,2994,0,0,0,0,0,0.055629877369007805,0.9443701226309922,1.0
c11,raw,16,32,10_percent,1,53820,6602,0,3608,0,0,0,0.12266815310293572,0.8773318468970643,2.2050768203072812
c11,raw,16,32,10_percent,2,53820,9947,0,6953,0,0,0,0.1848197696023783,0.8151802303976217,3.322311289245157
c11,raw,16,64,any,0,14352,4573,1794,0,0,0,0,0.3186315496098105,0.6813684503901896,1.0
c11,raw,16,64,any,1,14352,7336,1794,2763,0,0,0,0.5111482720178372,0.4888517279821628,1.6041985567461186
c11,raw,16,64,any,2,14352,9722,1794,5149,0,0,0,0.677396878483835,0.322603121516165,2.1259567023835557
c11,raw,16,64,1_percent,0,14352,3110,1794,0,0,0,0,0.21669453734671126,0.7833054626532887,1.0
c11,raw,16,64,1_percent,1,14352,5894,1794,2784,0,0,0,0.41067447045707917,0.5893255295429208,1.8951768488745981
c11,raw,16,64,1_percent,2,14352,8372,1794,5262,0,0,0,0.5833333333333334,0.41666666666666663,2.6919614147909967
c11,raw,16,64,5_percent,0,14352,1487,1794,0,0,0,0,0.1036092530657748,0.8963907469342252,1.0
c11,raw,16,64,5_percent,1,14352,3304,1794,1817,0,0,0,0.2302118171683389,0.7697881828316611,2.2219233355749832
c11,raw,16,64,5_percent,2,14352,5184,1794,3697,0,0,0,0.3612040133779264,0.6387959866220736,3.4862138533960993
c11,raw,16,64,10_percent,0,14352,795,1794,0,0,0,0,0.05539297658862876,0.9446070234113713,1.0
c11,raw,16,64,10_percent,1,14352,2015,1794,1220,0,0,0,0.1403985507246377,0.8596014492753623,2.5345911949685536
c11,raw,16,64,10_percent,2,14352,3233,1794,2438,0,0,0,0.22526477146042365,0.7747352285395763,4.066666666666666
c11,translation_compensated,0,8,any,0,861120,281278,0,0,0,0,0,0.3266420475659606,0.6733579524340394,1.0
c11,translation_compensated,0,8,any,1,861120,298208,0,16930,0,0,0,0.3463024897807507,0.6536975102192493,1.0601895633501375
c11,translation_compensated,0,8,any,2,861120,314837,0,33559,0,0,0,0.3656133872166481,0.634386612783352,1.1193090110140147
c11,translation_compensated,0,8,1_percent,0,861120,281278,0,0,0,0,0,0.3266420475659606,0.6733579524340394,1.0
c11,translation_compensated,0,8,1_percent,1,861120,298208,0,16930,0,0,0,0.3463024897807507,0.6536975102192493,1.0601895633501375
c11,translation_compensated,0,8,1_percent,2,861120,314837,0,33559,0,0,0,0.3656133872166481,0.634386612783352,1.1193090110140147
c11,translation_compensated,0,8,5_percent,0,861120,281028,0,0,0,0,0,0.3263517279821628,0.6736482720178372,1.0
c11,translation_compensated,0,8,5_percent,1,861120,298203,0,17175,0,0,0,0.3462966833890747,0.6537033166109253,1.0611149066996883
c11,translation_compensated,0,8,5_percent,2,861120,314837,0,33809,0,0,0,0.3656133872166481,0.634386612783352,1.1203047383178901
c11,translation_compensated,0,8,10_percent,0,861120,280504,0,0,0,0,0,0.3257432181345225,0.6742567818654774,1.0
c11,translation_compensated,0,8,10_percent,1,861120,298166,0,17662,0,0,0,0.3462537160906726,0.6537462839093273,1.062965234007358
c11,translation_compensated,0,8,10_percent,2,861120,314824,0,34320,0,0,0,0.3655982905982906,0.6344017094017094,1.1223511964178763
c11,translation_compensated,0,16,any,0,215280,74542,0,0,0,0,0,0.346256038647343,0.653743961352657,1.0
c11,translation_compensated,0,16,any,1,215280,82864,0,8322,0,0,0,0.3849126718691936,0.6150873281308065,1.1116417590083443
c11,translation_compensated,0,16,any,2,215280,91170,0,16628,0,0,0,0.423494983277592,0.576505016722408,1.2230688739234257
c11,translation_compensated,0,16,1_percent,0,215280,74538,0,0,0,0,0,0.34623745819397994,0.65376254180602,1.0
c11,translation_compensated,0,16,1_percent,1,215280,82864,0,8326,0,0,0,0.3849126718691936,0.6150873281308065,1.1117014140438435
c11,translation_compensated,0,16,1_percent,2,215280,91170,0,16632,0,0,0,0.423494983277592,0.576505016722408,1.2231345085728085
c11,translation_compensated,0,16,5_percent,0,215280,74462,0,0,0,0,0,0.34588442958008175,0.6541155704199182,1.0
c11,translation_compensated,0,16,5_percent,1,215280,82855,0,8393,0,0,0,0.3848708658491267,0.6151291341508733,1.1127152104429106
c11,translation_compensated,0,16,5_percent,2,215280,91169,0,16707,0,0,0,0.4234903381642512,0.5765096618357488,1.224369477048696
c11,translation_compensated,0,16,10_percent,0,215280,74179,0,0,0,0,0,0.3445698625046451,0.6554301374953548,1.0
c11,translation_compensated,0,16,10_percent,1,215280,82764,0,8585,0,0,0,0.38444816053511705,0.6155518394648829,1.1157335634074335
c11,translation_compensated,0,16,10_percent,2,215280,91135,0,16956,0,0,0,0.42333240431066516,0.5766675956893348,1.2285822132948678
c11,translation_compensated,0,32,any,0,53820,20716,0,0,0,0,0,0.3849126718691936,0.6150873281308065,1.0
c11,translation_compensated,0,32,any,1,53820,24868,0,4152,0,0,0,0.4620587142326273,0.5379412857673727,1.2004247924309712
c11,translation_compensated,0,32,any,2,53820,29016,0,8300,0,0,0,0.5391304347826087,0.4608695652173913,1.400656497393319
c11,translation_compensated,0,32,1_percent,0,53820,20712,0,0,0,0,0,0.38483835005574135,0.6151616499442587,1.0
c11,translation_compensated,0,32,1_percent,1,53820,24868,0,4156,0,0,0,0.4620587142326273,0.5379412857673727,1.2006566241792198
c11,translation_compensated,0,32,1_percent,2,53820,29016,0,8304,0,0,0,0.5391304347826087,0.4608695652173913,1.4009269988412514
c11,translation_compensated,0,32,5_percent,0,53820,20578,0,0,0,0,0,0.38234856930509104,0.617651430694909,1.0
c11,translation_compensated,0,32,5_percent,1,53820,24840,0,4262,0,0,0,0.46153846153846156,0.5384615384615384,1.2071143940130236
c11,translation_compensated,0,32,5_percent,2,53820,29008,0,8430,0,0,0,0.5389817911557042,0.4610182088442958,1.4096608027991058
c11,translation_compensated,0,32,10_percent,0,53820,20237,0,0,0,0,0,0.3760126347082869,0.6239873652917132,1.0
c11,translation_compensated,0,32,10_percent,1,53820,24607,0,4370,0,0,0,0.45720921590486807,0.5427907840951319,1.2159410979888323
c11,translation_compensated,0,32,10_percent,2,53820,28884,0,8647,0,0,0,0.5366778149386845,0.4633221850613155,1.4272866531600534
c11,translation_compensated,0,64,any,0,14352,5528,1794,0,0,0,0,0.3851727982162765,0.6148272017837235,1.0
c11,translation_compensated,0,64,any,1,14352,7740,1794,2212,0,0,0,0.5392976588628763,0.4607023411371237,1.4001447178002895
c11,translation_compensated,0,64,any,2,14352,9948,1794,4420,1,0,0,0.6931438127090301,0.30685618729096986,1.7995658465991318
c11,translation_compensated,0,64,1_percent,0,14352,5528,1794,0,0,0,0,0.3851727982162765,0.6148272017837235,1.0
c11,translation_compensated,0,64,1_percent,1,14352,7740,1794,2212,0,0,0,0.5392976588628763,0.4607023411371237,1.4001447178002895
c11,translation_compensated,0,64,1_percent,2,14352,9948,1794,4420,1,0,0,0.6931438127090301,0.30685618729096986,1.7995658465991318
c11,translation_compensated,0,64,5_percent,0,14352,5527,1794,0,0,0,0,0.385103121516165,0.614896878483835,1.0
c11,translation_compensated,0,64,5_percent,1,14352,7740,1794,2213,0,0,0,0.5392976588628763,0.4607023411371237,1.4003980459562149
c11,translation_compensated,0,64,5_percent,2,14352,9948,1794,4421,1,0,0,0.6931438127090301,0.30685618729096986,1.7998914420119414
c11,translation_compensated,0,64,10_percent,0,14352,5522,1794,0,0,0,0,0.38475473801560756,0.6152452619843924,1.0
c11,translation_compensated,0,64,10_percent,1,14352,7740,1794,2218,0,0,0,0.5392976588628763,0.4607023411371237,1.4016660630206448
c11,translation_compensated,0,64,10_percent,2,14352,9948,1794,4426,1,0,0,0.6931438127090301,0.30685618729096986,1.8015211879753712
c11,translation_compensated,1,8,any,0,861120,276130,0,0,0,0,0,0.3206637866963954,0.6793362133036046,1.0
c11,translation_compensated,1,8,any,1,861120,296577,0,20447,0,0,0,0.34440844481605354,0.6555915551839464,1.0740484554376561
c11,translation_compensated,1,8,any,2,861120,314109,0,37979,0,0,0,0.36476797658862875,0.6352320234113713,1.1375402889943143
c11,translation_compensated,1,8,1_percent,0,861120,276130,0,0,0,0,0,0.3206637866963954,0.6793362133036046,1.0
c11,translation_compensated,1,8,1_percent,1,861120,296577,0,20447,0,0,0,0.34440844481605354,0.6555915551839464,1.0740484554376561
c11,translation_compensated,1,8,1_percent,2,861120,314109,0,37979,0,0,0,0.36476797658862875,0.6352320234113713,1.1375402889943143
c11,translation_compensated,1,8,5_percent,0,861120,270793,0,0,0,0,0,0.314466044221479,0.6855339557785209,1.0
c11,translation_compensated,1,8,5_percent,1,861120,294201,0,23408,0,0,0,0.3416492474916388,0.6583507525083612,1.0864424117314702
c11,translation_compensated,1,8,5_percent,2,861120,312522,0,41729,0,0,0,0.36292502787068004,0.63707497212932,1.1540992566277564
c11,translation_compensated,1,8,10_percent,0,861120,266409,0,0,0,0,0,0.309375,0.690625,1.0
c11,translation_compensated,1,8,10_percent,1,861120,292150,0,25741,0,0,0,0.3392674656261613,0.6607325343738387,1.0966221111148646
c11,translation_compensated,1,8,10_percent,2,861120,311286,0,44877,0,0,0,0.3614896878483835,0.6385103121516165,1.1684515162776032
c11,translation_compensated,1,16,any,0,215280,73810,0,0,0,0,0,0.34285581568190265,0.6571441843180974,1.0
c11,translation_compensated,1,16,any,1,215280,82700,0,8890,0,0,0,0.38415087328130804,0.615849126718692,1.120444384229779
c11,translation_compensated,1,16,any,2,215280,91129,0,17319,0,0,0,0.4233045336306206,0.5766954663693794,1.234643002303211
c11,translation_compensated,1,16,1_percent,0,215280,73407,0,0,0,0,0,0.3409838350055741,0.659016164994426,1.0
c11,translation_compensated,1,16,1_percent,1,215280,82495,0,9088,0,0,0,0.38319862504645114,0.6168013749535488,1.1238029070797062
c11,translation_compensated,1,16,1_percent,2,215280,91063,0,17656,0,0,0,0.4229979561501301,0.57700204384987,1.2405220210606618
c11,translation_compensated,1,16,5_percent,0,215280,72153,0,0,0,0,0,0.3351588628762542,0.6648411371237458,1.0
c11,translation_compensated,1,16,5_percent,1,215280,81899,0,9746,0,0,0,0.38043013749535487,0.6195698625046451,1.1350740786938867
c11,translation_compensated,1,16,5_percent,2,215280,90782,0,18629,0,0,0,0.42169267930137494,0.5783073206986251,1.2581874627527614
c11,translation_compensated,1,16,10_percent,0,215280,70710,0,0,0,0,0,0.32845596432552954,0.6715440356744704,1.0
c11,translation_compensated,1,16,10_percent,1,215280,81006,0,10296,0,0,0,0.3762820512820513,0.6237179487179487,1.1456088247772593
c11,translation_compensated,1,16,10_percent,2,215280,90190,0,19480,0,0,0,0.4189427722036418,0.5810572277963582,1.2754914439258944
c11,translation_compensated,1,32,any,0,53820,20605,0,0,0,0,0,0.3828502415458937,0.6171497584541064,1.0
c11,translation_compensated,1,32,any,1,53820,24860,0,4255,0,0,0,0.46191007060572276,0.5380899293942772,1.2065032759039067
c11,translation_compensated,1,32,any,2,53820,29013,0,8408,0,0,0,0.5390746934225195,0.46092530657748054,1.4080562970152875
c11,translation_compensated,1,32,1_percent,0,53820,20391,0,0,0,0,0,0.37887402452619845,0.6211259754738016,1.0
c11,translation_compensated,1,32,1_percent,1,53820,24813,0,4422,0,0,0,0.46103678929765884,0.5389632107023412,1.216860379579226
c11,translation_compensated,1,32,1_percent,2,53820,29013,0,8622,0,0,0,0.5390746934225195,0.46092530657748054,1.4228336030601736
c11,translation_compensated,1,32,5_percent,0,53820,19853,0,0,0,0,0,0.36887774061687106,0.6311222593831289,1.0
c11,translation_compensated,1,32,5_percent,1,53820,24501,0,4648,0,0,0,0.4552396878483835,0.5447603121516165,1.2341207877902585
c11,translation_compensated,1,32,5_percent,2,53820,28854,0,9001,0,0,0,0.5361204013377926,0.4638795986622074,1.4533823603485618
c11,translation_compensated,1,32,10_percent,0,53820,19213,0,0,0,0,0,0.3569862504645113,0.6430137495354886,1.0
c11,translation_compensated,1,32,10_percent,1,53820,24022,0,4809,0,0,0,0.4463396506874768,0.5536603493125232,1.250299276531515
c11,translation_compensated,1,32,10_percent,2,53820,28476,0,9263,0,0,0,0.5290969899665552,0.4709030100334448,1.482121480247749
c11,translation_compensated,1,64,any,0,14352,5526,1794,0,0,0,0,0.3850334448160535,0.6149665551839465,1.0
c11,translation_compensated,1,64,any,1,14352,7740,1794,2214,0,0,0,0.5392976588628763,0.4607023411371237,1.4006514657980456
c11,translation_compensated,1,64,any,2,14352,9948,1794,4422,1,0,0,0.6931438127090301,0.30685618729096986,1.8002171552660151
c11,translation_compensated,1,64,1_percent,0,14352,5488,1794,0,0,0,0,0.38238573021181715,0.6176142697881828,1.0
c11,translation_compensated,1,64,1_percent,1,14352,7740,1794,2252,0,0,0,0.5392976588628763,0.4607023411371237,1.4103498542274053
c11,translation_compensated,1,64,1_percent,2,14352,9948,1794,4460,1,0,0,0.6931438127090301,0.30685618729096986,1.8126822157434401
c11,translation_compensated,1,64,5_percent,0,14352,5425,1794,0,0,0,0,0.37799609810479373,0.6220039018952063,1.0
c11,translation_compensated,1,64,5_percent,1,14352,7728,1794,2303,0,0,0,0.5384615384615384,0.46153846153846156,1.424516129032258
c11,translation_compensated,1,64,5_percent,2,14352,9944,1794,4519,1,0,0,0.6928651059085842,0.3071348940914158,1.8329953917050692
c11,translation_compensated,1,64,10_percent,0,14352,5274,1794,0,0,0,0,0.36747491638795987,0.6325250836120402,1.0
c11,translation_compensated,1,64,10_percent,1,14352,7658,1794,2384,0,0,0,0.5335841694537347,0.46641583054626534,1.4520288206295031
c11,translation_compensated,1,64,10_percent,2,14352,9910,1794,4636,1,0,0,0.6904960981047937,0.30950390189520627,1.8790291998483124
c11,translation_compensated,2,8,any,0,861120,265704,0,0,0,0,0,0.30855629877369006,0.6914437012263099,1.0
c11,translation_compensated,2,8,any,1,861120,291540,0,25836,0,0,0,0.33855908584169453,0.6614409141583055,1.0972360220395627
c11,translation_compensated,2,8,any,2,861120,310524,0,44820,0,0,0,0.3606047937569677,0.6393952062430324,1.1686839490560925
c11,translation_compensated,2,8,1_percent,0,861120,265704,0,0,0,0,0,0.30855629877369006,0.6914437012263099,1.0
c11,translation_compensated,2,8,1_percent,1,861120,291540,0,25836,0,0,0,0.33855908584169453,0.6614409141583055,1.0972360220395627
c11,translation_compensated,2,8,1_percent,2,861120,310524,0,44820,0,0,0,0.3606047937569677,0.6393952062430324,1.1686839490560925
c11,translation_compensated,2,8,5_percent,0,861120,254915,0,0,0,0,0,0.2960272668153103,0.7039727331846897,1.0
c11,translation_compensated,2,8,5_percent,1,861120,284193,0,29278,0,0,0,0.3300271739130435,0.6699728260869565,1.1148539709314869
c11,translation_compensated,2,8,5_percent,2,861120,304726,0,49811,0,0,0,0.35387170196952805,0.6461282980304719,1.195402389031638
c11,translation_compensated,2,8,10_percent,0,861120,247911,0,0,0,0,0,0.2878936733556299,0.7121063266443701,1.0
c11,translation_compensated,2,8,10_percent,1,861120,279011,0,31100,0,0,0,0.3240094295800818,0.6759905704199183,1.1254482455397299
c11,translation_compensated,2,8,10_percent,2,861120,300494,0,52583,0,0,0,0.34895717205499815,0.6510428279450018,1.2121043438976085
c11,translation_compensated,2,16,any,0,215280,72075,0,0,0,0,0,0.3347965440356745,0.6652034559643255,1.0
c11,translation_compensated,2,16,any,1,215280,81851,0,9776,0,0,0,0.38020717205499815,0.6197928279450018,1.1356364897676032
c11,translation_compensated,2,16,any,2,215280,90732,0,18657,0,0,0,0.42146042363433667,0.5785395763656633,1.2588553590010405
c11,translation_compensated,2,16,1_percent,0,215280,70958,0,0,0,0,0,0.3296079524340394,0.6703920475659606,1.0
c11,translation_compensated,2,16,1_percent,1,215280,81111,0,10153,0,0,0,0.3767697881828317,0.6232302118171683,1.143084641618986
c11,translation_compensated,2,16,1_percent,2,215280,90260,0,19302,0,0,0,0.41926793013749536,0.5807320698625047,1.2720200682093632
c11,translation_compensated,2,16,5_percent,0,215280,68298,0,0,0,0,0,0.3172519509476031,0.6827480490523969,1.0
c11,translation_compensated,2,16,5_percent,1,215280,79222,0,10924,0,0,0,0.3679951690821256,0.6320048309178744,1.1599461184807753
c11,translation_compensated,2,16,5_percent,2,215280,88906,0,20608,0,0,0,0.41297844667409883,0.5870215533259011,1.3017365076576182
c11,translation_compensated,2,16,10_percent,0,215280,66004,0,0,0,0,0,0.306596060943887,0.693403939056113,1.0
c11,translation_compensated,2,16,10_percent,1,215280,77420,0,11416,0,0,0,0.35962467484206617,0.6403753251579338,1.172959214593055
c11,translation_compensated,2,16,10_percent,2,215280,87447,0,21443,0,0,0,0.40620122630992195,0.593798773690078,1.3248742500454518
c11,translation_compensated,2,32,any,0,53820,20252,0,0,0,0,0,0.37629134150873284,0.6237086584912672,1.0
c11,translation_compensated,2,32,any,1,53820,24775,0,4523,0,0,0,0.4603307320698625,0.5396692679301375,1.223335966818092
c11,translation_compensated,2,32,any,2,53820,29008,0,8756,0,0,0,0.5389817911557042,0.4610182088442958,1.4323523602607149
c11,translation_compensated,2,32,1_percent,0,53820,19722,0,0,0,0,0,0.3664437012263099,0.63355629877369,1.0
c11,translation_compensated,2,32,1_percent,1,53820,24469,0,4747,0,0,0,0.4546451133407655,0.5453548866592345,1.2406956698103642
c11,translation_compensated,2,32,1_percent,2,53820,28889,0,9167,0,0,0,0.5367707172054998,0.46322928279450015,1.464810871108407
c11,translation_compensated,2,32,5_percent,0,53820,18784,0,0,0,0,0,0.3490152359717577,0.6509847640282422,1.0
c11,translation_compensated,2,32,5_percent,1,53820,23828,0,5044,0,0,0,0.4427350427350427,0.5572649572649573,1.268526405451448
c11,translation_compensated,2,32,5_percent,2,53820,28417,0,9633,0,0,0,0.5280007432181345,0.4719992567818655,1.5128300681431006
c11,translation_compensated,2,32,10_percent,0,53820,17697,0,0,0,0,0,0.3288182831661092,0.6711817168338907,1.0
c11,translation_compensated,2,32,10_percent,1,53820,22789,0,5092,0,0,0,0.42342995169082126,0.5765700483091787,1.2877323840198904
c11,translation_compensated,2,32,10_percent,2,53820,27450,0,9753,0,0,0,0.5100334448160535,0.4899665551839465,1.5511103576877436
c11,translation_compensated,2,64,any,0,14352,5492,1794,0,0,0,0,0.3826644370122631,0.6173355629877368,1.0
c11,translation_compensated,2,64,any,1,14352,7740,1794,2248,0,0,0,0.5392976588628763,0.4607023411371237,1.4093226511289147
c11,translation_compensated,2,64,any,2,14352,9948,1794,4456,1,0,0,0.6931438127090301,0.30685618729096986,1.811361981063365
c11,translation_compensated,2,64,1_percent,0,14352,5373,1794,0,0,0,0,0.37437290969899667,0.6256270903010033,1.0
c11,translation_compensated,2,64,1_percent,1,14352,7726,1794,2353,0,0,0,0.5383221850613155,0.46167781493868454,1.4379303927042622
c11,translation_compensated,2,64,1_percent,2,14352,9941,1794,4568,1,0,0,0.6926560758082497,0.3073439241917503,1.850176809975805
c11,translation_compensated,2,64,5_percent,0,14352,5160,1794,0,0,0,0,0.3595317725752508,0.6404682274247492,1.0
c11,translation_compensated,2,64,5_percent,1,14352,7618,1794,2458,0,0,0,0.5307971014492754,0.4692028985507246,1.4763565891472867
c11,translation_compensated,2,64,5_percent,2,14352,9892,1794,4732,1,0,0,0.6892419175027871,0.31075808249721293,1.9170542635658914
c11,translation_compensated,2,64,10_percent,0,14352,4949,1794,0,0,0,0,0.344829988851728,0.655170011148272,1.0
c11,translation_compensated,2,64,10_percent,1,14352,7430,1794,2481,0,0,0,0.5176978818283167,0.48230211817168334,1.501313396645787
c11,translation_compensated,2,64,10_percent,2,14352,9793,1794,4844,1,0,0,0.6823439241917503,0.3176560758082497,1.9787835926449788
c11,translation_compensated,4,8,any,0,861120,243164,0,0,0,0,0,0.2823810850984764,0.7176189149015235,1.0
c11,translation_compensated,4,8,any,1,861120,275750,0,32586,0,0,0,0.32022250092902266,0.6797774990709773,1.134008323600533
c11,translation_compensated,4,8,any,2,861120,297765,0,54601,0,0,0,0.34578804347826086,0.6542119565217391,1.224543929200046
c11,translation_compensated,4,8,1_percent,0,861120,243164,0,0,0,0,0,0.2823810850984764,0.7176189149015235,1.0
c11,translation_compensated,4,8,1_percent,1,861120,275750,0,32586,0,0,0,0.32022250092902266,0.6797774990709773,1.134008323600533
c11,translation_compensated,4,8,1_percent,2,861120,297765,0,54601,0,0,0,0.34578804347826086,0.6542119565217391,1.224543929200046
c11,translation_compensated,4,8,5_percent,0,861120,226516,0,0,0,0,0,0.26304812337421035,0.7369518766257896,1.0
c11,translation_compensated,4,8,5_percent,1,861120,265064,0,38548,0,0,0,0.30781308063916757,0.6921869193608324,1.170177824083067
c11,translation_compensated,4,8,5_percent,2,861120,288898,0,62382,0,0,0,0.33549098848011893,0.6645090115198811,1.2753977643963341
c11,translation_compensated,4,8,10_percent,0,861120,214140,0,0,0,0,0,0.24867614269788182,0.7513238573021181,1.0
c11,translation_compensated,4,8,10_percent,1,861120,256822,0,42682,0,0,0,0.29824182460052023,0.7017581753994797,1.1993182030447371
c11,translation_compensated,4,8,10_percent,2,861120,282316,0,68176,0,0,0,0.32784745447788927,0.6721525455221107,1.318371159054824
c11,translation_compensated,4,16,any,0,215280,67431,0,0,0,0,0,0.31322463768115943,0.6867753623188406,1.0
c11,translation_compensated,4,16,any,1,215280,78850,0,11419,0,0,0,0.36626718691936083,0.6337328130806392,1.1693434770357847
c11,translation_compensated,4,16,any,2,215280,88874,0,21443,0,0,0,0.41282980304719435,0.5871701969528056,1.317999139861488
c11,translation_compensated,4,16,1_percent,0,215280,65787,0,0,0,0,0,0.3055880713489409,0.694411928651059,1.0
c11,translation_compensated,4,16,1_percent,1,215280,77654,0,11867,0,0,0,0.3607116313638053,0.6392883686361948,1.1803851824828613
c11,translation_compensated,4,16,1_percent,2,215280,88058,0,22271,0,0,0,0.4090393905611297,0.5909606094388703,1.3385319288005229
c11,translation_compensated,4,16,5_percent,0,215280,61585,0,0,0,0,0,0.2860693050910442,0.7139306949089558,1.0
c11,translation_compensated,4,16,5_percent,1,215280,74750,0,13165,0,0,0,0.3472222222222222,0.6527777777777778,1.2137695867500202
c11,translation_compensated,4,16,5_percent,2,215280,85611,0,24026,0,0,0,0.3976727982162765,0.6023272017837236,1.390127466103759
c11,translation_compensated,4,16,10_percent,0,215280,57171,0,0,0,0,0,0.26556577480490523,0.7344342251950948,1.0
c11,translation_compensated,4,16,10_percent,1,215280,71104,0,13933,0,0,0,0.33028613898179116,0.6697138610182088,1.243707474069021
c11,translation_compensated,4,16,10_percent,2,215280,82268,0,25097,0,0,0,0.3821441843180974,0.6178558156819026,1.4389813017089084
c11,translation_compensated,4,32,any,0,53820,19263,0,0,0,0,0,0.3579152731326644,0.6420847268673355,1.0
c11,translation_compensated,4,32,any,1,53820,24325,0,5062,0,0,0,0.4519695280564846,0.5480304719435154,1.2627835747287546
c11,translation_compensated,4,32,any,2,53820,28836,0,9573,0,0,0,0.5357859531772575,0.4642140468227425,1.4969630898613924
c11,translation_compensated,4,32,1_percent,0,53820,18477,0,0,0,0,0,0.34331103678929764,0.6566889632107024,1.0
c11,translation_compensated,4,32,1_percent,1,53820,23838,0,5361,0,0,0,0.44292084726867337,0.5570791527313266,1.2901445039779185
c11,translation_compensated,4,32,1_percent,2,53820,28537,0,10060,0,0,0,0.530230397621702,0.469769602378298,1.5444606808464578
c11,translation_compensated,4,32,5_percent,0,53820,16805,0,0,0,0,0,0.3122445187662579,0.6877554812337421,1.0
c11,translation_compensated,4,32,5_percent,1,53820,22383,0,5578,0,0,0,0.41588628762541807,0.5841137123745819,1.3319250223147872
c11,translation_compensated,4,32,5_percent,2,53820,27194,0,10389,0,0,0,0.5052768487551096,0.4947231512448904,1.618208866408807
c11,translation_compensated,4,32,10_percent,0,53820,14966,0,0,0,0,0,0.27807506503158674,0.7219249349684133,1.0
c11,translation_compensated,4,32,10_percent,1,53820,20525,0,5559,0,0,0,0.38136380527684877,0.6186361947231512,1.3714419350527862
c11,translation_compensated,4,32,10_percent,2,53820,25411,0,10445,0,0,0,0.47214790040876997,0.52785209959123,1.6979152746224777
c11,translation_compensated,4,64,any,0,14352,5309,1794,0,0,0,0,0.36991360089186176,0.6300863991081382,1.0
c11,translation_compensated,4,64,any,1,14352,7722,1794,2413,0,0,0,0.5380434782608695,0.4619565217391305,1.454511207383688
c11,translation_compensated,4,64,any,2,14352,9939,1794,4630,1,0,0,0.6925167224080268,0.30748327759197325,1.872103974383123
c11,translation_compensated,4,64,1_percent,0,14352,5091,1794,0,0,0,0,0.35472408026755853,0.6452759197324415,1.0
c11,translation_compensated,4,64,1_percent,1,14352,7645,1794,2554,0,0,0,0.5326783723522854,0.46732162764771457,1.5016696130426241
c11,translation_compensated,4,64,1_percent,2,14352,9907,1794,4816,1,0,0,0.6902870680044593,0.30971293199554073,1.94598310744451
c11,translation_compensated,4,64,5_percent,0,14352,4683,1794,0,0,0,0,0.3262959866220736,0.6737040133779264,1.0
c11,translation_compensated,4,64,5_percent,1,14352,7274,1794,2591,0,0,0,0.5068283166109253,0.4931716833890747,1.5532778133674994
c11,translation_compensated,4,64,5_percent,2,14352,9622,1794,4939,1,0,0,0.6704292084726867,0.3295707915273133,2.0546658125133463
c11,translation_compensated,4,64,10_percent,0,14352,4253,1794,0,0,0,0,0.296335005574136,0.7036649944258639,1.0
c11,translation_compensated,4,64,10_percent,1,14352,6771,1794,2518,0,0,0,0.4717809364548495,0.5282190635451505,1.5920526687044438
c11,translation_compensated,4,64,10_percent,2,14352,9178,1794,4925,1,0,0,0.6394927536231884,0.36050724637681164,2.1580061133317656
c11,translation_compensated,8,8,any,0,861120,202876,0,0,0,0,0,0.23559550353028613,0.7644044964697139,1.0
c11,translation_compensated,8,8,any,1,861120,254509,0,51633,0,0,0,0.2955557878112226,0.7044442121887774,1.2545052150081824
c11,translation_compensated,8,8,any,2,861120,281872,0,78996,0,0,0,0.3273318468970643,0.6726681531029357,1.3893807054555491
c11,translation_compensated,8,8,1_percent,0,861120,202876,0,0,0,0,0,0.23559550353028613,0.7644044964697139,1.0
c11,translation_compensated,8,8,1_percent,1,861120,254509,0,51633,0,0,0,0.2955557878112226,0.7044442121887774,1.2545052150081824
c11,translation_compensated,8,8,1_percent,2,861120,281872,0,78996,0,0,0,0.3273318468970643,0.6726681531029357,1.3893807054555491
c11,translation_compensated,8,8,5_percent,0,861120,167029,0,0,0,0,0,0.19396715904868078,0.8060328409513192,1.0
c11,translation_compensated,8,8,5_percent,1,861120,228152,0,61123,0,0,0,0.2649479747305834,0.7350520252694166,1.3659424411329768
c11,translation_compensated,8,8,5_percent,2,861120,258693,0,91664,0,0,0,0.3004145763656633,0.6995854236343366,1.5487909285213945
c11,translation_compensated,8,8,10_percent,0,861120,140981,0,0,0,0,0,0.16371818097361576,0.8362818190263842,1.0
c11,translation_compensated,8,8,10_percent,1,861120,209210,0,68229,0,0,0,0.24295104050538832,0.7570489594946117,1.4839588313318817
c11,translation_compensated,8,8,10_percent,2,861120,242449,0,101468,0,0,0,0.28155077108881454,0.7184492289111855,1.7197281903235189
c11,translation_compensated,8,16,any,0,215280,60387,0,0,0,0,0,0.28050445930880713,0.7194955406911929,1.0
c11,translation_compensated,8,16,any,1,215280,75147,0,14760,0,0,0,0.34906633221850614,0.6509336677814939,1.2444234686273536
c11,translation_compensated,8,16,any,2,215280,86402,0,26015,0,0,0,0.401347082868822,0.5986529171311781,1.4308046433835098
c11,translation_compensated,8,16,1_percent,0,215280,56576,0,0,0,0,0,0.26280193236714977,0.7371980676328502,1.0
c11,translation_compensated,8,16,1_percent,1,215280,72137,0,15561,0,0,0,0.33508454106280194,0.6649154589371981,1.275045955882353
c11,translation_compensated,8,16,1_percent,2,215280,83813,0,27237,0,0,0,0.38932088442958007,0.6106791155704199,1.4814232183257918
c11,translation_compensated,8,16,5_percent,0,215280,47180,0,0,0,0,0,0.219156447417317,0.780843552582683,1.0
c11,translation_compensated,8,16,5_percent,1,215280,63948,0,16768,0,0,0,0.2970457079152731,0.7029542920847269,1.3554048325561678
c11,translation_compensated,8,16,5_percent,2,215280,76016,0,28836,0,0,0,0.35310293571163137,0.6468970642883687,1.6111911827045358
c11,translation_compensated,8,16,10_percent,0,215280,37992,0,0,0,0,0,0.17647714604236345,0.8235228539576366,1.0
c11,translation_compensated,8,16,10_percent,1,215280,56064,0,18072,0,0,0,0.2604236343366778,0.7395763656633222,1.4756790903348074
c11,translation_compensated,8,16,10_percent,2,215280,68514,0,30522,0,0,0,0.3182552954292085,0.6817447045707915,1.8033796588755528
c11,translation_compensated,8,32,any,0,53820,18000,0,0,0,0,0,0.33444816053511706,0.6655518394648829,1.0
c11,translation_compensated,8,32,any,1,53820,23731,0,5731,0,0,0,0.4409327387588257,0.5590672612411742,1.3183888888888888
c11,translation_compensated,8,32,any,2,53820,28515,0,10515,0,0,0,0.5298216276477146,0.47017837235228543,1.5841666666666667
c11,translation_compensated,8,32,1_percent,0,53820,15955,0,0,0,0,0,0.29645113340765517,0.7035488665923448,1.0
c11,translation_compensated,8,32,1_percent,1,53820,22092,0,6137,0,0,0,0.410479375696767,0.5895206243032329,1.3846443121278595
c11,translation_compensated,8,32,1_percent,2,53820,27140,0,11185,0,0,0,0.5042735042735043,0.49572649572649574,1.701034158570981
c11,translation_compensated,8,32,5_percent,0,53820,12612,0,0,0,0,0,0.2343366778149387,0.7656633221850613,1.0
c11,translation_compensated,8,32,5_percent,1,53820,18636,0,6024,0,0,0,0.3462653288740245,0.6537346711259755,1.477640342530923
c11,translation_compensated,8,32,5_percent,2,53820,23651,0,11039,0,0,0,0.4394463024897807,0.5605536975102192,1.875277513479226
c11,translation_compensated,8,32,10_percent,0,53820,9668,0,0,0,0,0,0.179635823114084,0.820364176885916,1.0
c11,translation_compensated,8,32,10_percent,1,53820,15361,0,5693,0,0,0,0.2854143441099963,0.7145856558900037,1.5888498138187837
c11,translation_compensated,8,32,10_percent,2,53820,20135,0,10467,0,0,0,0.37411742846525453,0.6258825715347455,2.082643773272652
c11,translation_compensated,8,64,any,0,14352,5088,1794,0,0,0,0,0.35451505016722407,0.6454849498327759,1.0
c11,translation_compensated,8,64,any,1,14352,7669,1794,2581,0,0,0,0.534350613154961,0.465649386845039,1.5072720125786163
c11,translation_compensated,8,64,any,2,14352,9920,1794,4832,1,0,0,0.6911928651059086,0.3088071348940914,1.949685534591195
c11,translation_compensated,8,64,1_percent,0,14352,4528,1794,0,0,0,0,0.31549609810479373,0.6845039018952063,1.0
c11,translation_compensated,8,64,1_percent,1,14352,7221,1794,2693,0,0,0,0.5031354515050167,0.4968645484949833,1.594743816254417
c11,translation_compensated,8,64,1_percent,2,14352,9609,1794,5081,1,0,0,0.6695234113712375,0.3304765886287625,2.1221289752650176
c11,translation_compensated,8,64,5_percent,0,14352,3613,1794,0,0,0,0,0.25174191750278707,0.7482580824972129,1.0
c11,translation_compensated,8,64,5_percent,1,14352,6176,1794,2563,0,0,0,0.43032329988851725,0.5696767001114827,1.7093827843897038
c11,translation_compensated,8,64,5_percent,2,14352,8483,1794,4870,1,0,0,0.5910674470457079,0.4089325529542921,2.347910323830612
c11,translation_compensated,8,64,10_percent,0,14352,2730,1794,0,0,0,0,0.19021739130434784,0.8097826086956521,1.0
c11,translation_compensated,8,64,10_percent,1,14352,5057,1794,2327,0,0,0,0.3523550724637681,0.6476449275362319,1.8523809523809525
c11,translation_compensated,8,64,10_percent,2,14352,7269,1794,4539,1,0,0,0.5064799331103679,0.4935200668896321,2.6626373626373625
c11,translation_compensated,16,8,any,0,861120,122983,0,0,0,0,0,0.14281749349684134,0.8571825065031586,1.0
c11,translation_compensated,16,8,any,1,861120,204952,0,81969,0,0,0,0.23800631735414343,0.7619936826458565,1.666506752965857
c11,translation_compensated,16,8,any,2,861120,242434,0,119451,0,0,0,0.2815333519137867,0.7184666480862133,1.9712805834952798
c11,translation_compensated,16,8,1_percent,0,861120,122983,0,0,0,0,0,0.14281749349684134,0.8571825065031586,1.0
c11,translation_compensated,16,8,1_percent,1,861120,204952,0,81969,0,0,0,0.23800631735414343,0.7619936826458565,1.666506752965857
c11,translation_compensated,16,8,1_percent,2,861120,242434,0,119451,0,0,0,0.2815333519137867,0.7184666480862133,1.9712805834952798
c11,translation_compensated,16,8,5_percent,0,861120,72692,0,0,0,0,0,0.0844156447417317,0.9155843552582683,1.0
c11,translation_compensated,16,8,5_percent,1,861120,145696,0,73004,0,0,0,0.1691936083240431,0.8308063916759569,2.004292081659605
c11,translation_compensated,16,8,5_percent,2,861120,187425,0,114733,0,0,0,0.21765259197324416,0.7823474080267558,2.5783442469597757
c11,translation_compensated,16,8,10_percent,0,861120,49143,0,0,0,0,0,0.05706870122630992,0.9429312987736901,1.0
c11,translation_compensated,16,8,10_percent,1,861120,110870,0,61727,0,0,0,0.12875092902266816,0.8712490709773318,2.2560690230551654
c11,translation_compensated,16,8,10_percent,2,861120,149721,0,100578,0,0,0,0.1738677536231884,0.8261322463768116,3.046639399304072
c11,translation_compensated,16,16,any,0,215280,44818,0,0,0,0,0,0.20818468970642884,0.7918153102935712,1.0
c11,translation_compensated,16,16,any,1,215280,65581,0,20763,0,0,0,0.30463117800074324,0.6953688219992568,1.4632736846802623
c11,translation_compensated,16,16,any,2,215280,78380,0,33562,0,0,0,0.364083983649201,0.635916016350799,1.7488509081172743
c11,translation_compensated,16,16,1_percent,0,215280,36566,0,0,0,0,0,0.16985321441843182,0.8301467855815682,1.0
c11,translation_compensated,16,16,1_percent,1,215280,58161,0,21595,0,0,0,0.2701644370122631,0.7298355629877369,1.5905759448668162
c11,translation_compensated,16,16,1_percent,2,215280,71507,0,34941,0,0,0,0.33215811965811964,0.6678418803418804,1.9555598096592464
c11,translation_compensated,16,16,5_percent,0,215280,21305,0,0,0,0,0,0.0989641397250093,0.9010358602749907,1.0
c11,translation_compensated,16,16,5_percent,1,215280,39776,0,18471,0,0,0,0.1847640282422891,0.8152359717577109,1.866979582257686
c11,translation_compensated,16,16,5_percent,2,215280,53171,0,31866,0,0,0,0.24698532144184318,0.7530146785581568,2.49570523351326
c11,translation_compensated,16,16,10_percent,0,215280,12517,0,0,0,0,0,0.058142883686361946,0.941857116313638,1.0
c11,translation_compensated,16,16,10_percent,1,215280,26514,0,13997,0,0,0,0.12316053511705685,0.8768394648829432,2.1182391946952146
c11,translation_compensated,16,16,10_percent,2,215280,37242,0,24725,0,0,0,0.1729933110367893,0.8270066889632107,2.9753135735399856
c11,translation_compensated,16,32,any,0,53820,14897,0,0,0,0,0,0.27679301374953547,0.7232069862504645,1.0
c11,translation_compensated,16,32,any,1,53820,21676,0,6779,0,0,0,0.4027499070977332,0.5972500929022668,1.4550580653822918
c11,translation_compensated,16,32,any,2,53820,26870,0,11973,0,0,0,0.4992567818654775,0.5007432181345225,1.8037188695710547
c11,translation_compensated,16,32,1_percent,0,53820,10529,0,0,0,0,0,0.19563359345968043,0.8043664065403195,1.0
c11,translation_compensated,16,32,1_percent,1,53820,17588,0,7059,0,0,0,0.3267930137495355,0.6732069862504645,1.6704340393199735
c11,translation_compensated,16,32,1_percent,2,53820,23062,0,12533,0,0,0,0.4285024154589372,0.5714975845410628,2.1903314654763038
c11,translation_compensated,16,32,5_percent,0,53820,5427,0,0,0,0,0,0.1008361204013378,0.8991638795986622,1.0
c11,translation_compensated,16,32,5_percent,1,53820,10631,0,5204,0,0,0,0.19752879970271275,0.8024712002972872,1.9589091579141331
c11,translation_compensated,16,32,5_percent,2,53820,15282,0,9855,0,0,0,0.2839464882943144,0.7160535117056857,2.81592039800995
c11,translation_compensated,16,32,10_percent,0,53820,3012,0,0,0,0,0,0.05596432552954292,0.9440356744704571,1.0
c11,translation_compensated,16,32,10_percent,1,53820,6637,0,3625,0,0,0,0.12331846897064289,0.8766815310293571,2.203519256308101
c11,translation_compensated,16,32,10_percent,2,53820,9994,0,6982,0,0,0,0.18569305091044222,0.8143069490895578,3.318061088977424
c11,translation_compensated,16,64,any,0,14352,4583,1794,0,0,0,0,0.3193283166109253,0.6806716833890747,1.0
c11,translation_compensated,16,64,any,1,14352,7350,1794,2767,0,0,0,0.512123745819398,0.487876254180602,1.6037530002181977
c11,translation_compensated,16,64,any,2,14352,9735,1794,5152,1,0,0,0.6783026755852842,0.32169732441471577,2.12415448396247
c11,translation_compensated,16,64,1_percent,0,14352,3119,1794,0,0,0,0,0.2173216276477146,0.7826783723522854,1.0
c11,translation_compensated,16,64,1_percent,1,14352,5908,1794,2789,0,0,0,0.41164994425863993,0.5883500557413601,1.8941968579672972
c11,translation_compensated,16,64,1_percent,2,14352,8385,1794,5266,1,0,0,0.5842391304347826,0.4157608695652174,2.688361654376403
c11,translation_compensated,16,64,5_percent,0,14352,1496,1794,0,0,0,0,0.10423634336677814,0.8957636566332219,1.0
c11,translation_compensated,16,64,5_percent,1,14352,3321,1794,1825,0,0,0,0.2313963210702341,0.7686036789297659,2.2199197860962565
c11,translation_compensated,16,64,5_percent,2,14352,5201,1794,3705,1,0,0,0.36238851727982163,0.6376114827201784,3.4766042780748663
c11,translation_compensated,16,64,10_percent,0,14352,804,1794,0,0,0,0,0.056020066889632104,0.9439799331103679,1.0
c11,translation_compensated,16,64,10_percent,1,14352,2028,1794,1224,0,0,0,0.14130434782608695,0.8586956521739131,2.5223880597014925
c11,translation_compensated,16,64,10_percent,2,14352,3247,1794,2443,1,0,0,0.22624024526198439,0.7737597547380156,4.038557213930348
c12,raw,0,8,any,0,1023360,1019944,0,0,164,163,39,0.996661976235147,0.0033380237648530375,1.0
c12,raw,0,8,any,1,1023360,1023160,0,3216,164,164,158,0.9998045653533458,0.00019543464665416899,1.0031531142886276
c12,raw,0,8,any,2,1023360,1023341,0,3397,164,164,162,0.9999814337085678,1.8566291432153825e-05,1.0033305750119614
c12,raw,0,8,1_percent,0,1023360,1019944,0,0,164,163,39,0.996661976235147,0.0033380237648530375,1.0
c12,raw,0,8,1_percent,1,1023360,1023160,0,3216,164,164,158,0.9998045653533458,0.00019543464665416899,1.0031531142886276
c12,raw,0,8,1_percent,2,1023360,1023341,0,3397,164,164,162,0.9999814337085678,1.8566291432153825e-05,1.0033305750119614
c12,raw,0,8,5_percent,0,1023360,1017045,0,0,163,163,8,0.993829151031895,0.006170848968105047,1.0
c12,raw,0,8,5_percent,1,1023360,1023051,0,6006,164,164,153,0.9996980534709193,0.00030194652908066555,1.0059053434213825
c12,raw,0,8,5_percent,2,1023360,1023333,0,6288,164,164,162,0.9999736163227017,2.638367729834723e-05,1.0061826172883206
c12,raw,0,8,10_percent,0,1023360,1012494,0,0,163,163,0,0.9893820356472796,0.010617964352720444,1.0
c12,raw,0,8,10_percent,1,1023360,1022869,0,10375,164,164,147,0.999520207942464,0.0004797920575360104,1.0102469743030575
c12,raw,0,8,10_percent,2,1023360,1023309,0,10815,164,164,162,0.9999501641651032,4.983583489681642e-05,1.0106815447795245
c12,raw,0,16,any,0,255840,255692,0,0,164,164,156,0.9994215134459037,0.0005784865540963136,1.0
c12,raw,0,16,any,1,255840,255838,0,146,164,164,163,0.9999921826141338,7.817385866193405e-06,1.000570999483754
c12,raw,0,16,any,2,255840,255840,0,148,164,164,164,1.0,0.0,1.0005788213944902
c12,raw,0,16,1_percent,0,255840,255639,0,0,164,164,152,0.9992143527204502,0.0007856472795497726,1.0
c12,raw,0,16,1_percent,1,255840,255837,0,198,164,164,163,0.9999882739212007,1.1726078799290107e-05,1.0007745297079085
c12,raw,0,16,1_percent,2,255840,255840,0,201,164,164,164,1.0,0.0,1.0007862650065131
c12,raw,0,16,5_percent,0,255840,255339,0,0,164,163,137,0.9980417448405253,0.0019582551594746755,1.0
c12,raw,0,16,5_percent,1,255840,255833,0,494,164,164,163,0.9999726391494684,2.7360850531565895e-05,1.001934682911737
c12,raw,0,16,5_percent,2,255840,255840,0,501,164,164,164,1.0,0.0,1.0019620974469234
c12,raw,0,16,10_percent,0,255840,254832,0,0,164,163,117,0.9960600375234522,0.00393996247654782,1.0
c12,raw,0,16,10_percent,1,255840,255780,0,948,164,164,160,0.999765478424015,0.000234521575985025,1.0037200979468826
c12,raw,0,16,10_percent,2,255840,255827,0,995,164,164,163,0.99994918699187,5.081300813003509e-05,1.0039045331826457
c12,raw,0,32,any,0,63960,63957,0,0,164,164,163,0.999953095684803,4.6904315197049407e-05,1.0
c12,raw,0,32,any,1,63960,63960,0,3,164,164,164,1.0,0.0,1.000046906515315
c12,raw,0,32,any,2,63960,63960,0,3,164,164,164,1.0,0.0,1.000046906515315
c12,raw,0,32,1_percent,0,63960,63948,0,0,164,164,160,0.999812382739212,0.00018761726078797558,1.0
c12,raw,0,32,1_percent,1,63960,63960,0,12,164,164,164,1.0,0.0,1.0001876524676299
c12,raw,0,32,1_percent,2,63960,63960,0,12,164,164,164,1.0,0.0,1.0001876524676299
c12,raw,0,32,5_percent,0,63960,63904,0,0,164,163,157,0.9991244527829893,0.0008755472170106637,1.0
c12,raw,0,32,5_percent,1,63960,63956,0,52,164,164,163,0.9999374609130707,6.25390869293252e-05,1.0008137205808714
c12,raw,0,32,5_percent,2,63960,63960,0,56,164,164,164,1.0,0.0,1.0008763144717077
c12,raw,0,32,10_percent,0,63960,63835,0,0,164,163,151,0.9980456535334584,0.001954346466541579,1.0
c12,raw,0,32,10_percent,1,63960,63946,0,111,164,164,163,0.9997811131957474,0.00021888680425263818,1.0017388579932638
c12,raw,0,32,10_percent,2,63960,63960,0,125,164,164,164,1.0,0.0,1.0019581734158378
c12,raw,0,64,any,0,17056,17056,2132,0,164,164,164,1.0,0.0,1.0
c12,raw,0,64,any,1,17056,17056,2132,0,164,164,164,1.0,0.0,1.0
c12,raw,0,64,any,2,17056,17056,2132,0,164,164,164,1.0,0.0,1.0
c12,raw,0,64,1_percent,0,17056,17056,2132,0,164,164,164,1.0,0.0,1.0
c12,raw,0,64,1_percent,1,17056,17056,2132,0,164,164,164,1.0,0.0,1.0
c12,raw,0,64,1_percent,2,17056,17056,2132,0,164,164,164,1.0,0.0,1.0
c12,raw,0,64,5_percent,0,17056,17052,2132,0,164,164,163,0.999765478424015,0.000234521575985025,1.0
c12,raw,0,64,5_percent,1,17056,17056,2132,4,164,164,164,1.0,0.0,1.0002345765892564
c12,raw,0,64,5_percent,2,17056,17056,2132,4,164,164,164,1.0,0.0,1.0002345765892564
c12,raw,0,64,10_percent,0,17056,17039,2132,0,164,163,160,0.9990032833020638,0.0009967166979362174,1.0
c12,raw,0,64,10_percent,1,17056,17056,2132,17,164,164,164,1.0,0.0,1.0009977111332824
c12,raw,0,64,10_percent,2,17056,17056,2132,17,164,164,164,1.0,0.0,1.0009977111332824
c12,raw,1,8,any,0,1023360,983104,0,0,163,148,0,0.9606629143214509,0.0393370856785491,1.0
c12,raw,1,8,any,1,1023360,1021132,0,38028,164,164,109,0.9978228580362727,0.0021771419637273137,1.03868156370028
c12,raw,1,8,any,2,1023360,1022916,0,39812,164,164,150,0.9995661350844278,0.00043386491557217965,1.0404962242041533
c12,raw,1,8,1_percent,0,1023360,983104,0,0,163,148,0,0.9606629143214509,0.0393370856785491,1.0
c12,raw,1,8,1_percent,1,1023360,1021132,0,38028,164,164,109,0.9978228580362727,0.0021771419637273137,1.03868156370028
c12,raw,1,8,1_percent,2,1023360,1022916,0,39812,164,164,150,0.9995661350844278,0.00043386491557217965,1.0404962242041533
c12,raw,1,8,5_percent,0,1023360,899399,0,0,150,76,0,0.8788686288305191,0.12113137116948092,1.0
c12,raw,1,8,5_percent,1,1023360,1006565,0,107166,164,163,20,0.983588375547217,0.01641162445278299,1.119152900992774
c12,raw,1,8,5_percent,2,1023360,1018279,0,118880,164,163,86,0.9950349828017511,0.004965017198248933,1.1321771538549632
c12,raw,1,8,10_percent,0,1023360,819395,0,0,128,19,0,0.8006908614759225,0.1993091385240775,1.0
c12,raw,1,8,10_percent,1,1023360,982527,0,163132,163,144,12,0.9600990853658536,0.039900914634146356,1.1990883517717341
c12,raw,1,8,10_percent,2,1023360,1009436,0,190041,164,162,23,0.9863938398999375,0.013606160100062548,1.2319284350038748
c12,raw,1,16,any,0,255840,254274,0,0,164,163,63,0.9938789868667918,0.006121013133208231,1.0
c12,raw,1,16,any,1,255840,255790,0,1516,164,164,156,0.9998045653533458,0.00019543464665416899,1.0059620724100773
c12,raw,1,16,any,2,255840,255840,0,1566,164,164,164,1.0,0.0,1.0061587106821774
c12,raw,1,16,1_percent,0,255840,251976,0,0,164,162,24,0.9848968105065666,0.015103189493433367,1.0
c12,raw,1,16,1_percent,1,255840,255600,0,3624,164,164,144,0.99906191369606,0.0009380863039399889,1.0143823221259167
c12,raw,1,16,1_percent,2,255840,255837,0,3861,164,164,162,0.9999882739212007,1.1726078799290107e-05,1.0153228878940852
c12,raw,1,16,5_percent,0,255840,238460,0,0,161,135,5,0.9320669168230143,0.06793308317698565,1.0
c12,raw,1,16,5_percent,1,255840,253285,0,14825,164,163,68,0.9900132895559725,0.009986710444027547,1.0621697559339092
c12,raw,1,16,5_percent,2,255840,255329,0,16869,164,163,136,0.9980026579111945,0.0019973420888055315,1.0707414241382203
c12,raw,1,16,10_percent,0,255840,217971,0,0,142,48,2,0.8519817073170731,0.14801829268292688,1.0
c12,raw,1,16,10_percent,1,255840,247917,0,29946,163,146,18,0.969031425891182,0.030968574108818037,1.1373852484963596
c12,raw,1,16,10_percent,2,255840,253477,0,35506,164,163,107,0.9907637585991245,0.009236241400875533,1.1628932289157732
c12,raw,1,32,any,0,63960,63894,0,0,164,164,150,0.998968105065666,0.0010318949343339767,1.0
c12,raw,1,32,any,1,63960,63960,0,66,164,164,164,1.0,0.0,1.0010329608413935
c12,raw,1,32,any,2,63960,63960,0,66,164,164,164,1.0,0.0,1.0010329608413935
c12,raw,1,32,1_percent,0,63960,63459,0,0,164,163,100,0.9921669793621013,0.007833020637898702,1.0
c12,raw,1,32,1_percent,1,63960,63949,0,490,164,164,163,0.9998280175109443,0.0001719824890556998,1.0077215209820514
c12,raw,1,32,1_percent,2,63960,63960,0,501,164,164,164,1.0,0.0,1.0078948612489955
c12,raw,1,32,5_percent,0,63960,61045,0,0,163,141,18,0.9544246404002501,0.0455753595997499,1.0
c12,raw,1,32,5_percent,1,63960,63663,0,2618,164,163,131,0.9953564727954972,0.004643527204502784,1.042886395282169
c12,raw,1,32,5_percent,2,63960,63918,0,2873,164,164,155,0.999343339587242,0.0006566604127580256,1.0470636415758867
c12,raw,1,32,10_percent,0,63960,57058,0,0,149,96,8,0.8920888055034396,0.10791119449656039,1.0
c12,raw,1,32,10_percent,1,63960,63112,0,6054,163,163,105,0.9867417135709818,0.013258286429018162,1.106102562305023
c12,raw,1,32,10_percent,2,63960,63771,0,6713,163,163,141,0.9970450281425891,0.002954971857410893,1.1176522135371025
c12,raw,1,64,any,0,17056,17056,2132,0,164,164,164,1.0,0.0,1.0
c12,raw,1,64,any,1,17056,17056,2132,0,164,164,164,1.0,0.0,1.0
c12,raw,1,64,any,2,17056,17056,2132,0,164,164,164,1.0,0.0,1.0
c12,raw,1,64,1_percent,0,17056,16992,2132,0,164,163,147,0.9962476547842402,0.0037523452157598447,1.0
c12,raw,1,64,1_percent,1,17056,17056,2132,64,164,164,164,1.0,0.0,1.0037664783427496
c12,raw,1,64,1_percent,2,17056,17056,2132,64,164,164,164,1.0,0.0,1.0037664783427496
c12,raw,1,64,5_percent,0,17056,16636,2132,0,163,153,79,0.975375234521576,0.02462476547842396,1.0
c12,raw,1,64,5_percent,1,17056,17036,2132,400,164,163,156,0.9988273921200751,0.001172607879924903,1.0240442414041837
c12,raw,1,64,5_percent,2,17056,17056,2132,420,164,164,164,1.0,0.0,1.0252464534743928
c12,raw,1,64,10_percent,0,17056,15932,2132,0,159,135,18,0.9340994371482176,0.06590056285178236,1.0
c12,raw,1,64,10_percent,1,17056,16987,2132,1055,163,163,145,0.9959545028142589,0.004045497185741098,1.0662189304544314
c12,raw,1,64,10_percent,2,17056,17026,2132,1094,163,163,163,0.9982410881801126,0.0017589118198874099,1.0686668340446899
c12,raw,2,8,any,0,1023360,819978,0,0,130,17,0,0.8012605534709193,0.1987394465290807,1.0
c12,raw,2,8,any,1,1023360,992941,0,172963,164,149,7,0.9702753674171357,0.029724632582864285,1.2109361470673603
c12,raw,2,8,any,2,1023360,1016051,0,196073,164,163,41,0.9928578408380238,0.007142159161976247,1.2391198300442208
c12,raw,2,8,1_percent,0,1023360,819978,0,0,130,17,0,0.8012605534709193,0.1987394465290807,1.0
c12,raw,2,8,1_percent,1,1023360,992941,0,172963,164,149,7,0.9702753674171357,0.029724632582864285,1.2109361470673603
c12,raw,2,8,1_percent,2,1023360,1016051,0,196073,164,163,41,0.9928578408380238,0.007142159161976247,1.2391198300442208
c12,raw,2,8,5_percent,0,1023360,631487,0,0,17,9,0,0.6170721935584741,0.3829278064415259,1.0
c12,raw,2,8,5_percent,1,1023360,881185,0,249698,145,62,3,0.8610703955597249,0.13892960444027513,1.3954127321702585
c12,raw,2,8,5_percent,2,1023360,961665,0,330178,160,139,9,0.9397132973733584,0.0602867026266416,1.5228579527369526
c12,raw,2,8,10_percent,0,1023360,526977,0,0,10,6,0,0.5149478189493434,0.4850521810506566,1.0
c12,raw,2,8,10_percent,1,1023360,784846,0,257869,108,13,0,0.7669305034396497,0.23306949656035025,1.489336346747581
c12,raw,2,8,10_percent,2,1023360,893867,0,366890,145,82,6,0.873462906504065,0.126537093495935,1.6962163434077768
c12,raw,2,16,any,0,255840,238526,0,0,160,137,5,0.9323248905565978,0.06767510944340216,1.0
c12,raw,2,16,any,1,255840,254900,0,16374,164,164,101,0.9963258286429019,0.0036741713570981327,1.0686466045630245
c12,raw,2,16,any,2,255840,255767,0,17241,164,164,153,0.9997146654158849,0.0002853345841150601,1.072281428439667
c12,raw,2,16,1_percent,0,255840,221693,0,0,145,71,3,0.8665298624140088,0.13347013758599124,1.0
c12,raw,2,16,1_percent,1,255840,251452,0,29759,163,157,23,0.9828486554096311,0.017151344590368933,1.134235181083751
c12,raw,2,16,1_percent,2,255840,255179,0,33486,164,163,121,0.9974163539712321,0.0025836460287679275,1.1510467177583414
c12,raw,2,16,5_percent,0,255840,175552,0,0,40,11,0,0.6861788617886179,0.31382113821138213,1.0
c12,raw,2,16,5_percent,1,255840,229332,0,53780,148,112,10,0.8963883677298311,0.1036116322701689,1.3063479766678818
c12,raw,2,16,5_percent,2,255840,246341,0,70789,161,147,17,0.9628713258286429,0.03712867417135712,1.4032366478308422
c12,raw,2,16,10_percent,0,255840,141065,0,0,12,9,0,0.5513797686053784,0.4486202313946216,1.0
c12,raw,2,16,10_percent,1,255840,202844,0,61779,118,22,8,0.7928549093183239,0.20714509068167608,1.437947045688158
c12,raw,2,16,10_percent,2,255840,229957,0,88892,146,110,10,0.8988313008130081,0.1011686991869919,1.6301492219898628
c12,raw,2,32,any,0,63960,63043,0,0,164,162,52,0.9856629143214509,0.014337085678549077,1.0
c12,raw,2,32,any,1,63960,63952,0,909,164,164,162,0.9998749218261413,0.0001250781738586504,1.0144187300731247
c12,raw,2,32,any,2,63960,63960,0,917,164,164,164,1.0,0.0,1.0145456275875195
c12,raw,2,32,1_percent,0,63960,58337,0,0,151,122,6,0.9120856785490932,0.08791432145090683,1.0
c12,raw,2,32,1_percent,1,63960,63468,0,5131,163,163,117,0.9923076923076923,0.007692307692307665,1.087954471433224
c12,raw,2,32,1_percent,2,63960,63893,0,5556,164,163,153,0.9989524702939337,0.0010475297060662525,1.095239727788539
c12,raw,2,32,5_percent,0,63960,46804,0,0,80,13,4,0.7317698561601,0.26823014383989996,1.0
c12,raw,2,32,5_percent,1,63960,59685,0,12881,152,130,16,0.9331613508442776,0.06683864915572235,1.2752115203828733
c12,raw,2,32,5_percent,2,63960,62615,0,15811,163,152,94,0.9789712320200125,0.02102876797998754,1.3378130074352619
c12,raw,2,32,10_percent,0,63960,37549,0,0,16,9,0,0.5870700437773608,0.41292995622263917,1.0
c12,raw,2,32,10_percent,1,63960,54162,0,16613,132,67,11,0.8468105065666042,0.15318949343339583,1.4424352179818372
c12,raw,2,32,10_percent,2,63960,60187,0,22638,160,129,33,0.9410100062539087,0.05898999374609126,1.602892220831447
c12,raw,2,64,any,0,17056,17038,2132,0,164,164,150,0.9989446529080676,0.001055347091932446,1.0
c12,raw,2,64,any,1,17056,17056,2132,18,164,164,164,1.0,0.0,1.0010564620260594
c12,raw,2,64,any,2,17056,17056,2132,18,164,164,164,1.0,0.0,1.0010564620260594
c12,raw,2,64,1_percent,0,17056,16289,2132,0,162,142,33,0.9550304878048781,0.04496951219512191,1.0
c12,raw,2,64,1_percent,1,17056,17012,2132,723,164,163,152,0.9974202626641651,0.002579737335834942,1.0443857818159494
c12,raw,2,64,1_percent,2,17056,17053,2132,764,164,164,163,0.9998241088180112,0.0001758911819887965,1.0469028178525386
c12,raw,2,64,5_percent,0,17056,13549,2132,0,125,28,10,0.7943832082551595,0.2056167917448405,1.0
c12,raw,2,64,5_percent,1,17056,16481,2132,2932,159,144,89,0.9662875234521576,0.033712476547842374,1.2163997342977342
c12,raw,2,64,5_percent,2,17056,16980,2132,3431,163,161,158,0.9955440900562852,0.004455909943714809,1.2532290205919256
c12,raw,2,64,10_percent,0,17056,10608,2132,0,30,10,6,0.6219512195121951,0.3780487804878049,1.0
c12,raw,2,64,10_percent,1,17056,15061,2132,4453,137,84,30,0.883032363977486,0.11696763602251403,1.4197775263951735
c12,raw,2,64,10_percent,2,17056,16559,2132,5951,162,144,109,0.9708606941838649,0.029139305816135108,1.5609917043740573
c12,raw,4,8,any,0,1023360,444310,0,0,5,1,0,0.4341678392745466,0.5658321607254534,1.0
c12,raw,4,8,any,1,1023360,727233,0,282923,59,12,0,0.7106326219512196,0.28936737804878043,1.6367693727352524
c12,raw,4,8,any,2,1023360,867127,0,422817,139,58,1,0.847333294246404,0.15266670575359598,1.9516261169003624
c12,raw,4,8,1_percent,0,1023360,444310,0,0,5,1,0,0.4341678392745466,0.5658321607254534,1.0
c12,raw,4,8,1_percent,1,1023360,727233,0,282923,59,12,0,0.7106326219512196,0.28936737804878043,1.6367693727352524
c12,raw,4,8,1_percent,2,1023360,867127,0,422817,139,58,1,0.847333294246404,0.15266670575359598,1.9516261169003624
c12,raw,4,8,5_percent,0,1023360,336354,0,0,1,0,0,0.32867612570356475,0.6713238742964353,1.0
c12,raw,4,8,5_percent,1,1023360,508439,0,172085,8,4,0,0.49683298155096933,0.5031670184490307,1.5116187112387545
c12,raw,4,8,5_percent,2,1023360,634337,0,297983,17,6,0,0.6198571372732958,0.38014286272670417,1.8859207858387295
c12,raw,4,8,10_percent,0,1023360,304007,0,0,0,0,0,0.29706750312695435,0.7029324968730457,1.0
c12,raw,4,8,10_percent,1,1023360,445773,0,141766,4,2,0,0.4355974437148218,0.5644025562851782,1.4663247885739472
c12,raw,4,8,10_percent,2,1023360,545745,0,241738,8,4,0,0.5332874061913696,0.4667125938086304,1.7951724795810622
c12,raw,4,16,any,0,255840,153632,0,0,16,6,0,0.6005003126954347,0.3994996873045653,1.0
c12,raw,4,16,any,1,255840,227670,0,74038,148,96,6,0.8898921200750469,0.11010787992495308,1.4819178296188293
c12,raw,4,16,any,2,255840,248708,0,95076,163,151,23,0.9721232020012508,0.027876797998749203,1.6188554467819205
c12,raw,4,16,1_percent,0,255840,124052,0,0,7,4,0,0.48488117573483425,0.5151188242651658,1.0
c12,raw,4,16,1_percent,1,255840,195086,0,71034,90,20,2,0.7625312695434646,0.23746873045653538,1.5726147099603391
c12,raw,4,16,1_percent,2,255840,230914,0,106862,155,100,8,0.9025719199499688,0.09742808005003123,1.8614290781285268
c12,raw,4,16,5_percent,0,255840,94736,0,0,4,0,0,0.37029393370856784,0.6297060662914322,1.0
c12,raw,4,16,5_percent,1,255840,140479,0,45743,9,5,0,0.5490892745465916,0.4509107254534084,1.482847069751731
c12,raw,4,16,5_percent,2,255840,172467,0,77731,32,9,2,0.6741205440900563,0.3258794559099437,1.820501182232731
c12,raw,4,16,10_percent,0,255840,84673,0,0,0,0,0,0.33096075672295183,0.6690392432770482,1.0
c12,raw,4,16,10_percent,1,255840,125802,0,41129,4,2,0,0.49172138836772983,0.5082786116322702,1.4857392557249653
c12,raw,4,16,10_percent,2,255840,153290,0,68617,8,4,0,0.5991635397123202,0.40083646028767983,1.8103763891677394
c12,raw,4,32,any,0,63960,50700,0,0,121,27,3,0.7926829268292683,0.20731707317073167,1.0
c12,raw,4,32,any,1,63960,63000,0,12300,163,160,64,0.9849906191369606,0.015009380863039379,1.242603550295858
c12,raw,4,32,any,2,63960,63833,0,13133,164,163,145,0.9980143839899938,0.0019856160100062414,1.2590335305719922
c12,raw,4,32,1_percent,0,63960,34387,0,0,11,5,0,0.5376328955597248,0.4623671044402752,1.0
c12,raw,4,32,1_percent,1,63960,52466,0,18079,123,42,5,0.8202939337085678,0.17970606629143215,1.5257510105563148
c12,raw,4,32,1_percent,2,63960,59925,0,25538,161,124,23,0.9369136960600375,0.06308630393996251,1.7426643789804286
c12,raw,4,32,5_percent,0,63960,26637,0,0,4,1,0,0.4164634146341463,0.5835365853658536,1.0
c12,raw,4,32,5_percent,1,63960,40603,0,13966,10,6,1,0.6348186366479049,0.36518136335209506,1.5243082929759357
c12,raw,4,32,5_percent,2,63960,48970,0,22333,96,12,4,0.7656347717323327,0.23436522826766726,1.8384202425198033
c12,raw,4,32,10_percent,0,63960,23817,0,0,1,0,0,0.3723733583489681,0.6276266416510319,1.0
c12,raw,4,32,10_percent,1,63960,37791,0,13974,7,3,0,0.5908536585365853,0.40914634146341466,1.5867237687366167
c12,raw,4,32,10_percent,2,63960,45434,0,21617,46,7,2,0.7103502188868043,0.2896497811131957,1.9076290044925894
c12,raw,4,64,any,0,17056,15981,2132,0,158,133,15,0.9369723264540337,0.06302767354596628,1.0
c12,raw,4,64,any,1,17056,17037,2132,1056,164,164,160,0.9988860225140713,0.0011139774859286744,1.066078468180965
c12,raw,4,64,any,2,17056,17056,2132,1075,164,164,164,1.0,0.0,1.0672673800137664
c12,raw,4,64,1_percent,0,17056,9985,2132,0,16,8,3,0.5854244840525328,0.4145755159474672,1.0
c12,raw,4,64,1_percent,1,17056,14673,2132,4688,145,64,20,0.8602837711069419,0.13971622889305813,1.4695042563845768
c12,raw,4,64,1_percent,2,17056,16561,2132,6576,162,155,86,0.9709779549718575,0.02902204502814254,1.6585878818227342
c12,raw,4,64,5_percent,0,17056,7843,2132,0,4,3,0,0.4598381801125704,0.5401618198874296,1.0
c12,raw,4,64,5_percent,1,17056,12043,2132,4200,24,8,3,0.7060858348968105,0.29391416510318946,1.5355093714139998
c12,raw,4,64,5_percent,2,17056,14849,2132,7006,161,47,11,0.8706027204502814,0.12939727954971858,1.8932806324110671
c12,raw,4,64,10_percent,0,17056,6906,2132,0,3,0,0,0.4049015009380863,0.5950984990619137,1.0
c12,raw,4,64,10_percent,1,17056,11501,2132,4595,13,5,3,0.6743081613508443,0.32569183864915574,1.6653634520706633
c12,raw,4,64,10_percent,2,17056,14429,2132,7523,156,19,6,0.8459779549718575,0.15402204502814254,2.089342600637127
c12,raw,8,8,any,0,1023360,272859,0,0,0,0,0,0.26663051125703563,0.7333694887429644,1.0
c12,raw,8,8,any,1,1023360,414367,0,141508,0,0,0,0.4049083411507192,0.5950916588492807,1.5186121769851828
c12,raw,8,8,any,2,1023360,526820,0,253961,1,0,0,0.5147944027517198,0.48520559724828016,1.9307407855339205
c12,raw,8,8,1_percent,0,1023360,272859,0,0,0,0,0,0.26663051125703563,0.7333694887429644,1.0
c12,raw,8,8,1_percent,1,1023360,414367,0,141508,0,0,0,0.4049083411507192,0.5950916588492807,1.5186121769851828
c12,raw,8,8,1_percent,2,1023360,526820,0,253961,1,0,0,0.5147944027517198,0.48520559724828016,1.9307407855339205
c12,raw,8,8,5_percent,0,1023360,242809,0,0,0,0,0,0.2372664555972483,0.7627335444027517,1.0
c12,raw,8,8,5_percent,1,1023360,364210,0,121401,0,0,0,0.355896263289556,0.6441037367104441,1.4999855853778072
c12,raw,8,8,5_percent,2,1023360,452081,0,209272,0,0,0,0.4417614524702939,0.558238547529706,1.8618790901490472
c12,raw,8,8,10_percent,0,1023360,226256,0,0,0,0,0,0.22109130706691682,0.7789086929330832,1.0
c12,raw,8,8,10_percent,1,1023360,345029,0,118773,0,0,0,0.33715310350218886,0.6628468964978111,1.524949614595856
c12,raw,8,8,10_percent,2,1023360,425158,0,198902,0,0,0,0.4154530175109443,0.5845469824890557,1.8791015486882117
c12,raw,8,16,any,0,255840,88055,0,0,0,0,0,0.34417995622263914,0.6558200437773609,1.0
c12,raw,8,16,any,1,255840,144586,0,56531,3,0,0,0.5651422764227643,0.43485772357723573,1.6419964794730566
c12,raw,8,16,any,2,255840,186993,0,98938,64,7,0,0.7308982176360225,0.2691017823639775,2.123593208789961
c12,raw,8,16,1_percent,0,255840,81332,0,0,0,0,0,0.31790181363352094,0.682098186366479,1.0
c12,raw,8,16,1_percent,1,255840,128986,0,47654,0,0,0,0.5041666666666667,0.49583333333333335,1.5859194413023163
c12,raw,8,16,1_percent,2,255840,166196,0,84864,6,1,0,0.6496091307066917,0.3503908692933083,2.0434269414252695
c12,raw,8,16,5_percent,0,255840,72009,0,0,0,0,0,0.2814610694183865,0.7185389305816134,1.0
c12,raw,8,16,5_percent,1,255840,111621,0,39612,0,0,0,0.4362922138836773,0.5637077861163227,1.5500979044286132
c12,raw,8,16,5_percent,2,255840,140033,0,68024,0,0,0,0.5473459974984365,0.4526540025015635,1.9446596953158632
c12,raw,8,16,10_percent,0,255840,65419,0,0,0,0,0,0.2557027829893684,0.7442972170106317,1.0
c12,raw,8,16,10_percent,1,255840,104784,0,39365,0,0,0,0.4095684803001876,0.5904315196998124,1.6017364985707516
c12,raw,8,16,10_percent,2,255840,132412,0,66993,0,0,0,0.5175578486554097,0.48244215134459034,2.0240602882954493
c12,raw,8,32,any,0,63960,29531,0,0,0,0,0,0.4617104440275172,0.5382895559724827,1.0
c12,raw,8,32,any,1,63960,50707,0,21176,108,22,0,0.7927923702313946,0.2072076297686054,1.717076969963767
c12,raw,8,32,any,2,63960,59654,0,30123,162,128,6,0.9326766729205753,0.06732332707942468,2.020046730554333
c12,raw,8,32,1_percent,0,63960,24381,0,0,0,0,0,0.38119136960600375,0.6188086303939963,1.0
c12,raw,8,32,1_percent,1,63960,39521,0,15140,0,0,0,0.6179018136335209,0.3820981863664791,1.62097534965752
c12,raw,8,32,1_percent,2,63960,49229,0,24848,107,1,0,0.7696841776110068,0.23031582238899317,2.019154259464337
c12,raw,8,32,5_percent,0,63960,21238,0,0,0,0,0,0.33205128205128204,0.667948717948718,1.0
c12,raw,8,32,5_percent,1,63960,35285,0,14047,0,0,0,0.5516729205753595,0.44832707942464045,1.661408795555137
c12,raw,8,32,5_percent,2,63960,43162,0,21924,28,0,0,0.6748280175109443,0.32517198248905566,2.032300593276203
c12,raw,8,32,10_percent,0,63960,18755,0,0,0,0,0,0.2932301438398999,0.7067698561601001,1.0
c12,raw,8,32,10_percent,1,63960,33066,0,14311,0,0,0,0.5169793621013133,0.48302063789868666,1.763049853372434
c12,raw,8,32,10_percent,2,63960,41579,0,22824,20,0,0,0.6500781738586616,0.3499218261413384,2.2169554785390564
c12,raw,8,64,any,0,17056,10465,2132,0,13,0,0,0.6135670731707317,0.38643292682926833,1.0
c12,raw,8,64,any,1,17056,15923,2132,5458,163,133,10,0.9335717636022514,0.06642823639774864,1.5215480172001912
c12,raw,8,64,any,2,17056,17039,2132,6574,164,164,155,0.9990032833020638,0.0009967166979362174,1.6281892021022455
c12,raw,8,64,1_percent,0,17056,7486,2132,0,0,0,0,0.43890712945590993,0.5610928705440901,1.0
c12,raw,8,64,1_percent,1,17056,11816,2132,4330,17,0,0,0.6927767354596623,0.30722326454033766,1.5784130376703178
c12,raw,8,64,1_percent,2,17056,14836,2132,7350,157,44,0,0.8698405253283302,0.13015947467166977,1.98183275447502
c12,raw,8,64,5_percent,0,17056,6384,2132,0,0,0,0,0.37429643527204504,0.625703564727955,1.0
c12,raw,8,64,5_percent,1,17056,10999,2132,4615,2,0,0,0.644875703564728,0.355124296435272,1.7229010025062657
c12,raw,8,64,5_percent,2,17056,14121,2132,7737,151,13,0,0.8279197936210131,0.1720802063789869,2.211936090225564
c12,raw,8,64,10_percent,0,17056,5423,2132,0,0,0,0,0.317952626641651,0.682047373358349,1.0
c12,raw,8,64,10_percent,1,17056,10287,2132,4864,0,0,0,0.6031308630393997,0.39686913696060033,1.8969205236953717
c12,raw,8,64,10_percent,2,17056,13642,2132,8219,141,2,0,0.7998358348968105,0.20016416510318946,2.5155817813018624
c12,raw,16,8,any,0,1023360,201252,0,0,0,0,0,0.19665806754221388,0.8033419324577862,1.0
c12,raw,16,8,any,1,1023360,314776,0,113524,0,0,0,0.30759068167604753,0.6924093183239525,1.564088804086419
c12,raw,16,8,any,2,1023360,397536,0,196284,0,0,0,0.38846153846153847,0.6115384615384616,1.9753145310357165
c12,raw,16,8,1_percent,0,1023360,201252,0,0,0,0,0,0.19665806754221388,0.8033419324577862,1.0
c12,raw,16,8,1_percent,1,1023360,314776,0,113524,0,0,0,0.30759068167604753,0.6924093183239525,1.564088804086419
c12,raw,16,8,1_percent,2,1023360,397536,0,196284,0,0,0,0.38846153846153847,0.6115384615384616,1.9753145310357165
c12,raw,16,8,5_percent,0,1023360,180184,0,0,0,0,0,0.1760709818636648,0.8239290181363352,1.0
c12,raw,16,8,5_percent,1,1023360,291844,0,111660,0,0,0,0.2851821450906817,0.7148178549093183,1.619699862362918
c12,raw,16,8,5_percent,2,1023360,368670,0,188486,0,0,0,0.3602544559099437,0.6397455440900564,2.046075123207388
c12,raw,16,8,10_percent,0,1023360,165478,0,0,0,0,0,0.16170067229518448,0.8382993277048155,1.0
c12,raw,16,8,10_percent,1,1023360,278247,0,112769,0,0,0,0.2718955206378987,0.7281044793621013,1.6814742745259188
c12,raw,16,8,10_percent,2,1023360,353064,0,187586,0,0,0,0.3450046904315197,0.6549953095684803,2.1336008411994345
c12,raw,16,16,any,0,255840,66599,0,0,0,0,0,0.2603150406504065,0.7396849593495936,1.0
c12,raw,16,16,any,1,255840,108936,0,42337,0,0,0,0.42579737335834894,0.5742026266416511,1.6357002357392754
c12,raw,16,16,any,2,255840,142207,0,75608,0,0,0,0.5558434959349593,0.4441565040650407,2.1352723013859065
c12,raw,16,16,1_percent,0,255840,63096,0,0,0,0,0,0.24662288930581613,0.7533771106941839,1.0
c12,raw,16,16,1_percent,1,255840,103339,0,40243,0,0,0,0.4039204190118824,0.5960795809881176,1.63780588309877
c12,raw,16,16,1_percent,2,255840,134053,0,70957,0,0,0,0.5239720137585991,0.47602798624140086,2.1245879295042474
c12,raw,16,16,5_percent,0,255840,55945,0,0,0,0,0,0.21867182614133834,0.7813281738586617,1.0
c12,raw,16,16,5_percent,1,255840,94386,0,38441,0,0,0,0.36892589118198876,0.6310741088180112,1.687121279828403
c12,raw,16,16,5_percent,2,255840,122887,0,66942,0,0,0,0.48032754846779235,0.5196724515322076,2.1965680579140225
c12,raw,16,16,10_percent,0,255840,49295,0,0,0,0,0,0.1926790181363352,0.8073209818636649,1.0
c12,raw,16,16,10_percent,1,255840,87720,0,38425,0,0,0,0.3428705440900563,0.6571294559099436,1.7794908205700375
c12,raw,16,16,10_percent,2,255840,116707,0,67412,0,0,0,0.45617182614133833,0.5438281738586617,2.3675220610609595
c12,raw,16,32,any,0,63960,22432,0,0,0,0,0,0.35071919949968733,0.6492808005003127,1.0
c12,raw,16,32,any,1,63960,39017,0,16585,4,0,0,0.6100218886804253,0.3899781113195747,1.7393455777460771
c12,raw,16,32,any,2,63960,48993,0,26561,91,6,0,0.7659943714821763,0.2340056285178237,2.1840674037089873
c12,raw,16,32,1_percent,0,63960,19932,0,0,0,0,0,0.31163227016885553,0.6883677298311445,1.0
c12,raw,16,32,1_percent,1,63960,34107,0,14175,0,0,0,0.5332551594746717,0.4667448405253283,1.711167971101746
c12,raw,16,32,1_percent,2,63960,41954,0,22022,18,0,0,0.6559412132582865,0.34405878674171353,2.1048565121412803
c12,raw,16,32,5_percent,0,63960,17006,0,0,0,0,0,0.26588492808005004,0.73411507191995,1.0
c12,raw,16,32,5_percent,1,63960,31453,0,14447,0,0,0,0.4917604752970607,0.5082395247029393,1.849523697518523
c12,raw,16,32,5_percent,2,63960,40022,0,23016,9,0,0,0.6257348342714196,0.3742651657285804,2.3534046807009292
c12,raw,16,32,10_percent,0,63960,14039,0,0,0,0,0,0.2194965603502189,0.7805034396497811,1.0
c12,raw,16,32,10_percent,1,63960,28119,0,14080,0,0,0,0.4396341463414634,0.5603658536585365,2.002920435928485
c12,raw,16,32,10_percent,2,63960,37353,0,23314,2,0,0,0.5840056285178237,0.41599437148217633,2.66065959113897
c12,raw,16,64,any,0,17056,7801,2132,0,0,0,0,0.45737570356472795,0.5426242964352721,1.0
c12,raw,16,64,any,1,17056,13361,2132,5560,109,16,0,0.7833606941838649,0.2166393058161351,1.712729137290091
c12,raw,16,64,any,2,17056,15945,2132,8144,160,127,34,0.9348616322701688,0.06513836772983117,2.043968721958723
c12,raw,16,64,1_percent,0,17056,6519,2132,0,0,0,0,0.38221153846153844,0.6177884615384616,1.0
c12,raw,16,64,1_percent,1,17056,10981,2132,4462,5,0,0,0.6438203564727955,0.35617964352720455,1.6844608068722198
c12,raw,16,64,1_percent,2,17056,14103,2132,7584,147,13,0,0.8268644465290806,0.17313555347091936,2.1633686148182236
c12,raw,16,64,5_percent,0,17056,5131,2132,0,0,0,0,0.3008325515947467,0.6991674484052532,1.0
c12,raw,16,64,5_percent,1,17056,10073,2132,4942,0,0,0,0.5905839587242027,0.40941604127579734,1.9631650750341063
c12,raw,16,64,5_percent,2,17056,13422,2132,8291,129,3,0,0.786937148217636,0.21306285178236395,2.6158643539271096
c12,raw,16,64,10_percent,0,17056,3991,2132,0,0,0,0,0.2339939024390244,0.7660060975609756,1.0
c12,raw,16,64,10_percent,1,17056,8813,2132,4822,0,0,0,0.5167096622889306,0.48329033771106944,2.2082184916061136
c12,raw,16,64,10_percent,2,17056,12307,2132,8316,100,0,0,0.7215642589118199,0.27843574108818014,3.083688298672012
c12,translation_compensated,0,8,any,0,1023360,1020784,0,0,164,163,49,0.9974828017510944,0.0025171982489056166,1.0
c12,translation_compensated,0,8,any,1,1023360,1023193,0,2409,164,164,161,0.9998368120700438,0.0001631879299561767,1.0023599507829277
c12,translation_compensated,0,8,any,2,1023360,1023346,0,2562,164,164,163,0.9999863195747342,1.3680425265838458e-05,1.00250983557736
c12,translation_compensated,0,8,1_percent,0,1023360,1020784,0,0,164,163,49,0.9974828017510944,0.0025171982489056166,1.0
c12,translation_compensated,0,8,1_percent,1,1023360,1023193,0,2409,164,164,161,0.9998368120700438,0.0001631879299561767,1.0023599507829277
c12,translation_compensated,0,8,1_percent,2,1023360,1023346,0,2562,164,164,163,0.9999863195747342,1.3680425265838458e-05,1.00250983557736
c12,translation_compensated,0,8,5_percent,0,1023360,1018146,0,0,163,163,8,0.9949050187617261,0.005094981238273899,1.0
c12,translation_compensated,0,8,5_percent,1,1023360,1023106,0,4960,164,164,156,0.9997517979987492,0.0002482020012507524,1.0048715999473552
c12,translation_compensated,0,8,5_percent,2,1023360,1023340,0,5194,164,164,163,0.9999804565353346,1.954346466537249e-05,1.0051014294610008
c12,translation_compensated,0,8,10_percent,0,1023360,1013372,0,0,163,163,0,0.9902399937460913,0.009760006253908715,1.0
c12,translation_compensated,0,8,10_percent,1,1023360,1022979,0,9607,164,164,150,0.9996276969981238,0.00037230300187618415,1.009480230359631
c12,translation_compensated,0,8,10_percent,2,1023360,1023321,0,9949,164,164,163,0.9999618902439025,3.8109756097526315e-05,1.009817717481833
c12,translation_compensated,0,16,any,0,255840,255713,0,0,164,164,159,0.9995035959974984,0.0004964040025016159,1.0
c12,translation_compensated,0,16,any,1,255840,255838,0,125,164,164,163,0.9999921826141338,7.817385866193405e-06,1.0004888292734433
c12,translation_compensated,0,16,any,2,255840,255840,0,127,164,164,164,1.0,0.0,1.0004966505418185
c12,translation_compensated,0,16,1_percent,0,255840,255674,0,0,164,164,153,0.9993511569731082,0.0006488430268918322,1.0
c12,translation_compensated,0,16,1_percent,1,255840,255837,0,163,164,164,163,0.9999882739212007,1.1726078799290107e-05,1.0006375306053803
c12,translation_compensated,0,16,1_percent,2,255840,255840,0,166,164,164,164,1.0,0.0,1.0006492642975038
c12,translation_compensated,0,16,5_percent,0,255840,255455,0,0,164,163,143,0.998495153220763,0.0015048467792370124,1.0
c12,translation_compensated,0,16,5_percent,1,255840,255833,0,378,164,164,163,0.9999726391494684,2.7360850531565895e-05,1.0014797126695505
c12,translation_compensated,0,16,5_percent,2,255840,255840,0,385,164,164,164,1.0,0.0,1.0015071147560235
c12,translation_compensated,0,16,10_percent,0,255840,255037,0,0,164,163,124,0.9968613195747342,0.003138680425265772,1.0
c12,translation_compensated,0,16,10_percent,1,255840,255787,0,750,164,164,162,0.9997928392745465,0.0002071607254534591,1.0029407497735623
c12,translation_compensated,0,16,10_percent,2,255840,255827,0,790,164,164,163,0.99994918699187,5.081300813003509e-05,1.0030975897614856
c12,translation_compensated,0,32,any,0,63960,63957,0,0,164,164,163,0.999953095684803,4.6904315197049407e-05,1.0
c12,translation_compensated,0,32,any,1,63960,63960,0,3,164,164,164,1.0,0.0,1.000046906515315
c12,translation_compensated,0,32,any,2,63960,63960,0,3,164,164,164,1.0,0.0,1.000046906515315
c12,translation_compensated,0,32,1_percent,0,63960,63951,0,0,164,164,162,0.999859287054409,0.0001407129455910372,1.0
c12,translation_compensated,0,32,1_percent,1,63960,63960,0,9,164,164,164,1.0,0.0,1.0001407327485106
c12,translation_compensated,0,32,1_percent,2,63960,63960,0,9,164,164,164,1.0,0.0,1.0001407327485106
c12,translation_compensated,0,32,5_percent,0,63960,63912,0,0,164,163,160,0.999249530956848,0.0007504690431520133,1.0
c12,translation_compensated,0,32,5_percent,1,63960,63956,0,44,164,164,163,0.9999374609130707,6.25390869293252e-05,1.0006884466140944
c12,translation_compensated,0,32,5_percent,2,63960,63960,0,48,164,164,164,1.0,0.0,1.0007510326699212
c12,translation_compensated,0,32,10_percent,0,63960,63853,0,0,164,163,153,0.9983270794246404,0.0016729205753596155,1.0
c12,translation_compensated,0,32,10_percent,1,63960,63946,0,93,164,164,163,0.9997811131957474,0.00021888680425263818,1.00145647033029
c12,translation_compensated,0,32,10_percent,2,63960,63960,0,107,164,164,164,1.0,0.0,1.001675723928398
c12,translation_compensated,0,64,any,0,17056,17056,2132,0,164,164,164,1.0,0.0,1.0
c12,translation_compensated,0,64,any,1,17056,17056,2132,0,164,164,164,1.0,0.0,1.0
c12,translation_compensated,0,64,any,2,17056,17056,2132,0,164,164,164,1.0,0.0,1.0
c12,translation_compensated,0,64,1_percent,0,17056,17056,2132,0,164,164,164,1.0,0.0,1.0
c12,translation_compensated,0,64,1_percent,1,17056,17056,2132,0,164,164,164,1.0,0.0,1.0
c12,translation_compensated,0,64,1_percent,2,17056,17056,2132,0,164,164,164,1.0,0.0,1.0
c12,translation_compensated,0,64,5_percent,0,17056,17052,2132,0,164,164,163,0.999765478424015,0.000234521575985025,1.0
c12,translation_compensated,0,64,5_percent,1,17056,17056,2132,4,164,164,164,1.0,0.0,1.0002345765892564
c12,translation_compensated,0,64,5_percent,2,17056,17056,2132,4,164,164,164,1.0,0.0,1.0002345765892564
c12,translation_compensated,0,64,10_percent,0,17056,17040,2132,0,164,163,161,0.99906191369606,0.0009380863039399889,1.0
c12,translation_compensated,0,64,10_percent,1,17056,17056,2132,16,164,164,164,1.0,0.0,1.0009389671361502
c12,translation_compensated,0,64,10_percent,2,17056,17056,2132,16,164,164,164,1.0,0.0,1.0009389671361502
c12,translation_compensated,1,8,any,0,1023360,978270,0,0,163,145,0,0.9559392589118199,0.044060741088180144,1.0
c12,translation_compensated,1,8,any,1,1023360,1021173,0,42903,164,164,108,0.9978629221388368,0.002137077861163239,1.0438559906774203
c12,translation_compensated,1,8,any,2,1023360,1022853,0,44583,164,164,147,0.9995045731707317,0.0004954268292682862,1.0455733079824587
c12,translation_compensated,1,8,1_percent,0,1023360,978270,0,0,163,145,0,0.9559392589118199,0.044060741088180144,1.0
c12,translation_compensated,1,8,1_percent,1,1023360,1021173,0,42903,164,164,108,0.9978629221388368,0.002137077861163239,1.0438559906774203
c12,translation_compensated,1,8,1_percent,2,1023360,1022853,0,44583,164,164,147,0.9995045731707317,0.0004954268292682862,1.0455733079824587
c12,translation_compensated,1,8,5_percent,0,1023360,881913,0,0,145,61,0,0.8617817776735459,0.1382182223264541,1.0
c12,translation_compensated,1,8,5_percent,1,1023360,1003340,0,121427,164,160,21,0.9804369918699187,0.019563008130081272,1.1376859168648155
c12,translation_compensated,1,8,5_percent,2,1023360,1017644,0,135731,164,163,74,0.9944144777986241,0.00558552220137587,1.153905203801282
c12,translation_compensated,1,8,10_percent,0,1023360,794693,0,0,107,18,0,0.7765527282676673,0.2234472717323327,1.0
c12,translation_compensated,1,8,10_percent,1,1023360,972802,0,178109,162,141,11,0.9505960756722952,0.049403924327704796,1.2241230261245537
c12,translation_compensated,1,8,10_percent,2,1023360,1005492,0,210799,164,160,24,0.9825398686679174,0.017460131332082574,1.26525840796383
c12,translation_compensated,1,16,any,0,255840,254225,0,0,164,163,60,0.9936874609130707,0.006312539086929303,1.0
c12,translation_compensated,1,16,any,1,255840,255775,0,1550,164,164,154,0.9997459349593496,0.0002540650406503975,1.006096961353132
c12,translation_compensated,1,16,any,2,255840,255840,0,1615,164,164,164,1.0,0.0,1.0063526403776182
c12,translation_compensated,1,16,1_percent,0,255840,251445,0,0,164,162,24,0.9828212945590994,0.01717870544090061,1.0
c12,translation_compensated,1,16,1_percent,1,255840,255587,0,4142,164,164,145,0.99901110068793,0.000988899312070024,1.0164727872894668
c12,translation_compensated,1,16,1_percent,2,255840,255836,0,4391,164,164,161,0.9999843652282676,1.563477173238681e-05,1.0174630634930104
c12,translation_compensated,1,16,5_percent,0,255840,235184,0,0,158,123,4,0.9192620387742338,0.08073796122576615,1.0
c12,translation_compensated,1,16,5_percent,1,255840,252864,0,17680,164,163,57,0.9883677298311445,0.011632270168855485,1.0751751819851691
c12,translation_compensated,1,16,5_percent,2,255840,255305,0,20121,164,163,131,0.9979088492808005,0.0020911507191995193,1.0855542894074426
c12,translation_compensated,1,16,10_percent,0,255840,211900,0,0,136,42,1,0.8282520325203252,0.1717479674796748,1.0
c12,translation_compensated,1,16,10_percent,1,255840,246113,0,34213,163,143,17,0.9619801438398999,0.03801985616010006,1.1614582350165172
c12,translation_compensated,1,16,10_percent,2,255840,253176,0,41276,164,163,98,0.9895872420262665,0.010412757973733533,1.1947899952807928
c12,translation_compensated,1,32,any,0,63960,63891,0,0,164,164,147,0.9989212007504691,0.001078799249530915,1.0
c12,translation_compensated,1,32,any,1,63960,63960,0,69,164,164,164,1.0,0.0,1.0010799643142227
c12,translation_compensated,1,32,any,2,63960,63960,0,69,164,164,164,1.0,0.0,1.0010799643142227
c12,translation_compensated,1,32,1_percent,0,63960,63436,0,0,164,163,95,0.9918073796122576,0.008192620387742378,1.0
c12,translation_compensated,1,32,1_percent,1,63960,63949,0,513,164,164,163,0.9998280175109443,0.0001719824890556998,1.0080868907245097
c12,translation_compensated,1,32,1_percent,2,63960,63960,0,524,164,164,164,1.0,0.0,1.0082602938394603
c12,translation_compensated,1,32,5_percent,0,63960,60418,0,0,162,133,17,0.9446216385240775,0.055378361475922455,1.0
c12,translation_compensated,1,32,5_percent,1,63960,63667,0,3249,164,163,129,0.9954190118824265,0.004580988117573459,1.053775364957463
c12,translation_compensated,1,32,5_percent,2,63960,63930,0,3512,164,164,161,0.9995309568480301,0.00046904315196993895,1.058128372339369
c12,translation_compensated,1,32,10_percent,0,63960,55645,0,0,144,74,8,0.8699968730456535,0.13000312695434646,1.0
c12,translation_compensated,1,32,10_percent,1,63960,62960,0,7315,163,162,93,0.9843652282676673,0.015634771732332742,1.1314583520531944
c12,translation_compensated,1,32,10_percent,2,63960,63759,0,8114,163,163,141,0.9968574108818011,0.0031425891181988685,1.145817234252853
c12,translation_compensated,1,64,any,0,17056,17055,2132,0,164,164,163,0.9999413696060038,5.863039399622849e-05,1.0
c12,translation_compensated,1,64,any,1,17056,17056,2132,1,164,164,164,1.0,0.0,1.000058633831721
c12,translation_compensated,1,64,any,2,17056,17056,2132,1,164,164,164,1.0,0.0,1.000058633831721
c12,translation_compensated,1,64,1_percent,0,17056,16992,2132,0,164,163,143,0.9962476547842402,0.0037523452157598447,1.0
c12,translation_compensated,1,64,1_percent,1,17056,17056,2132,64,164,164,164,1.0,0.0,1.0037664783427496
c12,translation_compensated,1,64,1_percent,2,17056,17056,2132,64,164,164,164,1.0,0.0,1.0037664783427496
c12,translation_compensated,1,64,5_percent,0,17056,16560,2132,0,163,149,68,0.9709193245778611,0.02908067542213888,1.0
c12,translation_compensated,1,64,5_percent,1,17056,17042,2132,482,164,163,162,0.9991791744840526,0.0008208255159474209,1.0291062801932367
c12,translation_compensated,1,64,5_percent,2,17056,17056,2132,496,164,164,164,1.0,0.0,1.029951690821256
c12,translation_compensated,1,64,10_percent,0,17056,15690,2132,0,154,126,21,0.9199108818011257,0.08008911819887432,1.0
c12,translation_compensated,1,64,10_percent,1,17056,16973,2132,1283,163,163,145,0.9951336772983115,0.004866322701688519,1.0817718291905671
c12,translation_compensated,1,64,10_percent,2,17056,17026,2132,1336,163,163,163,0.9982410881801126,0.0017589118198874099,1.0851497769279796
c12,translation_compensated,2,8,any,0,1023360,797579,0,0,110,16,0,0.7793728502188868,0.2206271497811132,1.0
c12,translation_compensated,2,8,any,1,1023360,988420,0,190841,164,148,7,0.9658575672295184,0.03414243277048157,1.2392753570492703
c12,translation_compensated,2,8,any,2,1023360,1014841,0,217262,164,162,42,0.9916754612257661,0.008324538774233892,1.2724018561170742
c12,translation_compensated,2,8,1_percent,0,1023360,797579,0,0,110,16,0,0.7793728502188868,0.2206271497811132,1.0
c12,translation_compensated,2,8,1_percent,1,1023360,988420,0,190841,164,148,7,0.9658575672295184,0.03414243277048157,1.2392753570492703
c12,translation_compensated,2,8,1_percent,2,1023360,1014841,0,217262,164,162,42,0.9916754612257661,0.008324538774233892,1.2724018561170742
c12,translation_compensated,2,8,5_percent,0,1023360,596023,0,0,16,9,0,0.5824177220137586,0.41758227798624137,1.0
c12,translation_compensated,2,8,5_percent,1,1023360,855327,0,259304,139,48,1,0.8358026500938086,0.1641973499061914,1.4350570363895354
c12,translation_compensated,2,8,5_percent,2,1023360,944864,0,348841,154,129,9,0.9232958098811758,0.07670419011882423,1.5852811049238034
c12,translation_compensated,2,8,10_percent,0,1023360,491671,0,0,10,6,0,0.4804477407754847,0.5195522592245153,1.0
c12,translation_compensated,2,8,10_percent,1,1023360,748611,0,256940,81,13,0,0.7315226313320825,0.2684773686679175,1.5225852246725962
c12,translation_compensated,2,8,10_percent,2,1023360,864321,0,372650,138,59,6,0.8445913461538461,0.15540865384615388,1.7579255233682687
c12,translation_compensated,2,16,any,0,255840,236018,0,0,159,124,5,0.9225218886804253,0.07747811131957472,1.0
c12,translation_compensated,2,16,any,1,255840,254756,0,18738,164,164,92,0.9957629768605378,0.0042370231394621705,1.0793922497436637
c12,translation_compensated,2,16,any,2,255840,255763,0,19745,164,164,152,0.9996990306441526,0.0003009693558474469,1.083658873475752
c12,translation_compensated,2,16,1_percent,0,255840,216668,0,0,142,57,2,0.8468886804252658,0.15311131957473423,1.0
c12,translation_compensated,2,16,1_percent,1,255840,250260,0,33592,163,157,23,0.9781894934333959,0.021810506566604104,1.1550390459135635
c12,translation_compensated,2,16,1_percent,2,255840,255039,0,38371,164,163,118,0.9968691369606004,0.0031308630393995784,1.1770958332564108
c12,translation_compensated,2,16,5_percent,0,255840,166442,0,0,34,11,0,0.6505706691682301,0.34942933083176986,1.0
c12,translation_compensated,2,16,5_percent,1,255840,222661,0,56219,141,84,10,0.8703134771732333,0.12968652282676674,1.3377693130339698
c12,translation_compensated,2,16,5_percent,2,255840,242554,0,76112,159,142,16,0.948069105691057,0.05193089430894304,1.4572884247966258
c12,translation_compensated,2,16,10_percent,0,255840,132057,0,0,13,9,0,0.5161702626641651,0.4838297373358349,1.0
c12,translation_compensated,2,16,10_percent,1,255840,191559,0,59502,89,19,6,0.7487453095684803,0.2512546904315197,1.4505781594311546
c12,translation_compensated,2,16,10_percent,2,255840,220714,0,88657,138,79,10,0.8627032520325203,0.1372967479674797,1.6713540365145354
c12,translation_compensated,2,32,any,0,63960,62893,0,0,164,161,48,0.983317698561601,0.016682301438398994,1.0
c12,translation_compensated,2,32,any,1,63960,63952,0,1059,164,164,162,0.9998749218261413,0.0001250781738586504,1.0168381218895584
c12,translation_compensated,2,32,any,2,63960,63960,0,1067,164,164,164,1.0,0.0,1.0169653220549186
c12,translation_compensated,2,32,1_percent,0,63960,57135,0,0,146,101,6,0.8932926829268293,0.10670731707317072,1.0
c12,translation_compensated,2,32,1_percent,1,63960,63365,0,6230,163,162,110,0.990697310819262,0.009302689180737955,1.1090399929990373
c12,translation_compensated,2,32,1_percent,2,63960,63892,0,6757,164,163,156,0.9989368355222014,0.0010631644777986393,1.1182637612671742
c12,translation_compensated,2,32,5_percent,0,63960,44464,0,0,58,13,1,0.6951844903064415,0.30481550969355853,1.0
c12,translation_compensated,2,32,5_percent,1,63960,58314,0,13850,145,113,17,0.9117260787992495,0.0882739212007505,1.3114879453040662
c12,translation_compensated,2,32,5_percent,2,63960,62130,0,17666,163,144,80,0.9713883677298312,0.02861163227016883,1.3973101835192516
c12,translation_compensated,2,32,10_percent,0,63960,35393,0,0,16,9,1,0.5533614759224516,0.44663852407754845,1.0
c12,translation_compensated,2,32,10_percent,1,63960,51456,0,16063,107,45,10,0.8045028142589118,0.1954971857410882,1.4538468058655667
c12,translation_compensated,2,32,10_percent,2,63960,58150,0,22757,152,105,27,0.9091619762351469,0.09083802376485306,1.6429802503319866
c12,translation_compensated,2,64,any,0,17056,17031,2132,0,164,164,148,0.9985342401500938,0.0014657598499061564,1.0
c12,translation_compensated,2,64,any,1,17056,17056,2132,25,164,164,164,1.0,0.0,1.001467911455581
c12,translation_compensated,2,64,any,2,17056,17056,2132,25,164,164,164,1.0,0.0,1.001467911455581
c12,translation_compensated,2,64,1_percent,0,17056,16045,2132,0,157,137,27,0.9407246716697936,0.059275328330206434,1.0
c12,translation_compensated,2,64,1_percent,1,17056,17001,2132,956,164,163,151,0.9967753283302064,0.0032246716697935662,1.059582424431287
c12,translation_compensated,2,64,1_percent,2,17056,17053,2132,1008,164,164,163,0.9998241088180112,0.0001758911819887965,1.0628233094421937
c12,translation_compensated,2,64,5_percent,0,17056,12886,2132,0,98,27,10,0.7555112570356473,0.24448874296435275,1.0
c12,translation_compensated,2,64,5_percent,1,17056,16218,2132,3332,159,138,76,0.9508677298311444,0.049132270168855574,1.2585751978891822
c12,translation_compensated,2,64,5_percent,2,17056,16938,2132,4052,163,162,146,0.9930816135084428,0.0069183864915571824,1.3144497904702779
c12,translation_compensated,2,64,10_percent,0,17056,10180,2132,0,25,10,7,0.5968574108818011,0.4031425891181989,1.0
c12,translation_compensated,2,64,10_percent,1,17056,14713,2132,4533,136,66,26,0.8626289868667918,0.1373710131332082,1.4452848722986247
c12,translation_compensated,2,64,10_percent,2,17056,16369,2132,6189,162,139,76,0.9597209193245778,0.040279080675422185,1.6079567779960706
c12,translation_compensated,4,8,any,0,1023360,417154,0,0,5,0,0,0.4076317229518449,0.5923682770481551,1.0
c12,translation_compensated,4,8,any,1,1023360,693365,0,276211,45,12,0,0.6775377188868043,0.32246228111319575,1.6621319704473647
c12,translation_compensated,4,8,any,2,1023360,835906,0,418752,123,47,1,0.8168249687304565,0.1831750312695435,2.003830719590367
c12,translation_compensated,4,8,1_percent,0,1023360,417154,0,0,5,0,0,0.4076317229518449,0.5923682770481551,1.0
c12,translation_compensated,4,8,1_percent,1,1023360,693365,0,276211,45,12,0,0.6775377188868043,0.32246228111319575,1.6621319704473647
c12,translation_compensated,4,8,1_percent,2,1023360,835906,0,418752,123,47,1,0.8168249687304565,0.1831750312695435,2.003830719590367
c12,translation_compensated,4,8,5_percent,0,1023360,311606,0,0,0,0,0,0.3044930425265791,0.695506957473421,1.0
c12,translation_compensated,4,8,5_percent,1,1023360,485875,0,174269,8,3,0,0.47478404471544716,0.5252159552845528,1.5592607331052675
c12,translation_compensated,4,8,5_percent,2,1023360,608451,0,296845,16,5,0,0.594562030956848,0.405437969043152,1.952629281849515
c12,translation_compensated,4,8,10_percent,0,1023360,277770,0,0,0,0,0,0.2714294090056285,0.7285705909943715,1.0
c12,translation_compensated,4,8,10_percent,1,1023360,427991,0,150221,3,1,0,0.4182213492808005,0.5817786507191995,1.5408107427007955
c12,translation_compensated,4,8,10_percent,2,1023360,528958,0,251188,8,3,0,0.5168835991244528,0.4831164008755472,1.9043021204593729
c12,translation_compensated,4,16,any,0,255840,146100,0,0,16,5,0,0.5710600375234521,0.42893996247654786,1.0
c12,translation_compensated,4,16,any,1,255840,220534,0,74434,139,71,5,0.8619996873045653,0.13800031269543467,1.5094729637234772
c12,translation_compensated,4,16,any,2,255840,245131,0,99031,161,141,22,0.9581418073796123,0.0418581926203877,1.6778302532511977
c12,translation_compensated,4,16,1_percent,0,255840,117832,0,0,7,5,0,0.4605691056910569,0.5394308943089431,1.0
c12,translation_compensated,4,16,1_percent,1,255840,186114,0,68282,67,18,2,0.7274624765478424,0.27253752345215765,1.5794860479326498
c12,translation_compensated,4,16,1_percent,2,255840,223152,0,105320,140,77,6,0.8722326454033771,0.12776735459662292,1.8938149229411365
c12,translation_compensated,4,16,5_percent,0,255840,90315,0,0,3,0,0,0.35301360225140715,0.6469863977485928,1.0
c12,translation_compensated,4,16,5_percent,1,255840,136876,0,46561,8,5,0,0.5350062539086929,0.46499374609130706,1.5155400542545534
c12,translation_compensated,4,16,5_percent,2,255840,169380,0,79065,28,8,1,0.6620544090056285,0.3379455909943715,1.8754359740906825
c12,translation_compensated,4,16,10_percent,0,255840,79763,0,0,0,0,0,0.31176907442151347,0.6882309255784865,1.0
c12,translation_compensated,4,16,10_percent,1,255840,123098,0,43335,3,2,0,0.4811522826766729,0.518847717323327,1.5432970174140892
c12,translation_compensated,4,16,10_percent,2,255840,151345,0,71582,8,3,0,0.5915611319574734,0.4084388680425266,1.8974336471797701
c12,translation_compensated,4,32,any,0,63960,48715,0,0,98,27,1,0.7616479049405879,0.23835209505941213,1.0
c12,translation_compensated,4,32,any,1,63960,62496,0,13781,163,153,55,0.9771106941838649,0.02288930581613513,1.2828902802011701
c12,translation_compensated,4,32,any,2,63960,63787,0,15072,164,163,141,0.9972951844903064,0.002704815509693592,1.3093913578979781
c12,translation_compensated,4,32,1_percent,0,63960,33255,0,0,11,5,0,0.5199343339587242,0.48006566604127576,1.0
c12,translation_compensated,4,32,1_percent,1,63960,51078,0,17823,107,37,5,0.79859287054409,0.20140712945591,1.5359494812810104
c12,translation_compensated,4,32,1_percent,2,63960,59281,0,26026,161,116,20,0.9268449030644152,0.07315509693558475,1.7826191550142836
c12,translation_compensated,4,32,5_percent,0,63960,26139,0,0,3,1,0,0.40867729831144467,0.5913227016885554,1.0
c12,translation_compensated,4,32,5_percent,1,63960,40369,0,14230,9,6,1,0.6311601000625391,0.3688398999374609,1.5443972607980412
c12,translation_compensated,4,32,5_percent,2,63960,48618,0,22479,93,12,5,0.7601313320825516,0.23986866791744843,1.8599793412142775
c12,translation_compensated,4,32,10_percent,0,63960,23127,0,0,0,0,0,0.3615853658536585,0.6384146341463415,1.0
c12,translation_compensated,4,32,10_percent,1,63960,37859,0,14732,7,3,0,0.591916823014384,0.408083176985616,1.6370043671898646
c12,translation_compensated,4,32,10_percent,2,63960,46042,0,22915,59,8,2,0.7198561601000626,0.2801438398999374,1.9908332252345744
c12,translation_compensated,4,64,any,0,17056,15672,2132,0,153,122,16,0.9188555347091932,0.08114446529080677,1.0
c12,translation_compensated,4,64,any,1,17056,17026,2132,1354,164,164,153,0.9982410881801126,0.0017589118198874099,1.0863961204696273
c12,translation_compensated,4,64,any,2,17056,17056,2132,1384,164,164,164,1.0,0.0,1.0883103624298112
c12,translation_compensated,4,64,1_percent,0,17056,9920,2132,0,16,7,3,0.5816135084427767,0.4183864915572233,1.0
c12,translation_compensated,4,64,1_percent,1,17056,14554,2132,4634,151,55,20,0.8533067542213884,0.14669324577861165,1.4671370967741935
c12,translation_compensated,4,64,1_percent,2,17056,16447,2132,6527,162,144,75,0.9642940900562852,0.03570590994371481,1.6579637096774194
c12,translation_compensated,4,64,5_percent,0,17056,7948,2132,0,4,3,0,0.4659943714821764,0.5340056285178236,1.0
c12,translation_compensated,4,64,5_percent,1,17056,12448,2132,4500,60,8,4,0.7298311444652908,0.27016885553470915,1.5661801711122294
c12,translation_compensated,4,64,5_percent,2,17056,15189,2132,7241,161,83,11,0.8905370544090057,0.10946294559099434,1.9110468042274786
c12,translation_compensated,4,64,10_percent,0,17056,6911,2132,0,3,0,0,0.40519465290806755,0.5948053470919324,1.0
c12,translation_compensated,4,64,10_percent,1,17056,11827,2132,4916,39,4,3,0.693421669793621,0.30657833020637903,1.711329764144118
c12,translation_compensated,4,64,10_percent,2,17056,14736,2132,7825,157,58,6,0.8639774859287055,0.1360225140712945,2.1322529301114166
c12,translation_compensated,8,8,any,0,1023360,248997,0,0,0,0,0,0.24331320356472796,0.756686796435272,1.0
c12,translation_compensated,8,8,any,1,1023360,398423,0,149426,0,0,0,0.38932829111944967,0.6106717088805503,1.6001116479315012
c12,translation_compensated,8,8,any,2,1023360,511604,0,262607,0,0,0,0.49992573483427144,0.5000742651657286,2.0546592930838523
c12,translation_compensated,8,8,1_percent,0,1023360,248997,0,0,0,0,0,0.24331320356472796,0.756686796435272,1.0
c12,translation_compensated,8,8,1_percent,1,1023360,398423,0,149426,0,0,0,0.38932829111944967,0.6106717088805503,1.6001116479315012
c12,translation_compensated,8,8,1_percent,2,1023360,511604,0,262607,0,0,0,0.49992573483427144,0.5000742651657286,2.0546592930838523
c12,translation_compensated,8,8,5_percent,0,1023360,215768,0,0,0,0,0,0.21084271419637274,0.7891572858036273,1.0
c12,translation_compensated,8,8,5_percent,1,1023360,348376,0,132608,0,0,0,0.3404237023139462,0.6595762976860537,1.6145860368543992
c12,translation_compensated,8,8,5_percent,2,1023360,440538,0,224770,0,0,0,0.43048194183864913,0.5695180581613508,2.0417207370879833
c12,translation_compensated,8,8,10_percent,0,1023360,197014,0,0,0,0,0,0.19251680737961227,0.8074831926203877,1.0
c12,translation_compensated,8,8,10_percent,1,1023360,328499,0,131485,0,0,0,0.32100042995622263,0.6789995700437774,1.6673891195549555
c12,translation_compensated,8,8,10_percent,2,1023360,414698,0,217684,0,0,0,0.4052317854909318,0.5947682145090682,2.1049164018800695
c12,translation_compensated,8,16,any,0,255840,83953,0,0,0,0,0,0.328146497811132,0.6718535021888681,1.0
c12,translation_compensated,8,16,any,1,255840,141048,0,57095,1,0,0,0.551313320825516,0.448686679174484,1.6800829035293556
c12,translation_compensated,8,16,any,2,255840,182970,0,99017,53,6,0,0.7151735459662288,0.28482645403377116,2.1794337307779355
c12,translation_compensated,8,16,1_percent,0,255840,77118,0,0,0,0,0,0.30143058161350844,0.6985694183864916,1.0
c12,translation_compensated,8,16,1_percent,1,255840,126328,0,49210,0,0,0,0.4937773608505316,0.5062226391494684,1.6381130216032573
c12,translation_compensated,8,16,1_percent,2,255840,163590,0,86472,4,0,0,0.6394230769230769,0.36057692307692313,2.1212946393838013
c12,translation_compensated,8,16,5_percent,0,255840,67075,0,0,0,0,0,0.2621755784865541,0.737824421513446,1.0
c12,translation_compensated,8,16,5_percent,1,255840,109739,0,42664,0,0,0,0.42893605378361477,0.5710639462163852,1.636064107342527
c12,translation_compensated,8,16,5_percent,2,255840,139173,0,72098,0,0,0,0.543984521575985,0.456015478424015,2.074886321282147
c12,translation_compensated,8,16,10_percent,0,255840,59421,0,0,0,0,0,0.23225844277673546,0.7677415572232645,1.0
c12,translation_compensated,8,16,10_percent,1,255840,102200,0,42779,0,0,0,0.3994684177611007,0.6005315822388992,1.719930664243281
c12,translation_compensated,8,16,10_percent,2,255840,131414,0,71993,0,0,0,0.5136569731081926,0.4863430268918074,2.211575032395954
c12,translation_compensated,8,32,any,0,63960,28951,0,0,0,0,0,0.4526422764227642,0.5473577235772358,1.0
c12,translation_compensated,8,32,any,1,63960,49890,0,20939,102,20,0,0.7800187617260788,0.21998123827392124,1.723256536907188
c12,translation_compensated,8,32,any,2,63960,59282,0,30331,160,127,5,0.9268605378361476,0.07313946216385236,2.047666747262616
c12,translation_compensated,8,32,1_percent,0,63960,23957,0,0,0,0,0,0.37456222639149467,0.6254377736085053,1.0
c12,translation_compensated,8,32,1_percent,1,63960,39246,0,15289,0,0,0,0.6136022514071294,0.38639774859287057,1.6381850816045416
c12,translation_compensated,8,32,1_percent,2,63960,48796,0,24839,110,1,0,0.7629143214509068,0.23708567854909324,2.0368159619317945
c12,translation_compensated,8,32,5_percent,0,63960,20548,0,0,0,0,0,0.3212632895559725,0.6787367104440275,1.0
c12,translation_compensated,8,32,5_percent,1,63960,35403,0,14855,0,0,0,0.5535178236397749,0.44648217636022514,1.7229414054895853
c12,translation_compensated,8,32,5_percent,2,63960,43880,0,23332,40,0,0,0.6860537836147592,0.3139462163852408,2.13548763869963
c12,translation_compensated,8,32,10_percent,0,63960,17591,0,0,0,0,0,0.2750312695434647,0.7249687304565353,1.0
c12,translation_compensated,8,32,10_percent,1,63960,32712,0,15121,0,0,0,0.5114446529080675,0.4885553470919325,1.859587288954579
c12,translation_compensated,8,32,10_percent,2,63960,41969,0,24378,24,0,0,0.6561757348342714,0.3438242651657286,2.3858222954920127
c12,translation_compensated,8,64,any,0,17056,10434,2132,0,12,0,0,0.611749530956848,0.38825046904315197,1.0
c12,translation_compensated,8,64,any,1,17056,15933,2132,5499,163,133,10,0.9341580675422139,0.06584193245778613,1.527027027027027
c12,translation_compensated,8,64,any,2,17056,17010,2132,6576,164,164,148,0.9973030018761726,0.002696998123827399,1.6302472685451408
c12,translation_compensated,8,64,1_percent,0,17056,7646,2132,0,0,0,0,0.4482879924953096,0.5517120075046904,1.0
c12,translation_compensated,8,64,1_percent,1,17056,12135,2132,4489,53,0,0,0.7114798311444653,0.28852016885553466,1.5871043682971488
c12,translation_compensated,8,64,1_percent,2,17056,15041,2132,7395,159,73,6,0.881859756097561,0.11814024390243905,1.9671723777138372
c12,translation_compensated,8,64,5_percent,0,17056,6358,2132,0,0,0,0,0.3727720450281426,0.6272279549718573,1.0
c12,translation_compensated,8,64,5_percent,1,17056,11288,2132,4930,25,0,0,0.6618198874296435,0.3381801125703565,1.7754010695187166
c12,translation_compensated,8,64,5_percent,2,17056,14366,2132,8008,152,44,0,0.8422842401500938,0.15771575984990616,2.2595155709342563
c12,translation_compensated,8,64,10_percent,0,17056,5233,2132,0,0,0,0,0.306812851782364,0.6931871482176359,1.0
c12,translation_compensated,8,64,10_percent,1,17056,10297,2132,5064,8,0,0,0.6037171669793621,0.39628283302063794,1.9677049493598318
c12,translation_compensated,8,64,10_percent,2,17056,13573,2132,8340,131,27,0,0.7957903377110694,0.20420966228893056,2.5937320848461685
c12,translation_compensated,16,8,any,0,1023360,178716,0,0,0,0,0,0.17463649155722327,0.8253635084427767,1.0
c12,translation_compensated,16,8,any,1,1023360,302526,0,123810,0,0,0,0.2956203095684803,0.7043796904315197,1.6927751292553548
c12,translation_compensated,16,8,any,2,1023360,390970,0,212254,0,0,0,0.38204541901188244,0.6179545809881175,2.1876608697598425
c12,translation_compensated,16,8,1_percent,0,1023360,178716,0,0,0,0,0,0.17463649155722327,0.8253635084427767,1.0
c12,translation_compensated,16,8,1_percent,1,1023360,302526,0,123810,0,0,0,0.2956203095684803,0.7043796904315197,1.6927751292553548
c12,translation_compensated,16,8,1_percent,2,1023360,390970,0,212254,0,0,0,0.38204541901188244,0.6179545809881175,2.1876608697598425
c12,translation_compensated,16,8,5_percent,0,1023360,155250,0,0,0,0,0,0.1517061444652908,0.8482938555347093,1.0
c12,translation_compensated,16,8,5_percent,1,1023360,277295,0,122045,0,0,0,0.2709652517198249,0.7290347482801751,1.7861191626409019
c12,translation_compensated,16,8,5_percent,2,1023360,360870,0,205620,0,0,0,0.3526325046904315,0.6473674953095685,2.3244444444444445
c12,translation_compensated,16,8,10_percent,0,1023360,138223,0,0,0,0,0,0.135067815822389,0.864932184177611,1.0
c12,translation_compensated,16,8,10_percent,1,1023360,261844,0,123621,0,0,0,0.25586694809255783,0.7441330519074422,1.8943591153425985
c12,translation_compensated,16,8,10_percent,2,1023360,343686,0,205463,0,0,0,0.3358407598499062,0.6641592401500938,2.4864602851913213
c12,translation_compensated,16,16,any,0,255840,62988,0,0,0,0,0,0.24620075046904316,0.7537992495309569,1.0
c12,translation_compensated,16,16,any,1,255840,108246,0,45258,0,0,0,0.4231003752345216,0.5768996247654784,1.718517812916746
c12,translation_compensated,16,16,any,2,255840,142448,0,79460,0,0,0,0.5567854909318324,0.4432145090681676,2.261510128913444
c12,translation_compensated,16,16,1_percent,0,255840,59245,0,0,0,0,0,0.23157051282051283,0.7684294871794872,1.0
c12,translation_compensated,16,16,1_percent,1,255840,102695,0,43450,0,0,0,0.40140322076297685,0.5985967792370231,1.7333952232255887
c12,translation_compensated,16,16,1_percent,2,255840,134888,0,75643,0,0,0,0.5272357723577236,0.47276422764227644,2.2767828508734915
c12,translation_compensated,16,16,5_percent,0,255840,51191,0,0,0,0,0,0.2000898999374609,0.799910100062539,1.0
c12,translation_compensated,16,16,5_percent,1,255840,92741,0,41550,0,0,0,0.3624960913070669,0.637503908692933,1.8116661131839582
c12,translation_compensated,16,16,5_percent,2,255840,123381,0,72190,0,0,0,0.48225844277673546,0.5177415572232645,2.410208825770155
c12,translation_compensated,16,16,10_percent,0,255840,43114,0,0,0,0,0,0.16851938711694808,0.8314806128830519,1.0
c12,translation_compensated,16,16,10_percent,1,255840,83953,0,40839,0,0,0,0.328146497811132,0.6718535021888681,1.947232917381825
c12,translation_compensated,16,16,10_percent,2,255840,114994,0,71880,0,0,0,0.44947623514696683,0.5505237648530332,2.6672078675140325
c12,translation_compensated,16,32,any,0,63960,22286,0,0,0,0,0,0.34843652282676674,0.6515634771732333,1.0
c12,translation_compensated,16,32,any,1,63960,39380,0,17094,7,0,0,0.615697310819262,0.38430268918073796,1.7670286278381047
c12,translation_compensated,16,32,any,2,63960,49488,0,27202,96,12,0,0.773733583489681,0.22626641651031898,2.2205869155523645
c12,translation_compensated,16,32,1_percent,0,63960,19612,0,0,0,0,0,0.30662914321450907,0.6933708567854909,1.0
c12,translation_compensated,16,32,1_percent,1,63960,34719,0,15107,0,0,0,0.5428236397748593,0.45717636022514074,1.77029369773608
c12,translation_compensated,16,32,1_percent,2,63960,43150,0,23538,37,0,0,0.6746404002501564,0.32535959974984363,2.20018356108505
c12,translation_compensated,16,32,5_percent,0,63960,16035,0,0,0,0,0,0.25070356472795496,0.749296435272045,1.0
c12,translation_compensated,16,32,5_percent,1,63960,31332,0,15297,0,0,0,0.48986866791744843,0.5101313320825516,1.9539756782039288
c12,translation_compensated,16,32,5_percent,2,63960,40719,0,24684,19,0,0,0.6366322701688555,0.3633677298311445,2.539382600561272
c12,translation_compensated,16,32,10_percent,0,63960,12392,0,0,0,0,0,0.1937460913070669,0.8062539086929331,1.0
c12,translation_compensated,16,32,10_percent,1,63960,26432,0,14040,0,0,0,0.41325828642901813,0.5867417135709818,2.132989025177534
c12,translation_compensated,16,32,10_percent,2,63960,36409,0,24017,8,0,0,0.5692464040025016,0.4307535959974984,2.9381052291801164
c12,translation_compensated,16,64,any,0,17056,8021,2132,0,0,0,0,0.47027439024390244,0.5297256097560976,1.0
c12,translation_compensated,16,64,any,1,17056,13608,2132,5587,118,24,0,0.7978424015009381,0.2021575984990619,1.6965465652661762
c12,translation_compensated,16,64,any,2,17056,16076,2132,8055,160,135,42,0.9425422138836773,0.057457786116322684,2.004238872958484
c12,translation_compensated,16,64,1_percent,0,17056,6667,2132,0,0,0,0,0.39088883677298314,0.6091111632270169,1.0
c12,translation_compensated,16,64,1_percent,1,17056,11440,2132,4773,32,0,0,0.6707317073170732,0.3292682926829268,1.7159142042897855
c12,translation_compensated,16,64,1_percent,2,17056,14464,2132,7797,151,40,0,0.8480300187617261,0.15196998123827388,2.169491525423729
c12,translation_compensated,16,64,5_percent,0,17056,4874,2132,0,0,0,0,0.2857645403377111,0.7142354596622889,1.0
c12,translation_compensated,16,64,5_percent,1,17056,9985,2132,5111,5,0,0,0.5854244840525328,0.4145755159474672,2.04862535904801
c12,translation_compensated,16,64,5_percent,2,17056,13367,2132,8493,119,12,0,0.7837124765478424,0.21628752345215763,2.742511284366024
c12,translation_compensated,16,64,10_percent,0,17056,3540,2132,0,0,0,0,0.2075515947467167,0.7924484052532833,1.0
c12,translation_compensated,16,64,10_percent,1,17056,7982,2132,4442,0,0,0,0.4679878048780488,0.5320121951219512,2.2548022598870054
c12,translation_compensated,16,64,10_percent,2,17056,11363,2132,7823,62,4,0,0.6662171669793621,0.33378283302063794,3.2098870056497173
